오후 2:00:47: Executing ':com.exercisemanagement.challenge.service.ImproveCpuUtilizationProbe.main()'…

> Task :compileJava UP-TO-DATE
> Task :processResources UP-TO-DATE
> Task :classes UP-TO-DATE
> Task :compileTestJava UP-TO-DATE
> Task :processTestResources NO-SOURCE
> Task :testClasses UP-TO-DATE

> Task :com.exercisemanagement.challenge.service.ImproveCpuUtilizationProbe.main()
[0.430s][info][jfr,startup] Started recording 1.
[0.430s][info][jfr,startup] 
[0.430s][info][jfr,startup] Use jcmd 3224 JFR.dump name=1 to copy recording data to file.
[0.478s][info][jfr,startup] Started recording 2.
[0.478s][info][jfr,startup] 
[0.478s][info][jfr,startup] Use jcmd 3224 JFR.dump name=2 to copy recording data to file.
=== improve() CPU 점유 측정판 (분할 개수 스윕 · 병렬도 6·12 고정 · CPU 시간을 쓴 스레드별로 나눠 측정 · 진단용) ===
availableProcessors()=12 (논리). 이 기계: 물리 6 / 논리 12. 풀 병렬도를 6과 12 두 점으로 고정하고, 각각에서 목표 분할 개수를 스윕한다.
PID=3224 — 보조 관찰: 실행 중 별도 창에서 [jcmd 3224 Thread.print] 1회 실행하면 JVM 내부 스레드 목록을 볼 수 있다
프로세스 CPU 타이머: 지원
스레드별 할당 바이트 계측: 지원(켬)
고정 입력: 정원 10 · 시드 42 · 허용폭 10% · 시작=greedy   |   워밍업 100 · 측정 5회 평균
측정 N: 200 
스윕 병렬도: 6 
스윕 목표 분할 개수: 36 
(워커별 장부는 엔진 improve()의 pool.shutdown()이 주석 상태여야 채워진다 — 현재 주석 상태)

[상세 로그 · 임시] IMPLOG 줄 형식 — 측정 5회에서만 기록(워밍업·워커 장부 실행·순차는 제외), 파이썬 파싱용 쉼표 구분
  IMPLOG,leaf,스레드,병렬도,분할,회차,스캔,복사ns,4중루프ns,sumDev횟수,sumDevns,distDev횟수,distDevns,시작시각ms
  IMPLOG,scan,main,병렬도,분할,회차,스캔,바퀴ns,시작시각ms
  IMPLOG,run,구현,병렬도,분할,회차,elapsedNs,procCPUns,mainCPUns,workerCPUns,기타자바ns,자바아닌ns,GCms,main할당B,워커할당B,기타할당B
  · run = 측정 회차별 원값(순차 포함, 순차는 병렬도·분할이 0). busyCore와 speedup은 파생값이라 로그에 없고 엑셀 변환이 계산한다
  · main할당B·워커할당B·기타할당B = 그 회차에 main과 워커와 기타 Java 스레드가 각각 새로 만든 객체의 누적 바이트 증가분. 셋을 더하면 호출 1회의 총 할당량이다
  · 시작시각ms = 그 구간이 시작된 시각(System.currentTimeMillis, epoch ms). typeperf 클럭 CSV의 시각 열과 매핑용
  · 시간은 전부 ns. sumDev횟수는 [계측] 줄의 평가 횟수와, distDev횟수는 통과 횟수와 같아야 한다(교차 검산용)
  · 두 메소드의 순회 크기는 실행 내내 상수라(N=200 기준 sumDev 200명, distDev 400명 분량) 레코드에 넣지 않는다
  · 이 로그가 있는 실행은 평가마다 nanoTime이 추가되어(약 1~2%) 절대값을 기존 스윕 결과와 직접 비교하지 않는다

[열 설명]
  팀당 인원 : 팀 하나에 배정한 인원 수(정원). 이번 측정은 10으로 고정
  작업 분할 개수 : 이 설정에서 실제로 만들어지는 말단 작업 수. 목표 분할 개수와 같아야 한다 (순차 행은 '-')
  스레드   : 풀 병렬도 (순차 행은 '-')
  elapsed  : 메소드 전체 수행 시간(평균, ns)
  procCPU  : 프로세스 전체 CPU 시간(평균, ns) = 코어들이 일한 시간의 총합
  busyCore : 평균 바쁜 코어 수 = procCPU ÷ elapsed (상한 논리 12 / 물리 6)
  mainCPU  : main 스레드 CPU 시간(ns)
  workerCPU: ForkJoinPool 워커 스레드 CPU 합(ns) — 이번 호출 구간의 증가분
  기타 자바 스레드 : main·워커 외 Java 스레드 CPU 합(ns) - 출처 : getThreadInfo() 
  자바 아닌 스레드 : procCPU에서 Java 스레드 CPU 합(main + 워커 + 기타 자바 스레드)을 뺀 나머지(ns).
                     ThreadMXBean이 id를 주지 않아 스레드별로 잴 수 없는 몫이다.
                     GC 작업 스레드·JIT 컴파일러 스레드·VM Thread 등이 들어가고, 측정에서 빠진 몫도 섞인다.
  GC       : GC 수집 시간 증가분(ms, 실제 흐른 시간 근사). '자바 아닌 스레드' 값을 설명할 후보
  speedup  : 순차 elapsed ÷ 병렬 elapsed (순차 행은 '-')

 N(명) |  팀당 인원(명) | 구현 |  스레드(개) |  작업 분할 개수(개) | elapsed(ns) | speedup(배) |  procCPU(ns) | busyCore(개) | mainCPU(ns) | workerCPU(ns) |       기타 자바 스레드(ns) |       자바 아닌 스레드(ns) | GC(ms)
　-----+-　　　　　-----+-　　-+-　　　　----+-　　　　　　　------+-------------+-　----------+--------------+-　-----------+-------------+---------------+-　　　　　　　-------------+-　　　　　　　-------------+-------
[구간 시각 · 임시] 14:00:48.992000800 시작 · 순차 (N=200)
[구간 시각 · 임시] 14:00:55.412499100 끝 · 순차 (N=200)
　 200 | 　　　　　  10 | 순차 | 　　　　  - | 　　　　　　　    - |    58322180 | 　        - |     68750000 | 　      1.18 |    56250000 |             0 | 　　　　　　　     3125000 | 　　　　　　　     6250000 |      0
IMPLOG,run,순차,0,0,1,58085200,62500000,46875000,0,0,0,0,199712,0,0
IMPLOG,run,순차,0,0,2,59442900,93750000,62500000,0,0,31250000,0,12120,0,0
IMPLOG,run,순차,0,0,3,57041300,62500000,62500000,0,0,0,0,12120,0,0
IMPLOG,run,순차,0,0,4,56090700,46875000,46875000,0,0,0,0,12120,0,0
IMPLOG,run,순차,0,0,5,60950800,78125000,62500000,0,15625000,0,0,12120,0,64
[구간 시각 · 임시] 14:00:55.413499500 시작 · 병렬도 6 분할 36
　 200 | 　　　　　  10 | 병렬 | 　　　　  6 | 　　　　　　　   36 |    32059240 | 　     1.82 |    178125000 | 　      5.56 |           0 |     175000000 | 　　　　　　　           0 | 　　　　　　　           0 |      0
   [계측] 평가 855000회 · 통과 352485회 · 복사 합 2913140ns · 평가 반복문 합 144236900ns · 평가(단말 작업) 1회당 평균 워커 CPU 205ns
   [할당] 호출 1회당 총 4318480바이트 (main 341235 · 워커 3977245 · 기타 0) · 평가 1회당 5.1바이트
IMPLOG,run,병렬,6,36,1,31032400,187500000,0,171875000,0,15625000,0,335032,3978848,0
IMPLOG,run,병렬,6,36,2,31869000,187500000,0,187500000,0,0,0,338216,3975560,0
IMPLOG,run,병렬,6,36,3,32819800,156250000,0,156250000,0,0,0,341040,3977600,0
IMPLOG,run,병렬,6,36,4,32480000,187500000,0,187500000,0,-15625000,0,344312,3978368,0
IMPLOG,run,병렬,6,36,5,32095000,171875000,0,171875000,0,0,0,347576,3975848,0
IMPLOG,leaf,ForkJoinPool-101-worker-1,6,36,1,1,1300,82700,600,27100,258,20700,1786683659569
IMPLOG,leaf,ForkJoinPool-101-worker-1,6,36,1,1,500,74100,600,23600,265,18700,1786683659569
IMPLOG,leaf,ForkJoinPool-101-worker-1,6,36,1,1,500,60700,500,19000,221,16000,1786683659569
IMPLOG,leaf,ForkJoinPool-101-worker-1,6,36,1,1,400,70900,500,23300,224,17300,1786683659569
IMPLOG,leaf,ForkJoinPool-101-worker-1,6,36,1,1,800,70000,500,22000,215,16700,1786683659569
IMPLOG,leaf,ForkJoinPool-101-worker-1,6,36,1,1,800,102800,600,33500,268,23800,1786683659569
IMPLOG,leaf,ForkJoinPool-101-worker-2,6,36,1,1,1200,105000,600,35500,263,24000,1786683659569
IMPLOG,leaf,ForkJoinPool-101-worker-1,6,36,1,1,500,83200,500,27400,220,18900,1786683659569
IMPLOG,leaf,ForkJoinPool-101-worker-4,6,36,1,1,900,77800,500,26700,217,17100,1786683659569
IMPLOG,leaf,ForkJoinPool-101-worker-2,6,36,1,1,900,107100,600,36300,267,24200,1786683659569
IMPLOG,leaf,ForkJoinPool-101-worker-4,6,36,1,1,800,66500,500,20600,225,17500,1786683659569
IMPLOG,leaf,ForkJoinPool-101-worker-3,6,36,1,1,1300,105500,600,34000,258,22500,1786683659569
IMPLOG,leaf,ForkJoinPool-101-worker-2,6,36,1,1,1000,87300,500,30500,217,18000,1786683659569
IMPLOG,leaf,ForkJoinPool-101-worker-4,6,36,1,1,600,64900,500,20600,217,16200,1786683659569
IMPLOG,leaf,ForkJoinPool-101-worker-3,6,36,1,1,900,106800,600,39000,265,23800,1786683659569
IMPLOG,leaf,ForkJoinPool-101-worker-1,6,36,1,1,1100,88800,500,31800,214,20000,1786683659569
IMPLOG,leaf,ForkJoinPool-101-worker-5,6,36,1,1,1100,87900,500,28200,221,20600,1786683659569
IMPLOG,leaf,ForkJoinPool-101-worker-2,6,36,1,1,800,90900,500,30700,220,18900,1786683659569
IMPLOG,leaf,ForkJoinPool-101-worker-4,6,36,1,1,600,60600,500,20100,222,16300,1786683659569
IMPLOG,leaf,ForkJoinPool-101-worker-6,6,36,1,1,1200,66700,500,22400,220,17600,1786683659569
IMPLOG,leaf,ForkJoinPool-101-worker-4,6,36,1,1,500,60200,500,21200,220,16200,1786683659569
IMPLOG,leaf,ForkJoinPool-101-worker-3,6,36,1,1,800,90200,500,31900,216,20700,1786683659569
IMPLOG,leaf,ForkJoinPool-101-worker-2,6,36,1,1,1000,88600,500,30300,223,19200,1786683659569
IMPLOG,leaf,ForkJoinPool-101-worker-1,6,36,1,1,900,110700,600,37600,260,26200,1786683659569
IMPLOG,leaf,ForkJoinPool-101-worker-6,6,36,1,1,500,61300,500,19000,220,17100,1786683659569
IMPLOG,leaf,ForkJoinPool-101-worker-4,6,36,1,1,500,91300,500,32000,213,20600,1786683659569
IMPLOG,leaf,ForkJoinPool-101-worker-3,6,36,1,1,800,101200,500,32900,218,30000,1786683659569
IMPLOG,leaf,ForkJoinPool-101-worker-2,6,36,1,1,900,90900,500,29700,216,19500,1786683659569
IMPLOG,leaf,ForkJoinPool-101-worker-5,6,36,1,1,1000,111900,600,40400,258,26800,1786683659569
IMPLOG,leaf,ForkJoinPool-101-worker-6,6,36,1,1,400,59600,500,18500,209,15600,1786683659570
IMPLOG,leaf,ForkJoinPool-101-worker-1,6,36,1,1,800,107900,600,38200,257,24100,1786683659569
IMPLOG,leaf,ForkJoinPool-101-worker-4,6,36,1,1,800,92500,500,33300,220,22000,1786683659570
IMPLOG,leaf,ForkJoinPool-101-worker-6,6,36,1,1,500,62000,500,21000,221,15500,1786683659570
IMPLOG,leaf,ForkJoinPool-101-worker-3,6,36,1,1,800,74100,500,24700,204,17300,1786683659570
IMPLOG,leaf,ForkJoinPool-101-worker-5,6,36,1,1,800,85400,500,29100,223,20500,1786683659570
IMPLOG,leaf,ForkJoinPool-101-worker-2,6,36,1,1,900,92000,500,30400,226,20700,1786683659570
IMPLOG,scan,main,6,36,1,1,1747800,1786683659568
IMPLOG,leaf,ForkJoinPool-101-worker-1,6,36,1,2,1000,106400,600,37100,258,22500,1786683659570
IMPLOG,leaf,ForkJoinPool-101-worker-2,6,36,1,2,1000,111700,600,41000,262,26900,1786683659570
IMPLOG,leaf,ForkJoinPool-101-worker-4,6,36,1,2,1200,124100,600,45700,259,25000,1786683659570
IMPLOG,leaf,ForkJoinPool-101-worker-6,6,36,1,2,1700,78700,600,23300,268,20200,1786683659570
IMPLOG,leaf,ForkJoinPool-101-worker-3,6,36,1,2,19100,95100,500,33800,216,19300,1786683659570
IMPLOG,leaf,ForkJoinPool-101-worker-5,6,36,1,2,1200,130200,600,36500,260,30200,1786683659570
IMPLOG,leaf,ForkJoinPool-101-worker-6,6,36,1,2,500,58300,500,18900,221,15000,1786683659570
IMPLOG,leaf,ForkJoinPool-101-worker-1,6,36,1,2,800,110100,600,37900,265,23500,1786683659570
IMPLOG,leaf,ForkJoinPool-101-worker-2,6,36,1,2,700,107500,600,38900,267,25700,1786683659570
IMPLOG,leaf,ForkJoinPool-101-worker-3,6,36,1,2,700,87300,500,31000,216,19100,1786683659570
IMPLOG,leaf,ForkJoinPool-101-worker-4,6,36,1,2,900,107200,600,37800,257,23400,1786683659570
IMPLOG,leaf,ForkJoinPool-101-worker-5,6,36,1,2,800,104500,600,37300,265,22800,1786683659570
IMPLOG,leaf,ForkJoinPool-101-worker-6,6,36,1,2,500,57500,500,19000,214,14100,1786683659570
IMPLOG,leaf,ForkJoinPool-101-worker-1,6,36,1,2,700,88700,500,31400,221,20300,1786683659570
IMPLOG,leaf,ForkJoinPool-101-worker-3,6,36,1,2,800,89100,500,30700,216,21400,1786683659570
IMPLOG,leaf,ForkJoinPool-101-worker-6,6,36,1,2,500,58600,500,17800,217,14800,1786683659570
IMPLOG,leaf,ForkJoinPool-101-worker-2,6,36,1,2,700,97300,500,36100,217,22600,1786683659570
IMPLOG,leaf,ForkJoinPool-101-worker-4,6,36,1,2,900,89900,500,31400,218,20100,1786683659570
IMPLOG,leaf,ForkJoinPool-101-worker-5,6,36,1,2,700,87600,500,30900,216,20800,1786683659570
IMPLOG,leaf,ForkJoinPool-101-worker-6,6,36,1,2,400,59500,500,20400,216,14300,1786683659570
IMPLOG,leaf,ForkJoinPool-101-worker-3,6,36,1,2,700,87600,500,33500,207,20000,1786683659570
IMPLOG,leaf,ForkJoinPool-101-worker-1,6,36,1,2,2000,100700,500,37700,224,23300,1786683659570
IMPLOG,leaf,ForkJoinPool-101-worker-2,6,36,1,2,2100,92400,500,33000,219,21500,1786683659570
IMPLOG,leaf,ForkJoinPool-101-worker-4,6,36,1,2,900,90100,500,30600,219,19000,1786683659570
IMPLOG,leaf,ForkJoinPool-101-worker-5,6,36,1,2,800,89100,500,32300,221,19700,1786683659570
IMPLOG,leaf,ForkJoinPool-101-worker-6,6,36,1,2,700,62000,500,21800,209,15600,1786683659570
IMPLOG,leaf,ForkJoinPool-101-worker-3,6,36,1,2,800,89500,500,31800,225,20400,1786683659570
IMPLOG,leaf,ForkJoinPool-101-worker-1,6,36,1,2,800,105800,600,38000,258,25300,1786683659570
IMPLOG,leaf,ForkJoinPool-101-worker-2,6,36,1,2,800,97900,500,33000,223,21200,1786683659570
IMPLOG,leaf,ForkJoinPool-101-worker-5,6,36,1,2,800,88300,500,32000,219,20700,1786683659570
IMPLOG,leaf,ForkJoinPool-101-worker-6,6,36,1,2,700,87900,500,30700,221,20200,1786683659570
IMPLOG,leaf,ForkJoinPool-101-worker-4,6,36,1,2,1100,89400,500,32400,226,20900,1786683659570
IMPLOG,leaf,ForkJoinPool-101-worker-3,6,36,1,2,800,88300,500,31900,217,19400,1786683659570
IMPLOG,leaf,ForkJoinPool-101-worker-1,6,36,1,2,800,89600,500,33100,223,20900,1786683659570
IMPLOG,leaf,ForkJoinPool-101-worker-2,6,36,1,2,800,88300,500,31600,221,20000,1786683659570
IMPLOG,leaf,ForkJoinPool-101-worker-5,6,36,1,2,800,85300,500,29200,220,20300,1786683659570
IMPLOG,scan,main,6,36,1,2,670100,1786683659570
IMPLOG,leaf,ForkJoinPool-101-worker-1,6,36,1,3,12000,103900,600,39300,235,21900,1786683659570
IMPLOG,leaf,ForkJoinPool-101-worker-5,6,36,1,3,1200,112200,600,38800,262,24800,1786683659570
IMPLOG,leaf,ForkJoinPool-101-worker-4,6,36,1,3,900,107800,600,40300,260,24700,1786683659570
IMPLOG,leaf,ForkJoinPool-101-worker-2,6,36,1,3,1000,109000,600,39400,261,24800,1786683659570
IMPLOG,leaf,ForkJoinPool-101-worker-3,6,36,1,3,800,77800,600,24700,259,18900,1786683659570
IMPLOG,leaf,ForkJoinPool-101-worker-6,6,36,1,3,1200,75300,600,24500,250,18300,1786683659571
IMPLOG,leaf,ForkJoinPool-101-worker-1,6,36,1,3,800,108500,600,40600,255,25000,1786683659571
IMPLOG,leaf,ForkJoinPool-101-worker-2,6,36,1,3,800,91000,500,32100,221,21000,1786683659571
IMPLOG,leaf,ForkJoinPool-101-worker-3,6,36,1,3,500,74300,600,24900,241,17800,1786683659571
IMPLOG,leaf,ForkJoinPool-101-worker-6,6,36,1,3,600,62700,500,19800,223,16300,1786683659571
IMPLOG,leaf,ForkJoinPool-101-worker-5,6,36,1,3,900,110700,600,40200,267,25600,1786683659571
IMPLOG,leaf,ForkJoinPool-101-worker-4,6,36,1,3,700,109100,600,40700,260,24500,1786683659571
IMPLOG,leaf,ForkJoinPool-101-worker-3,6,36,1,3,400,59100,500,21800,184,13500,1786683659571
IMPLOG,leaf,ForkJoinPool-101-worker-6,6,36,1,3,500,63100,500,20200,226,16400,1786683659571
IMPLOG,leaf,ForkJoinPool-101-worker-1,6,36,1,3,800,90900,500,33400,217,20300,1786683659571
IMPLOG,leaf,ForkJoinPool-101-worker-2,6,36,1,3,800,89600,500,33300,207,20700,1786683659571
IMPLOG,leaf,ForkJoinPool-101-worker-5,6,36,1,3,900,89700,500,33500,210,20700,1786683659571
IMPLOG,leaf,ForkJoinPool-101-worker-4,6,36,1,3,800,91200,500,33000,216,20500,1786683659571
IMPLOG,leaf,ForkJoinPool-101-worker-3,6,36,1,3,500,58700,500,21500,180,13100,1786683659571
IMPLOG,leaf,ForkJoinPool-101-worker-6,6,36,1,3,500,62500,500,20700,212,15600,1786683659571
IMPLOG,leaf,ForkJoinPool-101-worker-1,6,36,1,3,700,90500,500,33900,211,19700,1786683659571
IMPLOG,leaf,ForkJoinPool-101-worker-2,6,36,1,3,800,89000,500,32700,212,19900,1786683659571
IMPLOG,leaf,ForkJoinPool-101-worker-3,6,36,1,3,500,59300,500,21000,187,14500,1786683659571
IMPLOG,leaf,ForkJoinPool-101-worker-6,6,36,1,3,500,63800,500,22300,223,17800,1786683659571
IMPLOG,leaf,ForkJoinPool-101-worker-5,6,36,1,3,1000,90600,500,33000,219,20500,1786683659571
IMPLOG,leaf,ForkJoinPool-101-worker-4,6,36,1,3,800,91900,500,32900,215,20600,1786683659571
IMPLOG,leaf,ForkJoinPool-101-worker-3,6,36,1,3,400,60700,500,18000,204,14300,1786683659571
IMPLOG,leaf,ForkJoinPool-101-worker-6,6,36,1,3,500,62600,500,20900,219,17100,1786683659571
IMPLOG,leaf,ForkJoinPool-101-worker-1,6,36,1,3,900,89500,500,32800,208,20400,1786683659571
IMPLOG,leaf,ForkJoinPool-101-worker-2,6,36,1,3,12600,93200,500,34100,225,21800,1786683659571
IMPLOG,leaf,ForkJoinPool-101-worker-4,6,36,1,3,800,86900,500,31800,221,21400,1786683659571
IMPLOG,leaf,ForkJoinPool-101-worker-5,6,36,1,3,800,92400,500,34600,216,21800,1786683659571
IMPLOG,leaf,ForkJoinPool-101-worker-3,6,36,1,3,11600,61600,500,21100,216,15600,1786683659571
IMPLOG,leaf,ForkJoinPool-101-worker-6,6,36,1,3,500,69000,500,24100,214,16900,1786683659571
IMPLOG,leaf,ForkJoinPool-101-worker-2,6,36,1,3,800,99400,500,35100,212,19900,1786683659571
IMPLOG,leaf,ForkJoinPool-101-worker-5,6,36,1,3,800,95700,500,32600,204,19100,1786683659571
IMPLOG,scan,main,6,36,1,3,663100,1786683659570
IMPLOG,leaf,ForkJoinPool-101-worker-1,6,36,1,4,1900,112700,600,43700,235,23400,1786683659571
IMPLOG,leaf,ForkJoinPool-101-worker-5,6,36,1,4,2600,116800,600,43200,262,24900,1786683659571
IMPLOG,leaf,ForkJoinPool-101-worker-3,6,36,1,4,1400,91400,500,33600,207,20400,1786683659571
IMPLOG,leaf,ForkJoinPool-101-worker-4,6,36,1,4,18400,109300,600,38600,260,24800,1786683659571
IMPLOG,leaf,ForkJoinPool-101-worker-6,6,36,1,4,8100,109500,600,39900,261,25700,1786683659571
IMPLOG,leaf,ForkJoinPool-101-worker-2,6,36,1,4,1400,111100,600,40500,261,24300,1786683659571
IMPLOG,leaf,ForkJoinPool-101-worker-1,6,36,1,4,800,106200,600,38400,255,24100,1786683659571
IMPLOG,leaf,ForkJoinPool-101-worker-5,6,36,1,4,800,109600,600,41300,267,24500,1786683659571
IMPLOG,leaf,ForkJoinPool-101-worker-3,6,36,1,4,900,91100,500,32400,212,20400,1786683659571
IMPLOG,leaf,ForkJoinPool-101-worker-6,6,36,1,4,900,90300,500,33700,221,20300,1786683659571
IMPLOG,leaf,ForkJoinPool-101-worker-4,6,36,1,4,800,108600,600,39900,255,24100,1786683659571
IMPLOG,leaf,ForkJoinPool-101-worker-2,6,36,1,4,800,108700,600,40800,247,24400,1786683659571
IMPLOG,leaf,ForkJoinPool-101-worker-1,6,36,1,4,900,88500,500,31500,217,19700,1786683659571
IMPLOG,leaf,ForkJoinPool-101-worker-5,6,36,1,4,11600,89100,500,31700,210,19900,1786683659571
IMPLOG,leaf,ForkJoinPool-101-worker-3,6,36,1,4,800,91800,500,33800,224,22000,1786683659571
IMPLOG,leaf,ForkJoinPool-101-worker-6,6,36,1,4,800,89100,500,32400,211,19900,1786683659571
IMPLOG,leaf,ForkJoinPool-101-worker-2,6,36,1,4,800,87800,500,34500,184,17600,1786683659571
IMPLOG,leaf,ForkJoinPool-101-worker-4,6,36,1,4,800,90300,500,33200,210,20300,1786683659571
IMPLOG,leaf,ForkJoinPool-101-worker-1,6,36,1,4,800,90100,500,34000,203,19000,1786683659571
IMPLOG,leaf,ForkJoinPool-101-worker-5,6,36,1,4,800,99200,500,33500,222,27700,1786683659571
IMPLOG,leaf,ForkJoinPool-101-worker-3,6,36,1,4,900,90100,500,35400,212,20300,1786683659571
IMPLOG,leaf,ForkJoinPool-101-worker-6,6,36,1,4,700,90500,500,32500,208,19700,1786683659571
IMPLOG,leaf,ForkJoinPool-101-worker-2,6,36,1,4,800,87800,500,35600,183,17300,1786683659571
IMPLOG,leaf,ForkJoinPool-101-worker-4,6,36,1,4,800,90000,500,31700,215,21100,1786683659571
IMPLOG,leaf,ForkJoinPool-101-worker-1,6,36,1,4,800,91400,500,34300,216,20900,1786683659571
IMPLOG,leaf,ForkJoinPool-101-worker-3,6,36,1,4,800,91500,500,33300,222,21400,1786683659572
IMPLOG,leaf,ForkJoinPool-101-worker-5,6,36,1,4,1000,92300,500,33100,223,22700,1786683659572
IMPLOG,leaf,ForkJoinPool-101-worker-6,6,36,1,4,900,91900,500,33700,214,19800,1786683659572
IMPLOG,leaf,ForkJoinPool-101-worker-2,6,36,1,4,1100,88500,500,34300,187,18000,1786683659572
IMPLOG,leaf,ForkJoinPool-101-worker-4,6,36,1,4,900,90500,500,33400,219,20200,1786683659572
IMPLOG,leaf,ForkJoinPool-101-worker-1,6,36,1,4,900,91000,500,35100,214,20200,1786683659572
IMPLOG,leaf,ForkJoinPool-101-worker-5,6,36,1,4,800,81500,500,29200,207,19700,1786683659572
IMPLOG,leaf,ForkJoinPool-101-worker-3,6,36,1,4,800,86200,600,30700,250,21800,1786683659572
IMPLOG,leaf,ForkJoinPool-101-worker-6,6,36,1,4,1100,71900,500,25000,225,18100,1786683659572
IMPLOG,leaf,ForkJoinPool-101-worker-5,6,36,1,4,500,61400,500,19900,211,15800,1786683659572
IMPLOG,leaf,ForkJoinPool-101-worker-3,6,36,1,4,500,64100,500,21800,223,16000,1786683659572
IMPLOG,scan,main,6,36,1,4,863700,1786683659571
IMPLOG,leaf,ForkJoinPool-101-worker-1,6,36,1,5,1000,103800,600,37000,235,20100,1786683659572
IMPLOG,leaf,ForkJoinPool-101-worker-3,6,36,1,5,1100,92200,600,33200,261,20400,1786683659572
IMPLOG,leaf,ForkJoinPool-101-worker-5,6,36,1,5,1000,109400,600,40500,262,25200,1786683659572
IMPLOG,leaf,ForkJoinPool-101-worker-4,6,36,1,5,1000,112500,600,35600,260,25400,1786683659572
IMPLOG,leaf,ForkJoinPool-101-worker-2,6,36,1,5,900,62000,500,21700,211,16400,1786683659572
IMPLOG,leaf,ForkJoinPool-101-worker-3,6,36,1,5,800,76800,500,28900,220,17900,1786683659572
IMPLOG,leaf,ForkJoinPool-101-worker-2,6,36,1,5,500,59400,500,19900,208,15300,1786683659572
IMPLOG,leaf,ForkJoinPool-101-worker-1,6,36,1,5,800,106400,600,38400,255,24600,1786683659572
IMPLOG,leaf,ForkJoinPool-101-worker-5,6,36,1,5,800,107900,600,40000,267,26300,1786683659572
IMPLOG,leaf,ForkJoinPool-101-worker-7,6,36,1,5,1100,108100,600,39400,262,25700,1786683659572
IMPLOG,leaf,ForkJoinPool-101-worker-4,6,36,1,5,800,106100,600,39000,254,23900,1786683659572
IMPLOG,leaf,ForkJoinPool-101-worker-6,6,36,1,5,700,73800,500,27000,197,15300,1786683659572
IMPLOG,leaf,ForkJoinPool-101-worker-2,6,36,1,5,900,85800,500,32700,181,18300,1786683659572
IMPLOG,leaf,ForkJoinPool-101-worker-3,6,36,1,5,1300,88700,500,32900,211,20300,1786683659572
IMPLOG,leaf,ForkJoinPool-101-worker-1,6,36,1,5,700,89500,500,30900,217,21100,1786683659572
IMPLOG,leaf,ForkJoinPool-101-worker-5,6,36,1,5,800,88300,500,32800,210,19100,1786683659572
IMPLOG,leaf,ForkJoinPool-101-worker-4,6,36,1,5,800,87600,500,32400,210,20000,1786683659572
IMPLOG,leaf,ForkJoinPool-101-worker-7,6,36,1,5,800,106500,600,40900,247,25100,1786683659572
IMPLOG,leaf,ForkJoinPool-101-worker-6,6,36,1,5,900,76600,500,26000,220,17300,1786683659572
IMPLOG,leaf,ForkJoinPool-101-worker-2,6,36,1,5,800,86300,500,31900,187,17700,1786683659572
IMPLOG,leaf,ForkJoinPool-101-worker-3,6,36,1,5,800,89100,500,32200,208,19700,1786683659572
IMPLOG,leaf,ForkJoinPool-101-worker-1,6,36,1,5,800,90700,500,32400,225,22200,1786683659572
IMPLOG,leaf,ForkJoinPool-101-worker-5,6,36,1,5,700,90200,500,32300,222,21500,1786683659572
IMPLOG,leaf,ForkJoinPool-101-worker-4,6,36,1,5,900,87300,500,32800,215,19700,1786683659572
IMPLOG,leaf,ForkJoinPool-101-worker-6,6,36,1,5,900,76100,500,28700,218,16900,1786683659572
IMPLOG,leaf,ForkJoinPool-101-worker-7,6,36,1,5,900,85900,500,33000,184,17400,1786683659572
IMPLOG,leaf,ForkJoinPool-101-worker-3,6,36,1,5,700,90300,500,31800,224,22400,1786683659572
IMPLOG,leaf,ForkJoinPool-101-worker-2,6,36,1,5,900,106100,600,40200,250,23700,1786683659572
IMPLOG,leaf,ForkJoinPool-101-worker-4,6,36,1,5,800,65700,500,22400,219,15900,1786683659572
IMPLOG,leaf,ForkJoinPool-101-worker-1,6,36,1,5,800,89200,500,32400,212,20000,1786683659572
IMPLOG,leaf,ForkJoinPool-101-worker-6,6,36,1,5,700,76300,500,24700,208,17300,1786683659572
IMPLOG,leaf,ForkJoinPool-101-worker-5,6,36,1,5,800,90600,500,32200,223,21600,1786683659572
IMPLOG,leaf,ForkJoinPool-101-worker-4,6,36,1,5,500,67900,500,24400,225,16900,1786683659572
IMPLOG,leaf,ForkJoinPool-101-worker-1,6,36,1,5,800,68300,500,23900,211,16000,1786683659572
IMPLOG,leaf,ForkJoinPool-101-worker-3,6,36,1,5,800,88100,500,32600,214,21000,1786683659572
IMPLOG,leaf,ForkJoinPool-101-worker-2,6,36,1,5,800,90500,500,31800,222,20900,1786683659572
IMPLOG,scan,main,6,36,1,5,609400,1786683659572
IMPLOG,leaf,ForkJoinPool-101-worker-6,6,36,1,6,600,61900,500,21500,197,16000,1786683659573
IMPLOG,leaf,ForkJoinPool-101-worker-2,6,36,1,6,1100,107000,600,39900,236,20900,1786683659573
IMPLOG,leaf,ForkJoinPool-101-worker-4,6,36,1,6,900,99300,600,37000,262,24900,1786683659573
IMPLOG,leaf,ForkJoinPool-101-worker-1,6,36,1,6,1000,111200,600,40200,262,25800,1786683659573
IMPLOG,leaf,ForkJoinPool-101-worker-6,6,36,1,6,500,62500,500,19300,220,17000,1786683659573
IMPLOG,leaf,ForkJoinPool-101-worker-5,6,36,1,6,1400,92800,500,34100,218,21400,1786683659573
IMPLOG,leaf,ForkJoinPool-101-worker-3,6,36,1,6,1400,108700,600,39300,250,24100,1786683659573
IMPLOG,leaf,ForkJoinPool-101-worker-4,6,36,1,6,600,93400,600,33500,247,21400,1786683659573
IMPLOG,leaf,ForkJoinPool-101-worker-2,6,36,1,6,1000,107000,600,39000,255,24600,1786683659573
IMPLOG,leaf,ForkJoinPool-101-worker-6,6,36,1,6,700,68900,500,23300,208,17200,1786683659573
IMPLOG,leaf,ForkJoinPool-101-worker-1,6,36,1,6,16100,110600,600,38800,267,25800,1786683659573
IMPLOG,leaf,ForkJoinPool-101-worker-4,6,36,1,6,1000,76400,500,30600,188,14700,1786683659573
IMPLOG,leaf,ForkJoinPool-101-worker-3,6,36,1,6,900,87000,500,30300,222,20500,1786683659573
IMPLOG,leaf,ForkJoinPool-101-worker-7,6,36,1,6,2500,92200,500,33900,222,21300,1786683659573
IMPLOG,leaf,ForkJoinPool-101-worker-2,6,36,1,6,800,91300,500,32000,215,20400,1786683659573
IMPLOG,leaf,ForkJoinPool-101-worker-5,6,36,1,6,900,93100,500,34100,225,23200,1786683659573
IMPLOG,leaf,ForkJoinPool-101-worker-6,6,36,1,6,900,88600,500,35300,182,18200,1786683659573
IMPLOG,leaf,ForkJoinPool-101-worker-1,6,36,1,6,800,90200,500,31600,210,20600,1786683659573
IMPLOG,leaf,ForkJoinPool-101-worker-4,6,36,1,6,700,74100,500,27400,191,15300,1786683659573
IMPLOG,leaf,ForkJoinPool-101-worker-3,6,36,1,6,900,72500,500,25900,211,18100,1786683659573
IMPLOG,leaf,ForkJoinPool-101-worker-7,6,36,1,6,800,75200,500,25500,223,19100,1786683659573
IMPLOG,leaf,ForkJoinPool-101-worker-2,6,36,1,6,800,76200,500,25200,211,17800,1786683659573
IMPLOG,leaf,ForkJoinPool-101-worker-4,6,36,1,6,600,79300,500,29300,224,19700,1786683659573
IMPLOG,leaf,ForkJoinPool-101-worker-7,6,36,1,6,800,92800,500,32800,225,21600,1786683659573
IMPLOG,leaf,ForkJoinPool-101-worker-2,6,36,1,6,700,89100,500,31800,207,20300,1786683659573
IMPLOG,leaf,ForkJoinPool-101-worker-3,6,36,1,6,900,90300,500,33400,213,20100,1786683659573
IMPLOG,leaf,ForkJoinPool-101-worker-6,6,36,1,6,900,107700,600,38300,260,24800,1786683659573
IMPLOG,leaf,ForkJoinPool-101-worker-1,6,36,1,6,800,90700,500,33100,215,19800,1786683659573
IMPLOG,leaf,ForkJoinPool-101-worker-5,6,36,1,6,800,108200,600,40100,262,24900,1786683659573
IMPLOG,leaf,ForkJoinPool-101-worker-4,6,36,1,6,500,75600,500,23200,214,16500,1786683659573
IMPLOG,leaf,ForkJoinPool-101-worker-5,6,36,1,6,900,62400,500,20700,220,15400,1786683659573
IMPLOG,leaf,ForkJoinPool-101-worker-6,6,36,1,6,800,84100,600,29600,254,20200,1786683659573
IMPLOG,leaf,ForkJoinPool-101-worker-2,6,36,1,6,9000,89900,500,32500,212,20600,1786683659573
IMPLOG,leaf,ForkJoinPool-101-worker-3,6,36,1,6,800,91200,500,32700,219,21000,1786683659573
IMPLOG,leaf,ForkJoinPool-101-worker-4,6,36,1,6,900,75800,500,27600,208,16900,1786683659573
IMPLOG,leaf,ForkJoinPool-101-worker-7,6,36,1,6,800,77100,500,28800,210,18600,1786683659573
IMPLOG,scan,main,6,36,1,6,660200,1786683659573
IMPLOG,leaf,ForkJoinPool-101-worker-1,6,36,1,7,1600,64700,500,20200,218,15200,1786683659573
IMPLOG,leaf,ForkJoinPool-101-worker-2,6,36,1,7,1000,104600,600,39000,235,21300,1786683659573
IMPLOG,leaf,ForkJoinPool-101-worker-5,6,36,1,7,1000,109500,600,40300,265,25100,1786683659573
IMPLOG,leaf,ForkJoinPool-101-worker-6,6,36,1,7,1600,98800,600,35700,262,20500,1786683659573
IMPLOG,leaf,ForkJoinPool-101-worker-4,6,36,1,7,1000,96500,500,34200,197,18800,1786683659573
IMPLOG,leaf,ForkJoinPool-101-worker-7,6,36,1,7,1400,107100,600,39400,250,24100,1786683659573
IMPLOG,leaf,ForkJoinPool-101-worker-1,6,36,1,7,900,60400,500,20700,208,14600,1786683659573
IMPLOG,leaf,ForkJoinPool-101-worker-2,6,36,1,7,800,105400,600,37300,254,24300,1786683659573
IMPLOG,leaf,ForkJoinPool-101-worker-6,6,36,1,7,900,92600,600,36600,248,21100,1786683659573
IMPLOG,leaf,ForkJoinPool-101-worker-1,6,36,1,7,400,57700,500,21200,182,13300,1786683659573
IMPLOG,leaf,ForkJoinPool-101-worker-7,6,36,1,7,800,89700,500,32200,222,20400,1786683659573
IMPLOG,leaf,ForkJoinPool-101-worker-4,6,36,1,7,12000,90500,500,31500,221,20800,1786683659573
IMPLOG,leaf,ForkJoinPool-101-worker-5,6,36,1,7,800,108000,600,37400,266,25800,1786683659573
IMPLOG,leaf,ForkJoinPool-101-worker-1,6,36,1,7,900,58500,500,20300,191,13800,1786683659573
IMPLOG,leaf,ForkJoinPool-101-worker-2,6,36,1,7,800,88200,500,31900,214,18800,1786683659573
IMPLOG,leaf,ForkJoinPool-101-worker-6,6,36,1,7,900,73900,500,26000,186,14400,1786683659573
IMPLOG,leaf,ForkJoinPool-101-worker-7,6,36,1,7,800,89700,500,31300,225,22400,1786683659573
IMPLOG,leaf,ForkJoinPool-101-worker-4,6,36,1,7,1000,88200,500,32100,222,20200,1786683659573
IMPLOG,leaf,ForkJoinPool-101-worker-5,6,36,1,7,800,88100,500,33100,213,20300,1786683659573
IMPLOG,leaf,ForkJoinPool-101-worker-1,6,36,1,7,400,68600,500,24100,211,15600,1786683659574
IMPLOG,leaf,ForkJoinPool-101-worker-2,6,36,1,7,800,68500,500,24300,213,16600,1786683659574
IMPLOG,leaf,ForkJoinPool-101-worker-6,6,36,1,7,700,90300,600,31600,260,19900,1786683659574
IMPLOG,leaf,ForkJoinPool-101-worker-4,6,36,1,7,800,79900,500,28400,223,20100,1786683659574
IMPLOG,leaf,ForkJoinPool-101-worker-3,6,36,1,7,13000,89900,500,31600,224,22200,1786683659574
IMPLOG,leaf,ForkJoinPool-101-worker-2,6,36,1,7,500,71100,500,26500,207,17100,1786683659574
IMPLOG,leaf,ForkJoinPool-101-worker-7,6,36,1,7,900,88200,500,31200,215,19600,1786683659574
IMPLOG,leaf,ForkJoinPool-101-worker-1,6,36,1,7,800,105700,600,36700,262,24400,1786683659574
IMPLOG,leaf,ForkJoinPool-101-worker-6,6,36,1,7,1000,96000,600,35300,254,21200,1786683659574
IMPLOG,leaf,ForkJoinPool-101-worker-4,6,36,1,7,800,88300,500,33800,212,20100,1786683659574
IMPLOG,leaf,ForkJoinPool-101-worker-5,6,36,1,7,900,89000,500,31100,211,19000,1786683659574
IMPLOG,leaf,ForkJoinPool-101-worker-3,6,36,1,7,800,90500,500,32600,214,19100,1786683659574
IMPLOG,leaf,ForkJoinPool-101-worker-2,6,36,1,7,800,92900,500,36800,224,21200,1786683659574
IMPLOG,leaf,ForkJoinPool-101-worker-7,6,36,1,7,800,91800,500,34500,219,19800,1786683659574
IMPLOG,leaf,ForkJoinPool-101-worker-1,6,36,1,7,800,86400,500,31300,219,20600,1786683659574
IMPLOG,leaf,ForkJoinPool-101-worker-4,6,36,1,7,2200,79500,500,30400,208,18200,1786683659574
IMPLOG,leaf,ForkJoinPool-101-worker-6,6,36,1,7,600,97500,500,29800,215,19000,1786683659574
IMPLOG,scan,main,6,36,1,7,680400,1786683659573
IMPLOG,leaf,ForkJoinPool-101-worker-2,6,36,1,8,1000,108100,600,37500,235,23500,1786683659574
IMPLOG,leaf,ForkJoinPool-101-worker-6,6,36,1,8,1000,113000,600,41300,265,24900,1786683659574
IMPLOG,leaf,ForkJoinPool-101-worker-1,6,36,1,8,900,107500,600,40600,258,25200,1786683659574
IMPLOG,leaf,ForkJoinPool-101-worker-4,6,36,1,8,1700,115600,600,42700,262,26100,1786683659574
IMPLOG,leaf,ForkJoinPool-101-worker-3,6,36,1,8,900,92400,500,34300,224,21200,1786683659574
IMPLOG,leaf,ForkJoinPool-101-worker-5,6,36,1,8,13100,112100,600,40700,251,24800,1786683659574
IMPLOG,leaf,ForkJoinPool-101-worker-2,6,36,1,8,2300,107000,600,39600,257,23800,1786683659574
IMPLOG,leaf,ForkJoinPool-101-worker-6,6,36,1,8,800,107900,600,38700,266,25000,1786683659574
IMPLOG,leaf,ForkJoinPool-101-worker-1,6,36,1,8,800,106100,600,38000,254,22000,1786683659574
IMPLOG,leaf,ForkJoinPool-101-worker-3,6,36,1,8,900,89800,500,33000,216,19700,1786683659574
IMPLOG,leaf,ForkJoinPool-101-worker-5,6,36,1,8,800,93800,500,33000,222,22200,1786683659574
IMPLOG,leaf,ForkJoinPool-101-worker-4,6,36,1,8,900,108700,600,40900,248,25500,1786683659574
IMPLOG,leaf,ForkJoinPool-101-worker-2,6,36,1,8,900,88200,500,33600,205,18800,1786683659574
IMPLOG,leaf,ForkJoinPool-101-worker-1,6,36,1,8,800,88700,500,32800,213,20600,1786683659574
IMPLOG,leaf,ForkJoinPool-101-worker-6,6,36,1,8,900,90200,500,31200,214,20200,1786683659574
IMPLOG,leaf,ForkJoinPool-101-worker-3,6,36,1,8,700,91700,500,32800,224,22000,1786683659574
IMPLOG,leaf,ForkJoinPool-101-worker-4,6,36,1,8,700,88800,500,34200,187,17300,1786683659574
IMPLOG,leaf,ForkJoinPool-101-worker-5,6,36,1,8,800,93700,500,32900,225,21300,1786683659574
IMPLOG,leaf,ForkJoinPool-101-worker-2,6,36,1,8,800,90000,500,32900,213,19900,1786683659574
IMPLOG,leaf,ForkJoinPool-101-worker-1,6,36,1,8,800,91100,500,34000,215,20600,1786683659574
IMPLOG,leaf,ForkJoinPool-101-worker-6,6,36,1,8,700,92600,500,34500,222,22800,1786683659574
IMPLOG,leaf,ForkJoinPool-101-worker-3,6,36,1,8,700,91300,500,33600,215,20200,1786683659574
IMPLOG,leaf,ForkJoinPool-101-worker-4,6,36,1,8,700,89800,500,35600,182,19000,1786683659574
IMPLOG,leaf,ForkJoinPool-101-worker-5,6,36,1,8,800,92400,500,33600,211,19700,1786683659574
IMPLOG,leaf,ForkJoinPool-101-worker-2,6,36,1,8,800,90700,500,34300,205,20400,1786683659574
IMPLOG,leaf,ForkJoinPool-101-worker-1,6,36,1,8,700,91300,500,32700,219,20700,1786683659574
IMPLOG,leaf,ForkJoinPool-101-worker-6,6,36,1,8,800,93500,500,33600,223,22200,1786683659574
IMPLOG,leaf,ForkJoinPool-101-worker-4,6,36,1,8,800,90700,500,34400,191,19300,1786683659574
IMPLOG,leaf,ForkJoinPool-101-worker-5,6,36,1,8,800,91400,500,35400,205,20600,1786683659574
IMPLOG,leaf,ForkJoinPool-101-worker-3,6,36,1,8,800,109600,600,40300,262,24700,1786683659574
IMPLOG,leaf,ForkJoinPool-101-worker-2,6,36,1,8,800,89900,500,33000,213,19200,1786683659574
IMPLOG,leaf,ForkJoinPool-101-worker-1,6,36,1,8,700,88300,500,32400,208,18800,1786683659574
IMPLOG,leaf,ForkJoinPool-101-worker-6,6,36,1,8,700,86400,500,32400,217,19900,1786683659574
IMPLOG,leaf,ForkJoinPool-101-worker-4,6,36,1,8,800,88700,500,32100,218,20700,1786683659574
IMPLOG,leaf,ForkJoinPool-101-worker-5,6,36,1,8,800,92700,500,33900,210,19900,1786683659574
IMPLOG,leaf,ForkJoinPool-101-worker-3,6,36,1,8,700,83600,500,29200,219,18900,1786683659574
IMPLOG,scan,main,6,36,1,8,677700,1786683659574
IMPLOG,leaf,ForkJoinPool-101-worker-2,6,36,1,9,800,102100,600,37300,229,21100,1786683659575
IMPLOG,leaf,ForkJoinPool-101-worker-6,6,36,1,9,1100,115600,600,38300,265,24600,1786683659575
IMPLOG,leaf,ForkJoinPool-101-worker-4,6,36,1,9,900,109200,600,40500,258,24200,1786683659575
IMPLOG,leaf,ForkJoinPool-101-worker-5,6,36,1,9,1300,67000,500,25200,209,15900,1786683659575
IMPLOG,leaf,ForkJoinPool-101-worker-3,6,36,1,9,1400,95100,500,33500,224,20700,1786683659575
IMPLOG,leaf,ForkJoinPool-101-worker-7,6,36,1,9,1400,109700,600,38600,258,24700,1786683659575
IMPLOG,leaf,ForkJoinPool-101-worker-2,6,36,1,9,800,109100,600,38800,255,23900,1786683659575
IMPLOG,leaf,ForkJoinPool-101-worker-5,6,36,1,9,700,65600,500,21800,205,15500,1786683659575
IMPLOG,leaf,ForkJoinPool-101-worker-6,6,36,1,9,800,105200,600,37900,266,24200,1786683659575
IMPLOG,leaf,ForkJoinPool-101-worker-4,6,36,1,9,800,108300,600,41100,252,23700,1786683659575
IMPLOG,leaf,ForkJoinPool-101-worker-3,6,36,1,9,900,90600,500,33300,212,19800,1786683659575
IMPLOG,leaf,ForkJoinPool-101-worker-7,6,36,1,9,800,91600,500,33000,219,21600,1786683659575
IMPLOG,leaf,ForkJoinPool-101-worker-5,6,36,1,9,500,60400,500,19800,213,15100,1786683659575
IMPLOG,leaf,ForkJoinPool-101-worker-2,6,36,1,9,800,89400,500,34500,203,19100,1786683659575
IMPLOG,leaf,ForkJoinPool-101-worker-6,6,36,1,9,800,77000,500,24500,211,16800,1786683659575
IMPLOG,leaf,ForkJoinPool-101-worker-4,6,36,1,9,800,89900,500,32600,213,18800,1786683659575
IMPLOG,leaf,ForkJoinPool-101-worker-3,6,36,1,9,800,92200,500,34200,224,21700,1786683659575
IMPLOG,leaf,ForkJoinPool-101-worker-7,6,36,1,9,800,89300,500,33100,201,19700,1786683659575
IMPLOG,leaf,ForkJoinPool-101-worker-1,6,36,1,9,900,75800,600,24400,261,18700,1786683659575
IMPLOG,leaf,ForkJoinPool-101-worker-6,6,36,1,9,1000,77000,500,28000,222,17600,1786683659575
IMPLOG,leaf,ForkJoinPool-101-worker-2,6,36,1,9,700,90800,500,32700,211,19600,1786683659575
IMPLOG,leaf,ForkJoinPool-101-worker-4,6,36,1,9,900,91900,500,33500,210,20100,1786683659575
IMPLOG,leaf,ForkJoinPool-101-worker-3,6,36,1,9,800,91800,500,34200,219,20600,1786683659575
IMPLOG,leaf,ForkJoinPool-101-worker-7,6,36,1,9,800,88600,500,33400,198,19000,1786683659575
IMPLOG,leaf,ForkJoinPool-101-worker-6,6,36,1,9,900,89000,500,31000,219,18000,1786683659575
IMPLOG,leaf,ForkJoinPool-101-worker-1,6,36,1,9,700,107100,600,40400,239,24500,1786683659575
IMPLOG,leaf,ForkJoinPool-101-worker-5,6,36,1,9,1100,107800,600,40000,248,24300,1786683659575
IMPLOG,leaf,ForkJoinPool-101-worker-2,6,36,1,9,900,80600,500,28800,219,19500,1786683659575
IMPLOG,leaf,ForkJoinPool-101-worker-4,6,36,1,9,900,72400,500,25400,208,16300,1786683659575
IMPLOG,leaf,ForkJoinPool-101-worker-3,6,36,1,9,800,92000,500,35100,217,20600,1786683659575
IMPLOG,leaf,ForkJoinPool-101-worker-7,6,36,1,9,800,91200,500,33500,218,21200,1786683659575
IMPLOG,leaf,ForkJoinPool-101-worker-6,6,36,1,9,700,80300,500,30700,157,15400,1786683659575
IMPLOG,leaf,ForkJoinPool-101-worker-1,6,36,1,9,13400,86700,500,32600,168,16200,1786683659575
IMPLOG,leaf,ForkJoinPool-101-worker-5,6,36,1,9,1000,92300,500,33000,218,20600,1786683659575
IMPLOG,leaf,ForkJoinPool-101-worker-3,6,36,1,9,1200,69100,500,23300,204,16100,1786683659575
IMPLOG,leaf,ForkJoinPool-101-worker-4,6,36,1,9,800,81500,500,31300,163,15200,1786683659575
IMPLOG,scan,main,6,36,1,9,686200,1786683659575
IMPLOG,leaf,ForkJoinPool-101-worker-3,6,36,1,10,1200,73400,600,25500,248,17500,1786683659575
IMPLOG,leaf,ForkJoinPool-101-worker-2,6,36,1,10,700,102000,600,37300,230,21600,1786683659575
IMPLOG,leaf,ForkJoinPool-101-worker-6,6,36,1,10,900,93200,600,30100,265,20100,1786683659575
IMPLOG,leaf,ForkJoinPool-101-worker-1,6,36,1,10,900,110400,600,39500,262,24300,1786683659575
IMPLOG,leaf,ForkJoinPool-101-worker-3,6,36,1,10,500,61000,500,19700,218,14900,1786683659575
IMPLOG,leaf,ForkJoinPool-101-worker-7,6,36,1,10,1300,84500,500,31800,157,16300,1786683659575
IMPLOG,leaf,ForkJoinPool-101-worker-4,6,36,1,10,1300,87500,500,32400,198,17600,1786683659575
IMPLOG,leaf,ForkJoinPool-101-worker-6,6,36,1,10,600,98600,600,35000,268,22400,1786683659575
IMPLOG,leaf,ForkJoinPool-101-worker-2,6,36,1,10,800,104400,600,39100,254,23000,1786683659575
IMPLOG,leaf,ForkJoinPool-101-worker-3,6,36,1,10,400,61700,500,20200,219,15100,1786683659575
IMPLOG,leaf,ForkJoinPool-101-worker-1,6,36,1,10,800,107900,600,42500,238,23500,1786683659575
IMPLOG,leaf,ForkJoinPool-101-worker-7,6,36,1,10,11500,85900,500,34500,164,16300,1786683659575
IMPLOG,leaf,ForkJoinPool-101-worker-4,6,36,1,10,7400,90300,500,33900,218,20400,1786683659575
IMPLOG,leaf,ForkJoinPool-101-worker-3,6,36,1,10,400,65900,500,22000,208,15200,1786683659576
IMPLOG,leaf,ForkJoinPool-101-worker-2,6,36,1,10,800,88300,500,32500,202,18500,1786683659575
IMPLOG,leaf,ForkJoinPool-101-worker-6,6,36,1,10,11500,100100,500,45900,211,18600,1786683659575
IMPLOG,leaf,ForkJoinPool-101-worker-1,6,36,1,10,800,88900,500,33100,168,17400,1786683659576
IMPLOG,leaf,ForkJoinPool-101-worker-4,6,36,1,10,3500,92700,500,32300,218,21300,1786683659576
IMPLOG,leaf,ForkJoinPool-101-worker-3,6,36,1,10,8100,66800,500,23300,222,16200,1786683659576
IMPLOG,leaf,ForkJoinPool-101-worker-7,6,36,1,10,5900,113300,600,41500,258,25500,1786683659576
IMPLOG,leaf,ForkJoinPool-101-worker-2,6,36,1,10,900,92000,500,33900,213,21700,1786683659576
IMPLOG,leaf,ForkJoinPool-101-worker-6,6,36,1,10,900,101200,500,40400,219,18900,1786683659576
IMPLOG,leaf,ForkJoinPool-101-worker-1,6,36,1,10,800,93900,500,35200,204,21000,1786683659576
IMPLOG,leaf,ForkJoinPool-101-worker-5,6,36,1,10,18900,88100,600,31300,258,22300,1786683659576
IMPLOG,leaf,ForkJoinPool-101-worker-7,6,36,1,10,900,94000,600,32500,251,21200,1786683659576
IMPLOG,leaf,ForkJoinPool-101-worker-2,6,36,1,10,900,92700,500,31900,201,24300,1786683659576
IMPLOG,leaf,ForkJoinPool-101-worker-3,6,36,1,10,900,81100,500,28600,220,16900,1786683659576
IMPLOG,leaf,ForkJoinPool-101-worker-4,6,36,1,10,900,91400,500,34600,224,21100,1786683659576
IMPLOG,leaf,ForkJoinPool-101-worker-1,6,36,1,10,900,88600,500,33000,212,19900,1786683659576
IMPLOG,leaf,ForkJoinPool-101-worker-6,6,36,1,10,900,87600,500,32800,209,19000,1786683659576
IMPLOG,leaf,ForkJoinPool-101-worker-5,6,36,1,10,800,85100,500,29800,219,20700,1786683659576
IMPLOG,leaf,ForkJoinPool-101-worker-7,6,36,1,10,800,87900,500,32600,213,19400,1786683659576
IMPLOG,leaf,ForkJoinPool-101-worker-2,6,36,1,10,800,87600,500,32300,210,19000,1786683659576
IMPLOG,leaf,ForkJoinPool-101-worker-3,6,36,1,10,500,73700,500,28500,209,15300,1786683659576
IMPLOG,leaf,ForkJoinPool-101-worker-4,6,36,1,10,800,74400,500,27000,206,16500,1786683659576
IMPLOG,leaf,ForkJoinPool-101-worker-1,6,36,1,10,800,71400,500,23700,220,17500,1786683659576
IMPLOG,scan,main,6,36,1,10,656600,1786683659575
IMPLOG,leaf,ForkJoinPool-101-worker-6,6,36,1,11,500,66800,500,22600,220,16100,1786683659576
IMPLOG,leaf,ForkJoinPool-101-worker-2,6,36,1,11,600,101800,600,39000,230,22200,1786683659576
IMPLOG,leaf,ForkJoinPool-101-worker-7,6,36,1,11,1100,110200,600,36100,266,26200,1786683659576
IMPLOG,leaf,ForkJoinPool-101-worker-5,6,36,1,11,1000,106900,600,39100,256,23600,1786683659576
IMPLOG,leaf,ForkJoinPool-101-worker-1,6,36,1,11,1300,99700,500,33100,226,21800,1786683659576
IMPLOG,leaf,ForkJoinPool-101-worker-3,6,36,1,11,1300,115200,600,39500,259,24300,1786683659576
IMPLOG,leaf,ForkJoinPool-101-worker-6,6,36,1,11,400,63700,500,21900,212,16000,1786683659576
IMPLOG,leaf,ForkJoinPool-101-worker-7,6,36,1,11,900,77700,600,25300,268,19400,1786683659576
IMPLOG,leaf,ForkJoinPool-101-worker-2,6,36,1,11,800,106200,600,39500,254,22600,1786683659576
IMPLOG,leaf,ForkJoinPool-101-worker-1,6,36,1,11,800,90100,500,32800,210,20000,1786683659576
IMPLOG,leaf,ForkJoinPool-101-worker-4,6,36,1,11,1000,61900,500,21800,209,15900,1786683659576
IMPLOG,leaf,ForkJoinPool-101-worker-5,6,36,1,11,800,106700,600,38400,251,23500,1786683659576
IMPLOG,leaf,ForkJoinPool-101-worker-3,6,36,1,11,800,90400,500,31300,217,20500,1786683659576
IMPLOG,leaf,ForkJoinPool-101-worker-7,6,36,1,11,500,75900,500,25800,211,16700,1786683659576
IMPLOG,leaf,ForkJoinPool-101-worker-2,6,36,1,11,800,88300,500,31000,202,19600,1786683659576
IMPLOG,leaf,ForkJoinPool-101-worker-4,6,36,1,11,500,85900,500,31800,209,19400,1786683659576
IMPLOG,leaf,ForkJoinPool-101-worker-1,6,36,1,11,1100,85200,600,28300,264,20300,1786683659576
IMPLOG,leaf,ForkJoinPool-101-worker-6,6,36,1,11,1000,89000,500,32200,209,18600,1786683659576
IMPLOG,leaf,ForkJoinPool-101-worker-5,6,36,1,11,800,89100,500,32900,214,19700,1786683659576
IMPLOG,leaf,ForkJoinPool-101-worker-7,6,36,1,11,1100,75400,500,29300,222,16700,1786683659576
IMPLOG,leaf,ForkJoinPool-101-worker-2,6,36,1,11,800,70700,500,25700,212,16900,1786683659576
IMPLOG,leaf,ForkJoinPool-101-worker-3,6,36,1,11,1300,87400,500,32600,206,17800,1786683659576
IMPLOG,leaf,ForkJoinPool-101-worker-6,6,36,1,11,900,89500,500,32300,222,19800,1786683659576
IMPLOG,leaf,ForkJoinPool-101-worker-4,6,36,1,11,800,104700,600,39700,249,22900,1786683659576
IMPLOG,leaf,ForkJoinPool-101-worker-1,6,36,1,11,800,104200,600,40100,235,22200,1786683659576
IMPLOG,leaf,ForkJoinPool-101-worker-7,6,36,1,11,500,80600,500,30500,219,18400,1786683659576
IMPLOG,leaf,ForkJoinPool-101-worker-2,6,36,1,11,400,68000,500,24900,220,16800,1786683659576
IMPLOG,leaf,ForkJoinPool-101-worker-5,6,36,1,11,800,74100,500,30200,154,14200,1786683659576
IMPLOG,leaf,ForkJoinPool-101-worker-3,6,36,1,11,800,89200,500,33600,205,19500,1786683659576
IMPLOG,leaf,ForkJoinPool-101-worker-7,6,36,1,11,700,68500,500,25000,164,14000,1786683659576
IMPLOG,leaf,ForkJoinPool-101-worker-6,6,36,1,11,700,88000,500,32200,201,18600,1786683659576
IMPLOG,leaf,ForkJoinPool-101-worker-1,6,36,1,11,700,86700,500,37000,168,15700,1786683659576
IMPLOG,leaf,ForkJoinPool-101-worker-4,6,36,1,11,800,98300,500,42200,218,21000,1786683659576
IMPLOG,leaf,ForkJoinPool-101-worker-6,6,36,1,11,9800,67500,500,23400,220,16800,1786683659576
IMPLOG,leaf,ForkJoinPool-101-worker-5,6,36,1,11,800,91000,500,31100,218,19300,1786683659576
IMPLOG,leaf,ForkJoinPool-101-worker-7,6,36,1,11,9900,77500,500,28700,204,19200,1786683659576
IMPLOG,scan,main,6,36,1,11,648900,1786683659576
IMPLOG,leaf,ForkJoinPool-101-worker-2,6,36,1,12,900,105100,600,40900,230,22600,1786683659577
IMPLOG,leaf,ForkJoinPool-101-worker-7,6,36,1,12,900,112000,600,42700,266,24200,1786683659577
IMPLOG,leaf,ForkJoinPool-101-worker-6,6,36,1,12,1000,110300,600,42300,265,26700,1786683659577
IMPLOG,leaf,ForkJoinPool-101-worker-1,6,36,1,12,1000,112500,600,39600,256,23700,1786683659577
IMPLOG,leaf,ForkJoinPool-101-worker-5,6,36,1,12,11100,82700,600,26500,249,18200,1786683659577
IMPLOG,leaf,ForkJoinPool-101-worker-3,6,36,1,12,1300,63500,500,21600,220,16100,1786683659577
IMPLOG,leaf,ForkJoinPool-101-worker-5,6,36,1,12,800,80100,500,25200,219,17400,1786683659577
IMPLOG,leaf,ForkJoinPool-101-worker-2,6,36,1,12,900,107200,600,39400,254,23500,1786683659577
IMPLOG,leaf,ForkJoinPool-101-worker-3,6,36,1,12,500,66500,500,20200,212,15100,1786683659577
IMPLOG,leaf,ForkJoinPool-101-worker-7,6,36,1,12,800,110200,600,40300,266,25200,1786683659577
IMPLOG,leaf,ForkJoinPool-101-worker-1,6,36,1,12,800,105600,600,40200,251,22300,1786683659577
IMPLOG,leaf,ForkJoinPool-101-worker-6,6,36,1,12,700,107900,600,40600,236,22300,1786683659577
IMPLOG,leaf,ForkJoinPool-101-worker-3,6,36,1,12,400,60800,500,20400,222,16300,1786683659577
IMPLOG,leaf,ForkJoinPool-101-worker-5,6,36,1,12,700,76400,500,29200,221,17300,1786683659577
IMPLOG,leaf,ForkJoinPool-101-worker-2,6,36,1,12,800,86200,500,31800,202,18100,1786683659577
IMPLOG,leaf,ForkJoinPool-101-worker-7,6,36,1,12,800,89300,500,32800,211,19400,1786683659577
IMPLOG,leaf,ForkJoinPool-101-worker-6,6,36,1,12,900,86400,500,35700,168,15700,1786683659577
IMPLOG,leaf,ForkJoinPool-101-worker-1,6,36,1,12,800,88900,500,33800,214,19000,1786683659577
IMPLOG,leaf,ForkJoinPool-101-worker-3,6,36,1,12,400,62000,500,24000,209,14600,1786683659577
IMPLOG,leaf,ForkJoinPool-101-worker-2,6,36,1,12,700,89400,500,34200,212,18000,1786683659577
IMPLOG,leaf,ForkJoinPool-101-worker-5,6,36,1,12,800,99500,500,31100,205,32300,1786683659577
IMPLOG,leaf,ForkJoinPool-101-worker-3,6,36,1,12,500,64900,500,23000,218,16000,1786683659577
IMPLOG,leaf,ForkJoinPool-101-worker-6,6,36,1,12,4400,87000,500,34500,154,16200,1786683659577
IMPLOG,leaf,ForkJoinPool-101-worker-1,6,36,1,12,3300,88800,500,33400,210,18300,1786683659577
IMPLOG,leaf,ForkJoinPool-101-worker-7,6,36,1,12,4600,91300,500,33700,222,19600,1786683659577
IMPLOG,leaf,ForkJoinPool-101-worker-3,6,36,1,12,900,62200,500,22200,201,14500,1786683659577
IMPLOG,leaf,ForkJoinPool-101-worker-5,6,36,1,12,800,87300,500,30600,216,19800,1786683659577
IMPLOG,leaf,ForkJoinPool-101-worker-2,6,36,1,12,900,89100,500,31200,206,18300,1786683659577
IMPLOG,leaf,ForkJoinPool-101-worker-6,6,36,1,12,900,88200,500,34400,165,17000,1786683659577
IMPLOG,leaf,ForkJoinPool-101-worker-7,6,36,1,12,800,93600,500,31800,218,20500,1786683659577
IMPLOG,leaf,ForkJoinPool-101-worker-1,6,36,1,12,800,106900,600,38300,259,23100,1786683659577
IMPLOG,leaf,ForkJoinPool-101-worker-3,6,36,1,12,800,66800,500,24700,220,16000,1786683659577
IMPLOG,leaf,ForkJoinPool-101-worker-2,6,36,1,12,700,72500,500,26700,209,17000,1786683659577
IMPLOG,leaf,ForkJoinPool-101-worker-5,6,36,1,12,700,79300,500,29100,204,18400,1786683659577
IMPLOG,leaf,ForkJoinPool-101-worker-4,6,36,1,12,900,91500,500,34000,209,20800,1786683659577
IMPLOG,leaf,ForkJoinPool-101-worker-1,6,36,1,12,900,91000,500,33200,217,21200,1786683659577
IMPLOG,scan,main,6,36,1,12,638500,1786683659577
IMPLOG,leaf,ForkJoinPool-101-worker-2,6,36,1,13,9400,102800,600,38600,226,21800,1786683659577
IMPLOG,leaf,ForkJoinPool-101-worker-5,6,36,1,13,900,89400,500,32700,220,20100,1786683659577
IMPLOG,leaf,ForkJoinPool-101-worker-4,6,36,1,13,800,95700,600,35000,265,22300,1786683659577
IMPLOG,leaf,ForkJoinPool-101-worker-7,6,36,1,13,800,105600,600,37000,256,22100,1786683659577
IMPLOG,leaf,ForkJoinPool-101-worker-1,6,36,1,13,7800,107900,600,40600,267,24600,1786683659577
IMPLOG,leaf,ForkJoinPool-101-worker-6,6,36,1,13,900,72400,600,26100,259,17700,1786683659577
IMPLOG,leaf,ForkJoinPool-101-worker-5,6,36,1,13,700,90200,500,33400,211,19100,1786683659577
IMPLOG,leaf,ForkJoinPool-101-worker-4,6,36,1,13,700,103400,600,37200,233,21600,1786683659577
IMPLOG,leaf,ForkJoinPool-101-worker-6,6,36,1,13,500,74500,500,26300,217,17500,1786683659577
IMPLOG,leaf,ForkJoinPool-101-worker-2,6,36,1,13,800,108600,600,40000,253,24000,1786683659577
IMPLOG,leaf,ForkJoinPool-101-worker-7,6,36,1,13,800,107700,600,40200,249,23700,1786683659577
IMPLOG,leaf,ForkJoinPool-101-worker-1,6,36,1,13,700,109800,600,39800,267,25100,1786683659577
IMPLOG,leaf,ForkJoinPool-101-worker-6,6,36,1,13,500,66400,500,24100,209,15300,1786683659577
IMPLOG,leaf,ForkJoinPool-101-worker-5,6,36,1,13,800,94200,500,33200,222,20200,1786683659577
IMPLOG,leaf,ForkJoinPool-101-worker-2,6,36,1,13,700,92100,500,33500,200,20000,1786683659577
IMPLOG,leaf,ForkJoinPool-101-worker-4,6,36,1,13,800,100800,500,29600,163,13400,1786683659577
IMPLOG,leaf,ForkJoinPool-101-worker-1,6,36,1,13,800,92300,500,34100,210,21400,1786683659577
IMPLOG,leaf,ForkJoinPool-101-worker-7,6,36,1,13,11400,98300,500,37400,214,19900,1786683659577
IMPLOG,leaf,ForkJoinPool-101-worker-6,6,36,1,13,18100,66000,500,25100,207,16100,1786683659578
IMPLOG,leaf,ForkJoinPool-101-worker-4,6,36,1,13,900,68100,500,26500,148,12500,1786683659578
IMPLOG,leaf,ForkJoinPool-101-worker-5,6,36,1,13,7200,88400,500,33200,207,19100,1786683659578
IMPLOG,leaf,ForkJoinPool-101-worker-2,6,36,1,13,800,89700,500,33000,212,18900,1786683659578
IMPLOG,leaf,ForkJoinPool-101-worker-1,6,36,1,13,800,91100,500,34400,222,20800,1786683659578
IMPLOG,leaf,ForkJoinPool-101-worker-7,6,36,1,13,800,90000,500,33700,209,19400,1786683659578
IMPLOG,leaf,ForkJoinPool-101-worker-6,6,36,1,13,900,62100,500,22000,203,14300,1786683659578
IMPLOG,leaf,ForkJoinPool-101-worker-4,6,36,1,13,1100,81600,500,31700,162,14300,1786683659578
IMPLOG,leaf,ForkJoinPool-101-worker-5,6,36,1,13,800,89600,500,32900,218,20000,1786683659578
IMPLOG,leaf,ForkJoinPool-101-worker-2,6,36,1,13,700,90300,500,32600,200,19000,1786683659578
IMPLOG,leaf,ForkJoinPool-101-worker-1,6,36,1,13,800,91300,500,32900,216,20300,1786683659578
IMPLOG,leaf,ForkJoinPool-101-worker-6,6,36,1,13,600,73000,500,24900,220,17500,1786683659578
IMPLOG,leaf,ForkJoinPool-101-worker-3,6,36,1,13,800,92100,500,34100,218,21200,1786683659578
IMPLOG,leaf,ForkJoinPool-101-worker-5,6,36,1,13,900,80800,500,30600,220,19200,1786683659578
IMPLOG,leaf,ForkJoinPool-101-worker-4,6,36,1,13,800,98800,600,35500,248,21400,1786683659578
IMPLOG,leaf,ForkJoinPool-101-worker-7,6,36,1,13,1000,76400,500,26400,205,17200,1786683659578
IMPLOG,leaf,ForkJoinPool-101-worker-2,6,36,1,13,800,90100,500,33300,202,19400,1786683659578
IMPLOG,leaf,ForkJoinPool-101-worker-1,6,36,1,13,700,90500,500,34200,219,20600,1786683659578
IMPLOG,scan,main,6,36,1,13,661300,1786683659577
IMPLOG,leaf,ForkJoinPool-101-worker-2,6,36,1,14,1000,101200,600,37300,226,22100,1786683659578
IMPLOG,leaf,ForkJoinPool-101-worker-1,6,36,1,14,900,83900,600,27400,267,19700,1786683659578
IMPLOG,leaf,ForkJoinPool-101-worker-3,6,36,1,14,1000,93500,500,34400,206,22300,1786683659578
IMPLOG,leaf,ForkJoinPool-101-worker-7,6,36,1,14,800,101500,600,38800,256,23400,1786683659578
IMPLOG,leaf,ForkJoinPool-101-worker-4,6,36,1,14,1000,107100,600,40100,256,23900,1786683659578
IMPLOG,leaf,ForkJoinPool-101-worker-5,6,36,1,14,900,109300,600,40900,259,24700,1786683659578
IMPLOG,leaf,ForkJoinPool-101-worker-1,6,36,1,14,600,74500,600,24900,265,18700,1786683659578
IMPLOG,leaf,ForkJoinPool-101-worker-2,6,36,1,14,800,106800,600,37900,253,23800,1786683659578
IMPLOG,leaf,ForkJoinPool-101-worker-3,6,36,1,14,800,91900,500,33100,220,21400,1786683659578
IMPLOG,leaf,ForkJoinPool-101-worker-5,6,36,1,14,800,90700,500,32700,217,21200,1786683659578
IMPLOG,leaf,ForkJoinPool-101-worker-7,6,36,1,14,900,101200,600,34200,229,21100,1786683659578
IMPLOG,leaf,ForkJoinPool-101-worker-4,6,36,1,14,800,107400,600,39300,249,23200,1786683659578
IMPLOG,leaf,ForkJoinPool-101-worker-1,6,36,1,14,700,62600,500,20200,210,15700,1786683659578
IMPLOG,leaf,ForkJoinPool-101-worker-2,6,36,1,14,800,87700,500,32500,200,18400,1786683659578
IMPLOG,leaf,ForkJoinPool-101-worker-1,6,36,1,14,500,64700,500,21900,222,16900,1786683659578
IMPLOG,leaf,ForkJoinPool-101-worker-3,6,36,1,14,800,90200,500,32100,213,21000,1786683659578
IMPLOG,leaf,ForkJoinPool-101-worker-7,6,36,1,14,1100,80800,500,30100,163,14900,1786683659578
IMPLOG,leaf,ForkJoinPool-101-worker-5,6,36,1,14,800,88500,500,34400,209,19800,1786683659578
IMPLOG,leaf,ForkJoinPool-101-worker-4,6,36,1,14,800,90200,500,34000,214,20400,1786683659578
IMPLOG,leaf,ForkJoinPool-101-worker-1,6,36,1,14,500,65400,500,21800,217,17100,1786683659578
IMPLOG,leaf,ForkJoinPool-101-worker-2,6,36,1,14,800,89900,500,33200,212,20100,1786683659578
IMPLOG,leaf,ForkJoinPool-101-worker-7,6,36,1,14,900,81100,500,32800,148,13300,1786683659578
IMPLOG,leaf,ForkJoinPool-101-worker-3,6,36,1,14,800,89300,500,33500,200,20000,1786683659578
IMPLOG,leaf,ForkJoinPool-101-worker-5,6,36,1,14,800,88700,500,32300,207,19300,1786683659578
IMPLOG,leaf,ForkJoinPool-101-worker-4,6,36,1,14,10400,89100,500,32000,209,20200,1786683659578
IMPLOG,leaf,ForkJoinPool-101-worker-1,6,36,1,14,500,76100,600,27400,248,19800,1786683659578
IMPLOG,leaf,ForkJoinPool-101-worker-2,6,36,1,14,800,89900,500,34400,203,20100,1786683659578
IMPLOG,leaf,ForkJoinPool-101-worker-7,6,36,1,14,700,82900,500,31200,156,15100,1786683659578
IMPLOG,leaf,ForkJoinPool-101-worker-5,6,36,1,14,800,91500,500,33900,219,20800,1786683659578
IMPLOG,leaf,ForkJoinPool-101-worker-3,6,36,1,14,6700,92500,500,33700,215,20400,1786683659578
IMPLOG,leaf,ForkJoinPool-101-worker-1,6,36,1,14,500,68300,500,22900,219,18000,1786683659578
IMPLOG,leaf,ForkJoinPool-101-worker-4,6,36,1,14,900,90300,500,33200,218,19600,1786683659578
IMPLOG,leaf,ForkJoinPool-101-worker-2,6,36,1,14,700,91000,500,33300,205,19800,1786683659578
IMPLOG,leaf,ForkJoinPool-101-worker-6,6,36,1,14,900,74000,500,25500,208,17900,1786683659578
IMPLOG,leaf,ForkJoinPool-101-worker-7,6,36,1,14,900,100400,500,32300,210,18200,1786683659578
IMPLOG,leaf,ForkJoinPool-101-worker-5,6,36,1,14,1000,91300,500,33700,208,19900,1786683659578
IMPLOG,scan,main,6,36,1,14,662000,1786683659578
IMPLOG,leaf,ForkJoinPool-101-worker-2,6,36,1,15,700,102700,600,38300,227,22500,1786683659579
IMPLOG,leaf,ForkJoinPool-101-worker-7,6,36,1,15,900,93600,500,36000,206,20600,1786683659579
IMPLOG,leaf,ForkJoinPool-101-worker-4,6,36,1,15,1000,112300,600,40500,267,26800,1786683659579
IMPLOG,leaf,ForkJoinPool-101-worker-1,6,36,1,15,900,110200,600,40300,256,25600,1786683659579
IMPLOG,leaf,ForkJoinPool-101-worker-5,6,36,1,15,1000,109600,600,40500,256,24000,1786683659579
IMPLOG,leaf,ForkJoinPool-101-worker-3,6,36,1,15,4700,90800,500,33500,218,21000,1786683659579
IMPLOG,leaf,ForkJoinPool-101-worker-2,6,36,1,15,800,106300,600,39400,252,23700,1786683659579
IMPLOG,leaf,ForkJoinPool-101-worker-7,6,36,1,15,800,91000,500,32900,220,22000,1786683659579
IMPLOG,leaf,ForkJoinPool-101-worker-3,6,36,1,15,800,89100,500,33300,208,19600,1786683659579
IMPLOG,leaf,ForkJoinPool-101-worker-4,6,36,1,15,800,108000,600,38200,263,24600,1786683659579
IMPLOG,leaf,ForkJoinPool-101-worker-1,6,36,1,15,800,106300,600,39900,229,21700,1786683659579
IMPLOG,leaf,ForkJoinPool-101-worker-5,6,36,1,15,10200,106400,600,39100,251,23900,1786683659579
IMPLOG,leaf,ForkJoinPool-101-worker-2,6,36,1,15,900,86700,500,32000,201,18300,1786683659579
IMPLOG,leaf,ForkJoinPool-101-worker-7,6,36,1,15,800,88900,500,31900,213,20200,1786683659579
IMPLOG,leaf,ForkJoinPool-101-worker-3,6,36,1,15,800,89000,500,33000,210,19700,1786683659579
IMPLOG,leaf,ForkJoinPool-101-worker-1,6,36,1,15,1000,84600,500,33500,163,15800,1786683659579
IMPLOG,leaf,ForkJoinPool-101-worker-4,6,36,1,15,800,89300,500,34200,210,20200,1786683659579
IMPLOG,leaf,ForkJoinPool-101-worker-5,6,36,1,15,800,90000,500,34000,214,20300,1786683659579
IMPLOG,leaf,ForkJoinPool-101-worker-2,6,36,1,15,700,88600,500,31000,212,19800,1786683659579
IMPLOG,leaf,ForkJoinPool-101-worker-7,6,36,1,15,800,89500,500,33100,200,20300,1786683659579
IMPLOG,leaf,ForkJoinPool-101-worker-3,6,36,1,15,800,89700,500,32100,208,19300,1786683659579
IMPLOG,leaf,ForkJoinPool-101-worker-1,6,36,1,15,800,84500,500,34200,148,14900,1786683659579
IMPLOG,leaf,ForkJoinPool-101-worker-4,6,36,1,15,800,91900,500,32900,222,21200,1786683659579
IMPLOG,leaf,ForkJoinPool-101-worker-5,6,36,1,15,800,88600,500,32200,207,19400,1786683659579
IMPLOG,leaf,ForkJoinPool-101-worker-7,6,36,1,15,800,85200,500,33700,157,15300,1786683659579
IMPLOG,leaf,ForkJoinPool-101-worker-2,6,36,1,15,800,88900,500,31500,203,18900,1786683659579
IMPLOG,leaf,ForkJoinPool-101-worker-4,6,36,1,15,800,69800,500,25400,216,16700,1786683659579
IMPLOG,leaf,ForkJoinPool-101-worker-3,6,36,1,15,800,90700,500,32100,221,20600,1786683659579
IMPLOG,leaf,ForkJoinPool-101-worker-6,6,36,1,15,800,108200,600,39900,259,24100,1786683659579
IMPLOG,leaf,ForkJoinPool-101-worker-5,6,36,1,15,1200,65600,500,21900,220,17500,1786683659579
IMPLOG,leaf,ForkJoinPool-101-worker-7,6,36,1,15,800,91600,500,34400,215,20500,1786683659579
IMPLOG,leaf,ForkJoinPool-101-worker-4,6,36,1,15,700,89200,500,33000,209,19900,1786683659579
IMPLOG,leaf,ForkJoinPool-101-worker-1,6,36,1,15,900,89100,500,32600,207,19700,1786683659579
IMPLOG,leaf,ForkJoinPool-101-worker-3,6,36,1,15,800,89600,500,34500,217,20800,1786683659579
IMPLOG,leaf,ForkJoinPool-101-worker-2,6,36,1,15,800,108900,600,38000,248,24700,1786683659579
IMPLOG,leaf,ForkJoinPool-101-worker-6,6,36,1,15,800,84900,500,31000,205,18900,1786683659579
IMPLOG,scan,main,6,36,1,15,652100,1786683659579
IMPLOG,leaf,ForkJoinPool-101-worker-3,6,36,1,16,700,61300,500,20900,218,16400,1786683659579
IMPLOG,leaf,ForkJoinPool-101-worker-7,6,36,1,16,600,92900,600,35000,227,19300,1786683659579
IMPLOG,leaf,ForkJoinPool-101-worker-1,6,36,1,16,6800,89800,500,33100,209,18900,1786683659579
IMPLOG,leaf,ForkJoinPool-101-worker-4,6,36,1,16,1300,108000,600,39400,256,24400,1786683659579
IMPLOG,leaf,ForkJoinPool-101-worker-6,6,36,1,16,900,108700,600,41200,258,24600,1786683659579
IMPLOG,leaf,ForkJoinPool-101-worker-2,6,36,1,16,1000,110500,600,40600,267,24600,1786683659579
IMPLOG,leaf,ForkJoinPool-101-worker-3,6,36,1,16,400,64200,500,22500,208,14900,1786683659579
IMPLOG,leaf,ForkJoinPool-101-worker-7,6,36,1,16,800,102000,600,38800,252,21600,1786683659579
IMPLOG,leaf,ForkJoinPool-101-worker-1,6,36,1,16,800,87300,500,32000,205,19100,1786683659579
IMPLOG,leaf,ForkJoinPool-101-worker-3,6,36,1,16,500,63500,500,21300,210,15700,1786683659579
IMPLOG,leaf,ForkJoinPool-101-worker-6,6,36,1,16,800,89800,500,34200,218,20300,1786683659579
IMPLOG,leaf,ForkJoinPool-101-worker-4,6,36,1,16,900,107000,600,40600,251,24000,1786683659579
IMPLOG,leaf,ForkJoinPool-101-worker-2,6,36,1,16,900,109500,600,40200,268,26000,1786683659579
IMPLOG,leaf,ForkJoinPool-101-worker-7,6,36,1,16,900,62400,500,22100,201,14500,1786683659579
IMPLOG,leaf,ForkJoinPool-101-worker-3,6,36,1,16,400,59800,500,19700,208,15400,1786683659579
IMPLOG,leaf,ForkJoinPool-101-worker-1,6,36,1,16,700,89500,500,32700,211,20200,1786683659579
IMPLOG,leaf,ForkJoinPool-101-worker-4,6,36,1,16,800,89800,500,34100,214,21000,1786683659579
IMPLOG,leaf,ForkJoinPool-101-worker-6,6,36,1,16,700,108600,600,40200,256,25600,1786683659579
IMPLOG,leaf,ForkJoinPool-101-worker-2,6,36,1,16,800,89600,500,34100,210,19600,1786683659579
IMPLOG,leaf,ForkJoinPool-101-worker-3,6,36,1,16,500,81200,500,26500,207,16700,1786683659580
IMPLOG,leaf,ForkJoinPool-101-worker-4,6,36,1,16,800,89900,500,32500,220,20200,1786683659580
IMPLOG,leaf,ForkJoinPool-101-worker-7,6,36,1,16,72400,85900,500,32200,207,18100,1786683659579
IMPLOG,leaf,ForkJoinPool-101-worker-2,6,36,1,16,800,90100,500,32800,223,20700,1786683659580
IMPLOG,leaf,ForkJoinPool-101-worker-1,6,36,1,16,800,129400,600,43700,247,40600,1786683659580
IMPLOG,leaf,ForkJoinPool-101-worker-6,6,36,1,16,800,109700,600,37900,229,22600,1786683659580
IMPLOG,leaf,ForkJoinPool-101-worker-5,6,36,1,16,1000,77900,500,26500,206,18600,1786683659580
IMPLOG,leaf,ForkJoinPool-101-worker-2,6,36,1,16,600,62100,500,20500,216,16000,1786683659580
IMPLOG,leaf,ForkJoinPool-101-worker-7,6,36,1,16,900,89200,500,33400,217,21400,1786683659580
IMPLOG,leaf,ForkJoinPool-101-worker-3,6,36,1,16,1100,81200,500,29700,205,18200,1786683659580
IMPLOG,leaf,ForkJoinPool-101-worker-4,6,36,1,16,1700,80100,500,29000,148,13400,1786683659580
IMPLOG,leaf,ForkJoinPool-101-worker-6,6,36,1,16,1100,80800,500,30500,163,15100,1786683659580
IMPLOG,leaf,ForkJoinPool-101-worker-5,6,36,1,16,600,83100,500,28600,219,19300,1786683659580
IMPLOG,leaf,ForkJoinPool-101-worker-1,6,36,1,16,1100,134700,500,31700,220,21800,1786683659580
IMPLOG,leaf,ForkJoinPool-101-worker-3,6,36,1,16,600,69800,500,24800,213,16700,1786683659580
IMPLOG,leaf,ForkJoinPool-101-worker-2,6,36,1,16,700,102200,500,55100,158,13800,1786683659580
IMPLOG,leaf,ForkJoinPool-101-worker-6,6,36,1,16,600,83800,500,29900,199,17000,1786683659580
IMPLOG,scan,main,6,36,1,16,682200,1786683659579
IMPLOG,leaf,ForkJoinPool-101-worker-7,6,36,1,17,1300,102400,600,39700,227,21700,1786683659580
IMPLOG,leaf,ForkJoinPool-101-worker-6,6,36,1,17,1100,85000,600,30700,256,21200,1786683659580
IMPLOG,leaf,ForkJoinPool-101-worker-3,6,36,1,17,600,80800,600,28400,258,20700,1786683659580
IMPLOG,leaf,ForkJoinPool-101-worker-1,6,36,1,17,1000,89200,500,32800,206,19300,1786683659580
IMPLOG,leaf,ForkJoinPool-101-worker-2,6,36,1,17,1100,111100,600,40700,269,26700,1786683659580
IMPLOG,leaf,ForkJoinPool-101-worker-5,6,36,1,17,1100,106500,600,40600,256,23600,1786683659580
IMPLOG,leaf,ForkJoinPool-101-worker-3,6,36,1,17,800,64500,500,21200,219,16000,1786683659580
IMPLOG,leaf,ForkJoinPool-101-worker-6,6,36,1,17,500,70900,600,26500,229,17200,1786683659580
IMPLOG,leaf,ForkJoinPool-101-worker-1,6,36,1,17,800,90000,500,33200,216,21200,1786683659580
IMPLOG,leaf,ForkJoinPool-101-worker-7,6,36,1,17,800,107000,600,39600,253,23300,1786683659580
IMPLOG,leaf,ForkJoinPool-101-worker-6,6,36,1,17,400,56200,500,21100,162,12500,1786683659580
IMPLOG,leaf,ForkJoinPool-101-worker-2,6,36,1,17,900,109700,600,40400,268,24800,1786683659580
IMPLOG,leaf,ForkJoinPool-101-worker-5,6,36,1,17,900,106400,600,40200,253,24200,1786683659580
IMPLOG,leaf,ForkJoinPool-101-worker-3,6,36,1,17,400,64100,500,23300,208,15800,1786683659580
IMPLOG,leaf,ForkJoinPool-101-worker-6,6,36,1,17,400,55700,500,22400,148,11300,1786683659580
IMPLOG,leaf,ForkJoinPool-101-worker-1,6,36,1,17,800,90700,500,34200,213,20700,1786683659580
IMPLOG,leaf,ForkJoinPool-101-worker-7,6,36,1,17,800,87400,500,33200,200,18900,1786683659580
IMPLOG,leaf,ForkJoinPool-101-worker-3,6,36,1,17,500,63600,500,22400,205,15100,1786683659580
IMPLOG,leaf,ForkJoinPool-101-worker-2,6,36,1,17,900,89200,500,33300,209,20000,1786683659580
IMPLOG,leaf,ForkJoinPool-101-worker-5,6,36,1,17,800,89200,500,32900,214,19800,1786683659580
IMPLOG,leaf,ForkJoinPool-101-worker-6,6,36,1,17,500,56200,500,20100,158,11900,1786683659580
IMPLOG,leaf,ForkJoinPool-101-worker-3,6,36,1,17,8700,68600,500,26200,207,16700,1786683659580
IMPLOG,leaf,ForkJoinPool-101-worker-7,6,36,1,17,800,88400,500,32000,211,19700,1786683659580
IMPLOG,leaf,ForkJoinPool-101-worker-1,6,36,1,17,800,90000,500,33400,199,19200,1786683659580
IMPLOG,leaf,ForkJoinPool-101-worker-5,6,36,1,17,800,89500,500,32300,207,19400,1786683659580
IMPLOG,leaf,ForkJoinPool-101-worker-2,6,36,1,17,800,90200,500,33200,223,20300,1786683659580
IMPLOG,leaf,ForkJoinPool-101-worker-4,6,36,1,17,600,76400,600,25400,246,19300,1786683659580
IMPLOG,leaf,ForkJoinPool-101-worker-3,6,36,1,17,900,86800,500,33600,217,19500,1786683659580
IMPLOG,leaf,ForkJoinPool-101-worker-7,6,36,1,17,800,89800,500,34500,216,20100,1786683659580
IMPLOG,leaf,ForkJoinPool-101-worker-1,6,36,1,17,800,90200,500,32800,218,19900,1786683659580
IMPLOG,leaf,ForkJoinPool-101-worker-6,6,36,1,17,1000,85200,500,31900,203,18900,1786683659580
IMPLOG,leaf,ForkJoinPool-101-worker-5,6,36,1,17,800,90600,500,33300,221,20600,1786683659580
IMPLOG,leaf,ForkJoinPool-101-worker-2,6,36,1,17,700,91000,500,32900,220,20100,1786683659580
IMPLOG,leaf,ForkJoinPool-101-worker-1,6,36,1,17,800,71600,500,27200,209,17400,1786683659580
IMPLOG,leaf,ForkJoinPool-101-worker-7,6,36,1,17,900,77700,500,27000,210,17200,1786683659580
IMPLOG,leaf,ForkJoinPool-101-worker-6,6,36,1,17,700,77500,500,30200,208,16200,1786683659580
IMPLOG,scan,main,6,36,1,17,628700,1786683659580
IMPLOG,leaf,ForkJoinPool-101-worker-2,6,36,1,18,500,77000,600,25100,246,18400,1786683659581
IMPLOG,leaf,ForkJoinPool-101-worker-7,6,36,1,18,1000,103400,600,38100,227,20900,1786683659581
IMPLOG,leaf,ForkJoinPool-101-worker-4,6,36,1,18,1000,90500,500,33200,218,19700,1786683659581
IMPLOG,leaf,ForkJoinPool-101-worker-5,6,36,1,18,1000,109800,600,40500,270,25900,1786683659581
IMPLOG,leaf,ForkJoinPool-101-worker-1,6,36,1,18,1100,103800,600,35500,256,21600,1786683659581
IMPLOG,leaf,ForkJoinPool-101-worker-6,6,36,1,18,1000,108000,600,39000,256,24100,1786683659581
IMPLOG,leaf,ForkJoinPool-101-worker-2,6,36,1,18,500,65800,500,22000,220,17000,1786683659581
IMPLOG,leaf,ForkJoinPool-101-worker-1,6,36,1,18,1000,77600,600,28700,229,18300,1786683659581
IMPLOG,leaf,ForkJoinPool-101-worker-4,6,36,1,18,800,88300,500,33400,209,19400,1786683659581
IMPLOG,leaf,ForkJoinPool-101-worker-7,6,36,1,18,900,106600,600,38100,253,24800,1786683659581
IMPLOG,leaf,ForkJoinPool-101-worker-5,6,36,1,18,800,108500,600,38400,268,26900,1786683659581
IMPLOG,leaf,ForkJoinPool-101-worker-2,6,36,1,18,800,72500,500,24500,217,17800,1786683659581
IMPLOG,leaf,ForkJoinPool-101-worker-6,6,36,1,18,11500,106600,600,38300,253,23500,1786683659581
IMPLOG,leaf,ForkJoinPool-101-worker-1,6,36,1,18,500,60100,500,22500,162,12800,1786683659581
IMPLOG,leaf,ForkJoinPool-101-worker-4,6,36,1,18,800,89500,500,34200,210,19800,1786683659581
IMPLOG,leaf,ForkJoinPool-101-worker-7,6,36,1,18,800,87700,500,32600,200,18800,1786683659581
IMPLOG,leaf,ForkJoinPool-101-worker-2,6,36,1,18,400,64200,500,23300,203,15200,1786683659581
IMPLOG,leaf,ForkJoinPool-101-worker-5,6,36,1,18,800,89300,500,32900,209,19900,1786683659581
IMPLOG,leaf,ForkJoinPool-101-worker-1,6,36,1,18,500,58700,500,22400,148,11000,1786683659581
IMPLOG,leaf,ForkJoinPool-101-worker-6,6,36,1,18,800,89400,500,33500,214,20000,1786683659581
IMPLOG,leaf,ForkJoinPool-101-worker-2,6,36,1,18,500,61900,500,20200,223,16100,1786683659581
IMPLOG,leaf,ForkJoinPool-101-worker-1,6,36,1,18,500,56100,500,21300,157,11800,1786683659581
IMPLOG,leaf,ForkJoinPool-101-worker-4,6,36,1,18,800,88500,500,32500,208,19100,1786683659581
IMPLOG,leaf,ForkJoinPool-101-worker-7,6,36,1,18,800,89500,500,34500,211,20000,1786683659581
IMPLOG,leaf,ForkJoinPool-101-worker-5,6,36,1,18,800,88600,500,33200,206,19900,1786683659581
IMPLOG,leaf,ForkJoinPool-101-worker-6,6,36,1,18,800,89800,500,31400,209,19600,1786683659581
IMPLOG,leaf,ForkJoinPool-101-worker-2,6,36,1,18,400,69600,500,23000,217,17200,1786683659581
IMPLOG,leaf,ForkJoinPool-101-worker-1,6,36,1,18,500,67100,500,22300,213,16600,1786683659581
IMPLOG,leaf,ForkJoinPool-101-worker-7,6,36,1,18,800,88700,500,34000,207,19700,1786683659581
IMPLOG,leaf,ForkJoinPool-101-worker-4,6,36,1,18,800,89600,500,32800,222,20100,1786683659581
IMPLOG,leaf,ForkJoinPool-101-worker-5,6,36,1,18,800,90200,500,32600,216,20000,1786683659581
IMPLOG,leaf,ForkJoinPool-101-worker-3,6,36,1,18,900,88200,500,33700,200,19200,1786683659581
IMPLOG,leaf,ForkJoinPool-101-worker-2,6,36,1,18,500,85800,600,30000,258,20700,1786683659581
IMPLOG,leaf,ForkJoinPool-101-worker-7,6,36,1,18,800,77500,500,26600,208,16800,1786683659581
IMPLOG,leaf,ForkJoinPool-101-worker-4,6,36,1,18,800,82800,500,29400,219,20100,1786683659581
IMPLOG,leaf,ForkJoinPool-101-worker-6,6,36,1,18,900,76800,500,28700,205,17200,1786683659581
IMPLOG,scan,main,6,36,1,18,602300,1786683659581
IMPLOG,leaf,ForkJoinPool-101-worker-2,6,36,1,19,1000,74400,600,25800,252,19400,1786683659581
IMPLOG,leaf,ForkJoinPool-101-worker-4,6,36,1,19,1000,103800,600,38900,227,22100,1786683659581
IMPLOG,leaf,ForkJoinPool-101-worker-5,6,36,1,19,1000,87400,500,32000,211,18400,1786683659581
IMPLOG,leaf,ForkJoinPool-101-worker-7,6,36,1,19,900,108700,600,39500,270,25900,1786683659581
IMPLOG,leaf,ForkJoinPool-101-worker-6,6,36,1,19,900,110100,600,39800,256,25000,1786683659581
IMPLOG,leaf,ForkJoinPool-101-worker-1,6,36,1,19,1000,107500,600,38900,258,24200,1786683659581
IMPLOG,leaf,ForkJoinPool-101-worker-2,6,36,1,19,400,75800,600,26100,216,16700,1786683659581
IMPLOG,leaf,ForkJoinPool-101-worker-5,6,36,1,19,1000,85400,500,31500,207,18000,1786683659581
IMPLOG,leaf,ForkJoinPool-101-worker-4,6,36,1,19,800,106800,600,38600,253,23800,1786683659581
IMPLOG,leaf,ForkJoinPool-101-worker-1,6,36,1,19,800,90700,500,33000,219,21400,1786683659581
IMPLOG,leaf,ForkJoinPool-101-worker-7,6,36,1,19,900,108600,600,40200,259,24800,1786683659581
IMPLOG,leaf,ForkJoinPool-101-worker-6,6,36,1,19,800,105200,600,39000,219,21500,1786683659581
IMPLOG,leaf,ForkJoinPool-101-worker-2,6,36,1,19,500,61100,500,21700,162,13100,1786683659581
IMPLOG,leaf,ForkJoinPool-101-worker-5,6,36,1,19,12900,85000,500,30700,200,17800,1786683659581
IMPLOG,leaf,ForkJoinPool-101-worker-2,6,36,1,19,500,57800,500,23300,133,10800,1786683659581
IMPLOG,leaf,ForkJoinPool-101-worker-4,6,36,1,19,1100,89000,500,31300,210,19100,1786683659581
IMPLOG,leaf,ForkJoinPool-101-worker-6,6,36,1,19,800,83900,500,34100,154,14100,1786683659581
IMPLOG,leaf,ForkJoinPool-101-worker-7,6,36,1,19,800,89200,500,33800,209,19400,1786683659581
IMPLOG,leaf,ForkJoinPool-101-worker-1,6,36,1,19,9300,89800,500,33200,208,20100,1786683659581
IMPLOG,leaf,ForkJoinPool-101-worker-2,6,36,1,19,800,60000,500,24100,170,13000,1786683659581
IMPLOG,leaf,ForkJoinPool-101-worker-5,6,36,1,19,900,85500,500,31800,192,16800,1786683659581
IMPLOG,leaf,ForkJoinPool-101-worker-4,6,36,1,19,900,89400,500,32600,209,20000,1786683659581
IMPLOG,leaf,ForkJoinPool-101-worker-6,6,36,1,19,700,88000,500,34200,195,19300,1786683659581
IMPLOG,leaf,ForkJoinPool-101-worker-1,6,36,1,19,800,87900,500,32500,205,19400,1786683659581
IMPLOG,leaf,ForkJoinPool-101-worker-2,6,36,1,19,500,64600,500,23200,206,16100,1786683659582
IMPLOG,leaf,ForkJoinPool-101-worker-7,6,36,1,19,13000,93500,500,37100,209,20300,1786683659581
IMPLOG,leaf,ForkJoinPool-101-worker-5,6,36,1,19,800,62200,500,19700,208,16300,1786683659582
IMPLOG,leaf,ForkJoinPool-101-worker-4,6,36,1,19,700,90400,500,33000,222,20800,1786683659582
IMPLOG,leaf,ForkJoinPool-101-worker-2,6,36,1,19,400,66900,500,23100,216,16600,1786683659582
IMPLOG,leaf,ForkJoinPool-101-worker-1,6,36,1,19,800,90200,500,33300,204,20500,1786683659582
IMPLOG,leaf,ForkJoinPool-101-worker-6,6,36,1,19,800,101300,600,40600,185,18700,1786683659582
IMPLOG,leaf,ForkJoinPool-101-worker-5,6,36,1,19,800,62300,500,23800,193,15600,1786683659582
IMPLOG,leaf,ForkJoinPool-101-worker-7,6,36,1,19,900,89300,500,33900,200,20100,1786683659582
IMPLOG,leaf,ForkJoinPool-101-worker-2,6,36,1,19,400,63900,500,22300,194,15700,1786683659582
IMPLOG,leaf,ForkJoinPool-101-worker-4,6,36,1,19,800,88200,500,32400,203,18900,1786683659582
IMPLOG,leaf,ForkJoinPool-101-worker-3,6,36,1,19,900,85200,500,33200,177,17000,1786683659582
IMPLOG,scan,main,6,36,1,19,634900,1786683659581
IMPLOG,leaf,ForkJoinPool-101-worker-5,6,36,1,20,600,61600,500,19300,213,15800,1786683659582
IMPLOG,leaf,ForkJoinPool-101-worker-4,6,36,1,20,1000,99400,600,36100,227,20800,1786683659582
IMPLOG,leaf,ForkJoinPool-101-worker-7,6,36,1,20,900,108400,600,39900,270,25700,1786683659582
IMPLOG,leaf,ForkJoinPool-101-worker-6,6,36,1,20,1000,108000,600,40300,252,23700,1786683659582
IMPLOG,leaf,ForkJoinPool-101-worker-3,6,36,1,20,900,106900,600,38700,257,24000,1786683659582
IMPLOG,leaf,ForkJoinPool-101-worker-2,6,36,1,20,1000,108000,600,39600,258,24600,1786683659582
IMPLOG,leaf,ForkJoinPool-101-worker-5,6,36,1,20,800,60900,500,21100,202,15100,1786683659582
IMPLOG,leaf,ForkJoinPool-101-worker-4,6,36,1,20,800,90600,600,32600,253,20600,1786683659582
IMPLOG,leaf,ForkJoinPool-101-worker-5,6,36,1,20,400,62600,500,22200,200,15700,1786683659582
IMPLOG,leaf,ForkJoinPool-101-worker-2,6,36,1,20,900,90300,500,33400,219,20000,1786683659582
IMPLOG,leaf,ForkJoinPool-101-worker-7,6,36,1,20,800,108800,600,40400,260,23800,1786683659582
IMPLOG,leaf,ForkJoinPool-101-worker-6,6,36,1,20,800,104600,600,40900,216,21500,1786683659582
IMPLOG,leaf,ForkJoinPool-101-worker-3,6,36,1,20,800,103700,600,38600,220,20400,1786683659582
IMPLOG,leaf,ForkJoinPool-101-worker-4,6,36,1,20,500,63200,500,21200,206,16600,1786683659582
IMPLOG,leaf,ForkJoinPool-101-worker-5,6,36,1,20,500,60400,500,21600,203,14700,1786683659582
IMPLOG,leaf,ForkJoinPool-101-worker-2,6,36,1,20,800,88600,500,33200,208,19600,1786683659582
IMPLOG,leaf,ForkJoinPool-101-worker-3,6,36,1,20,700,83100,500,32900,156,14300,1786683659582
IMPLOG,leaf,ForkJoinPool-101-worker-6,6,36,1,20,800,86400,500,34700,162,15500,1786683659582
IMPLOG,leaf,ForkJoinPool-101-worker-7,6,36,1,20,800,89900,500,31600,209,19200,1786683659582
IMPLOG,leaf,ForkJoinPool-101-worker-4,6,36,1,20,800,64900,500,22900,215,15800,1786683659582
IMPLOG,leaf,ForkJoinPool-101-worker-5,6,36,1,20,400,60700,500,18100,194,14400,1786683659582
IMPLOG,leaf,ForkJoinPool-101-worker-4,6,36,1,20,900,60200,500,22700,170,13600,1786683659582
IMPLOG,leaf,ForkJoinPool-101-worker-5,6,36,1,20,500,60700,500,20700,209,15800,1786683659582
IMPLOG,leaf,ForkJoinPool-101-worker-6,6,36,1,20,800,83000,500,33800,131,13400,1786683659582
IMPLOG,leaf,ForkJoinPool-101-worker-2,6,36,1,20,700,89400,500,33600,211,20500,1786683659582
IMPLOG,leaf,ForkJoinPool-101-worker-3,6,36,1,20,700,87400,500,33500,195,17900,1786683659582
IMPLOG,leaf,ForkJoinPool-101-worker-7,6,36,1,20,800,89600,500,32400,210,18700,1786683659582
IMPLOG,leaf,ForkJoinPool-101-worker-4,6,36,1,20,400,62900,500,23100,191,15200,1786683659582
IMPLOG,leaf,ForkJoinPool-101-worker-5,6,36,1,20,400,60100,500,20600,209,14200,1786683659582
IMPLOG,leaf,ForkJoinPool-101-worker-2,6,36,1,20,900,88900,500,31800,208,20200,1786683659582
IMPLOG,leaf,ForkJoinPool-101-worker-3,6,36,1,20,800,89100,500,31000,222,20300,1786683659582
IMPLOG,leaf,ForkJoinPool-101-worker-7,6,36,1,20,800,89200,500,32700,200,19700,1786683659582
IMPLOG,leaf,ForkJoinPool-101-worker-6,6,36,1,20,800,100400,600,40600,183,18300,1786683659582
IMPLOG,leaf,ForkJoinPool-101-worker-4,6,36,1,20,400,87700,500,32200,193,18600,1786683659582
IMPLOG,leaf,ForkJoinPool-101-worker-1,6,36,1,20,1100,85500,500,32300,179,16700,1786683659582
IMPLOG,leaf,ForkJoinPool-101-worker-2,6,36,1,20,700,65800,500,21900,203,15600,1786683659582
IMPLOG,scan,main,6,36,1,20,604400,1786683659582
IMPLOG,leaf,ForkJoinPool-101-worker-6,6,36,1,21,600,55700,500,24000,137,10700,1786683659582
IMPLOG,leaf,ForkJoinPool-101-worker-5,6,36,1,21,900,61400,500,20700,209,15400,1786683659582
IMPLOG,leaf,ForkJoinPool-101-worker-1,6,36,1,21,1100,71300,600,25900,198,15900,1786683659582
IMPLOG,leaf,ForkJoinPool-101-worker-4,6,36,1,21,1100,103800,600,38700,231,21600,1786683659582
IMPLOG,leaf,ForkJoinPool-101-worker-3,6,36,1,21,1100,109900,600,40200,270,26600,1786683659582
IMPLOG,leaf,ForkJoinPool-101-worker-7,6,36,1,21,1000,106900,600,36900,251,22300,1786683659582
IMPLOG,leaf,ForkJoinPool-101-worker-6,6,36,1,21,500,59400,500,20800,176,12900,1786683659582
IMPLOG,leaf,ForkJoinPool-101-worker-5,6,36,1,21,500,61300,500,19800,216,16300,1786683659582
IMPLOG,leaf,ForkJoinPool-101-worker-1,6,36,1,21,500,64700,500,24700,184,14700,1786683659582
IMPLOG,leaf,ForkJoinPool-101-worker-6,6,36,1,21,400,58900,500,22100,168,12300,1786683659583
IMPLOG,leaf,ForkJoinPool-101-worker-5,6,36,1,21,400,62900,500,19700,203,15200,1786683659583
IMPLOG,leaf,ForkJoinPool-101-worker-4,6,36,1,21,800,105700,600,39300,255,22800,1786683659583
IMPLOG,leaf,ForkJoinPool-101-worker-1,6,36,1,21,500,65700,500,22700,197,14700,1786683659583
IMPLOG,leaf,ForkJoinPool-101-worker-3,6,36,1,21,800,108000,600,38200,260,23700,1786683659583
IMPLOG,leaf,ForkJoinPool-101-worker-7,6,36,1,21,900,102200,600,38800,221,19700,1786683659583
IMPLOG,leaf,ForkJoinPool-101-worker-5,6,36,1,21,400,60500,500,19900,197,16600,1786683659583
IMPLOG,leaf,ForkJoinPool-101-worker-6,6,36,1,21,700,71900,600,23800,257,18900,1786683659583
IMPLOG,leaf,ForkJoinPool-101-worker-1,6,36,1,21,1000,68300,500,24100,207,14700,1786683659583
IMPLOG,leaf,ForkJoinPool-101-worker-4,6,36,1,21,800,87200,500,30900,203,18500,1786683659583
IMPLOG,leaf,ForkJoinPool-101-worker-2,6,36,1,21,800,78900,500,27100,209,17100,1786683659583
IMPLOG,leaf,ForkJoinPool-101-worker-3,6,36,1,21,900,88400,500,31500,210,20100,1786683659583
IMPLOG,leaf,ForkJoinPool-101-worker-6,6,36,1,21,10500,69900,600,26500,220,16400,1786683659583
IMPLOG,leaf,ForkJoinPool-101-worker-5,6,36,1,21,500,82400,500,30600,190,16600,1786683659583
IMPLOG,leaf,ForkJoinPool-101-worker-7,6,36,1,21,4200,90000,500,33200,209,19000,1786683659583
IMPLOG,leaf,ForkJoinPool-101-worker-1,6,36,1,21,800,88800,500,33700,209,19700,1786683659583
IMPLOG,leaf,ForkJoinPool-101-worker-2,6,36,1,21,600,67200,500,23800,210,16000,1786683659583
IMPLOG,leaf,ForkJoinPool-101-worker-4,6,36,1,21,9000,89200,500,31300,216,20400,1786683659583
IMPLOG,leaf,ForkJoinPool-101-worker-3,6,36,1,21,800,89800,500,33400,206,20400,1786683659583
IMPLOG,leaf,ForkJoinPool-101-worker-6,6,36,1,21,400,58800,500,23500,156,11900,1786683659583
IMPLOG,leaf,ForkJoinPool-101-worker-5,6,36,1,21,800,85400,500,31700,204,18600,1786683659583
IMPLOG,leaf,ForkJoinPool-101-worker-2,6,36,1,21,900,87500,500,33200,197,18600,1786683659583
IMPLOG,leaf,ForkJoinPool-101-worker-1,6,36,1,21,400,104300,600,38300,260,23600,1786683659583
IMPLOG,leaf,ForkJoinPool-101-worker-4,6,36,1,21,800,89700,500,34100,209,20900,1786683659583
IMPLOG,leaf,ForkJoinPool-101-worker-6,6,36,1,21,800,88300,500,32100,222,20700,1786683659583
IMPLOG,leaf,ForkJoinPool-101-worker-7,6,36,1,21,900,86700,500,30400,217,19200,1786683659583
IMPLOG,leaf,ForkJoinPool-101-worker-3,6,36,1,21,900,88900,500,32700,214,20200,1786683659583
IMPLOG,scan,main,6,36,1,21,552000,1786683659582
IMPLOG,leaf,ForkJoinPool-101-worker-5,6,36,1,22,600,62200,500,22100,209,16200,1786683659583
IMPLOG,leaf,ForkJoinPool-101-worker-4,6,36,1,22,1100,101500,600,36000,231,20900,1786683659583
IMPLOG,leaf,ForkJoinPool-101-worker-3,6,36,1,22,1400,101700,600,39600,198,19300,1786683659583
IMPLOG,leaf,ForkJoinPool-101-worker-1,6,36,1,22,1000,108800,600,39200,270,25600,1786683659583
IMPLOG,leaf,ForkJoinPool-101-worker-2,6,36,1,22,1000,108000,600,40200,251,25600,1786683659583
IMPLOG,leaf,ForkJoinPool-101-worker-6,6,36,1,22,1000,106800,600,40000,257,24100,1786683659583
IMPLOG,leaf,ForkJoinPool-101-worker-5,6,36,1,22,500,66000,500,23000,215,16400,1786683659583
IMPLOG,leaf,ForkJoinPool-101-worker-4,6,36,1,22,900,95500,600,32300,255,21100,1786683659583
IMPLOG,leaf,ForkJoinPool-101-worker-3,6,36,1,22,900,88000,500,32200,184,17500,1786683659583
IMPLOG,leaf,ForkJoinPool-101-worker-5,6,36,1,22,500,64600,500,21900,202,15300,1786683659583
IMPLOG,leaf,ForkJoinPool-101-worker-1,6,36,1,22,800,111200,600,38700,260,24400,1786683659583
IMPLOG,leaf,ForkJoinPool-101-worker-6,6,36,1,22,800,104400,600,40200,220,21500,1786683659583
IMPLOG,leaf,ForkJoinPool-101-worker-2,6,36,1,22,9800,106700,600,39900,222,22500,1786683659583
IMPLOG,leaf,ForkJoinPool-101-worker-4,6,36,1,22,500,62700,500,23500,203,15900,1786683659583
IMPLOG,leaf,ForkJoinPool-101-worker-5,6,36,1,22,700,63900,500,22000,197,15500,1786683659583
IMPLOG,leaf,ForkJoinPool-101-worker-3,6,36,1,22,800,89800,500,33500,197,19500,1786683659583
IMPLOG,leaf,ForkJoinPool-101-worker-6,6,36,1,22,800,84700,500,33700,156,14500,1786683659583
IMPLOG,leaf,ForkJoinPool-101-worker-1,6,36,1,22,800,89300,500,32900,210,19800,1786683659583
IMPLOG,leaf,ForkJoinPool-101-worker-2,6,36,1,22,1200,87100,500,35700,168,16200,1786683659583
IMPLOG,leaf,ForkJoinPool-101-worker-5,6,36,1,22,500,60800,500,23600,137,11500,1786683659583
IMPLOG,leaf,ForkJoinPool-101-worker-4,6,36,1,22,800,86800,500,30200,216,20000,1786683659583
IMPLOG,leaf,ForkJoinPool-101-worker-3,6,36,1,22,800,89200,500,32400,207,18400,1786683659583
IMPLOG,leaf,ForkJoinPool-101-worker-6,6,36,1,22,900,87900,500,34000,197,19100,1786683659583
IMPLOG,leaf,ForkJoinPool-101-worker-1,6,36,1,22,800,90200,500,32800,209,21000,1786683659583
IMPLOG,leaf,ForkJoinPool-101-worker-2,6,36,1,22,800,89300,500,35200,176,17900,1786683659583
IMPLOG,leaf,ForkJoinPool-101-worker-4,6,36,1,22,700,78900,500,28000,204,17800,1786683659583
IMPLOG,leaf,ForkJoinPool-101-worker-7,6,36,1,22,3600,78700,600,26100,260,19500,1786683659583
IMPLOG,leaf,ForkJoinPool-101-worker-3,6,36,1,22,800,90500,500,32500,206,20700,1786683659583
IMPLOG,leaf,ForkJoinPool-101-worker-5,6,36,1,22,700,65700,500,21200,209,16700,1786683659583
IMPLOG,leaf,ForkJoinPool-101-worker-6,6,36,1,22,800,89100,500,30200,222,21600,1786683659583
IMPLOG,leaf,ForkJoinPool-101-worker-4,6,36,1,22,800,81400,500,27500,214,18900,1786683659583
IMPLOG,leaf,ForkJoinPool-101-worker-2,6,36,1,22,1300,89900,500,34100,217,20000,1786683659583
IMPLOG,leaf,ForkJoinPool-101-worker-7,6,36,1,22,800,88800,500,31900,209,20100,1786683659583
IMPLOG,leaf,ForkJoinPool-101-worker-1,6,36,1,22,900,69400,500,25100,210,16700,1786683659583
IMPLOG,leaf,ForkJoinPool-101-worker-3,6,36,1,22,7100,87200,500,33200,190,17400,1786683659583
IMPLOG,leaf,ForkJoinPool-101-worker-6,6,36,1,22,800,89200,500,33200,209,19700,1786683659583
IMPLOG,scan,main,6,36,1,22,635800,1786683659583
IMPLOG,leaf,ForkJoinPool-101-worker-2,6,36,1,23,1000,60600,500,20600,200,15300,1786683659584
IMPLOG,leaf,ForkJoinPool-101-worker-4,6,36,1,23,800,102100,600,39500,211,21000,1786683659584
IMPLOG,leaf,ForkJoinPool-101-worker-7,6,36,1,23,1000,100100,600,38300,257,21600,1786683659584
IMPLOG,leaf,ForkJoinPool-101-worker-1,6,36,1,23,900,101900,600,41500,179,18600,1786683659584
IMPLOG,leaf,ForkJoinPool-101-worker-6,6,36,1,23,900,111300,600,39600,270,26300,1786683659584
IMPLOG,leaf,ForkJoinPool-101-worker-3,6,36,1,23,1000,109900,600,39900,255,25200,1786683659584
IMPLOG,leaf,ForkJoinPool-101-worker-2,6,36,1,23,500,60500,500,20900,207,14000,1786683659584
IMPLOG,leaf,ForkJoinPool-101-worker-2,6,36,1,23,1400,61200,500,21500,205,16400,1786683659584
IMPLOG,leaf,ForkJoinPool-101-worker-1,6,36,1,23,900,87200,500,33800,171,16900,1786683659584
IMPLOG,leaf,ForkJoinPool-101-worker-4,6,36,1,23,900,106300,600,39600,231,22900,1786683659584
IMPLOG,leaf,ForkJoinPool-101-worker-7,6,36,1,23,3200,100000,600,37200,236,21500,1786683659584
IMPLOG,leaf,ForkJoinPool-101-worker-3,6,36,1,23,800,104500,600,41600,201,21300,1786683659584
IMPLOG,leaf,ForkJoinPool-101-worker-6,6,36,1,23,800,108800,600,39700,252,24300,1786683659584
IMPLOG,leaf,ForkJoinPool-101-worker-2,6,36,1,23,400,59000,500,21200,190,13800,1786683659584
IMPLOG,leaf,ForkJoinPool-101-worker-1,6,36,1,23,800,88400,500,35100,178,17800,1786683659584
IMPLOG,leaf,ForkJoinPool-101-worker-4,6,36,1,23,800,87100,500,32600,186,17900,1786683659584
IMPLOG,leaf,ForkJoinPool-101-worker-7,6,36,1,23,700,85100,500,29500,210,19500,1786683659584
IMPLOG,leaf,ForkJoinPool-101-worker-3,6,36,1,23,800,85200,500,34400,168,15600,1786683659584
IMPLOG,leaf,ForkJoinPool-101-worker-6,6,36,1,23,800,89900,500,30900,207,20100,1786683659584
IMPLOG,leaf,ForkJoinPool-101-worker-2,6,36,1,23,800,59400,500,20400,192,14600,1786683659584
IMPLOG,leaf,ForkJoinPool-101-worker-4,6,36,1,23,1000,87600,500,32400,199,18400,1786683659584
IMPLOG,leaf,ForkJoinPool-101-worker-7,6,36,1,23,800,85800,500,31500,222,18800,1786683659584
IMPLOG,leaf,ForkJoinPool-101-worker-5,6,36,1,23,800,63100,500,22300,207,16200,1786683659584
IMPLOG,leaf,ForkJoinPool-101-worker-1,6,36,1,23,8100,90900,500,35100,201,19600,1786683659584
IMPLOG,leaf,ForkJoinPool-101-worker-3,6,36,1,23,800,86400,500,34500,151,15100,1786683659584
IMPLOG,leaf,ForkJoinPool-101-worker-6,6,36,1,23,900,91100,500,32900,221,21800,1786683659584
IMPLOG,leaf,ForkJoinPool-101-worker-4,6,36,1,23,800,88000,500,32600,202,19300,1786683659584
IMPLOG,leaf,ForkJoinPool-101-worker-2,6,36,1,23,800,84900,500,31800,207,19000,1786683659584
IMPLOG,leaf,ForkJoinPool-101-worker-1,6,36,1,23,800,89200,500,35100,188,19300,1786683659584
IMPLOG,leaf,ForkJoinPool-101-worker-3,6,36,1,23,900,88400,500,35200,176,18500,1786683659584
IMPLOG,leaf,ForkJoinPool-101-worker-7,6,36,1,23,1000,88600,500,32700,201,18500,1786683659584
IMPLOG,leaf,ForkJoinPool-101-worker-5,6,36,1,23,900,106600,600,38300,241,22500,1786683659584
IMPLOG,leaf,ForkJoinPool-101-worker-6,6,36,1,23,800,90800,500,33300,213,19900,1786683659584
IMPLOG,leaf,ForkJoinPool-101-worker-4,6,36,1,23,800,71200,500,24700,194,16500,1786683659584
IMPLOG,leaf,ForkJoinPool-101-worker-1,6,36,1,23,700,91500,500,34200,215,20400,1786683659584
IMPLOG,leaf,ForkJoinPool-101-worker-3,6,36,1,23,800,89900,500,33500,195,19900,1786683659584
IMPLOG,scan,main,6,36,1,23,631300,1786683659584
IMPLOG,leaf,ForkJoinPool-101-worker-5,6,36,1,24,1300,67600,600,24600,179,12400,1786683659584
IMPLOG,leaf,ForkJoinPool-101-worker-4,6,36,1,24,900,97900,600,37700,211,18900,1786683659584
IMPLOG,leaf,ForkJoinPool-101-worker-6,6,36,1,24,1000,110100,600,41000,269,25500,1786683659584
IMPLOG,leaf,ForkJoinPool-101-worker-2,6,36,1,24,1000,104800,600,39700,242,21800,1786683659584
IMPLOG,leaf,ForkJoinPool-101-worker-3,6,36,1,24,900,107800,600,39000,257,24000,1786683659584
IMPLOG,leaf,ForkJoinPool-101-worker-1,6,36,1,24,900,110500,600,40100,257,26400,1786683659584
IMPLOG,leaf,ForkJoinPool-101-worker-5,6,36,1,24,500,58200,500,22400,171,12300,1786683659584
IMPLOG,leaf,ForkJoinPool-101-worker-4,6,36,1,24,900,98600,600,37600,231,19800,1786683659584
IMPLOG,leaf,ForkJoinPool-101-worker-5,6,36,1,24,500,59100,500,21200,178,13700,1786683659584
IMPLOG,leaf,ForkJoinPool-101-worker-2,6,36,1,24,1100,88400,500,33400,201,18400,1786683659584
IMPLOG,leaf,ForkJoinPool-101-worker-3,6,36,1,24,800,105000,600,40000,236,21400,1786683659584
IMPLOG,leaf,ForkJoinPool-101-worker-6,6,36,1,24,800,108800,600,42100,252,24000,1786683659584
IMPLOG,leaf,ForkJoinPool-101-worker-1,6,36,1,24,800,104200,600,42800,201,20100,1786683659584
IMPLOG,leaf,ForkJoinPool-101-worker-5,6,36,1,24,800,60300,500,21100,201,15200,1786683659584
IMPLOG,leaf,ForkJoinPool-101-worker-4,6,36,1,24,700,84200,500,36300,186,17600,1786683659584
IMPLOG,leaf,ForkJoinPool-101-worker-2,6,36,1,24,800,88600,500,31900,206,18400,1786683659584
IMPLOG,leaf,ForkJoinPool-101-worker-3,6,36,1,24,900,88200,500,31400,210,20000,1786683659584
IMPLOG,leaf,ForkJoinPool-101-worker-6,6,36,1,24,800,90100,500,33900,207,19900,1786683659584
IMPLOG,leaf,ForkJoinPool-101-worker-1,6,36,1,24,800,86800,500,34500,168,16500,1786683659584
IMPLOG,leaf,ForkJoinPool-101-worker-5,6,36,1,24,400,61500,500,20800,222,16100,1786683659585
IMPLOG,leaf,ForkJoinPool-101-worker-4,6,36,1,24,800,83400,500,31400,199,17600,1786683659585
IMPLOG,leaf,ForkJoinPool-101-worker-2,6,36,1,24,800,87900,500,33800,195,17700,1786683659585
IMPLOG,leaf,ForkJoinPool-101-worker-5,6,36,1,24,400,60600,500,21100,207,15800,1786683659585
IMPLOG,leaf,ForkJoinPool-101-worker-3,6,36,1,24,800,89300,500,34700,192,19100,1786683659585
IMPLOG,leaf,ForkJoinPool-101-worker-6,6,36,1,24,800,88000,500,34300,188,17600,1786683659585
IMPLOG,leaf,ForkJoinPool-101-worker-1,6,36,1,24,700,86600,500,35500,152,15800,1786683659585
IMPLOG,leaf,ForkJoinPool-101-worker-5,6,36,1,24,500,61100,500,19800,213,15400,1786683659585
IMPLOG,leaf,ForkJoinPool-101-worker-4,6,36,1,24,12400,82400,500,30100,202,17900,1786683659585
IMPLOG,leaf,ForkJoinPool-101-worker-2,6,36,1,24,800,88600,500,32500,200,19300,1786683659585
IMPLOG,leaf,ForkJoinPool-101-worker-3,6,36,1,24,800,88700,500,29800,220,20100,1786683659585
IMPLOG,leaf,ForkJoinPool-101-worker-1,6,36,1,24,800,89000,500,36600,176,16600,1786683659585
IMPLOG,leaf,ForkJoinPool-101-worker-5,6,36,1,24,500,62700,500,22900,195,14200,1786683659585
IMPLOG,leaf,ForkJoinPool-101-worker-6,6,36,1,24,17900,91600,500,35400,215,20500,1786683659585
IMPLOG,leaf,ForkJoinPool-101-worker-4,6,36,1,24,1100,85700,500,31500,205,18200,1786683659585
IMPLOG,leaf,ForkJoinPool-101-worker-2,6,36,1,24,800,76400,500,25500,207,17200,1786683659585
IMPLOG,leaf,ForkJoinPool-101-worker-3,6,36,1,24,900,78900,500,27600,190,16300,1786683659585
IMPLOG,scan,main,6,36,1,24,629000,1786683659584
IMPLOG,leaf,ForkJoinPool-101-worker-5,6,36,1,25,500,61600,500,22400,215,16000,1786683659585
IMPLOG,leaf,ForkJoinPool-101-worker-6,6,36,1,25,900,89800,500,34500,189,18800,1786683659585
IMPLOG,leaf,ForkJoinPool-101-worker-4,6,36,1,25,1200,103500,600,39900,211,20800,1786683659585
IMPLOG,leaf,ForkJoinPool-101-worker-1,6,36,1,25,900,92000,500,35200,213,21800,1786683659585
IMPLOG,leaf,ForkJoinPool-101-worker-3,6,36,1,25,1000,110500,600,40300,269,25200,1786683659585
IMPLOG,leaf,ForkJoinPool-101-worker-2,6,36,1,25,1000,105000,600,39700,257,24900,1786683659585
IMPLOG,leaf,ForkJoinPool-101-worker-5,6,36,1,25,500,74800,600,25000,257,20000,1786683659585
IMPLOG,leaf,ForkJoinPool-101-worker-6,6,36,1,25,800,88100,500,32700,195,18400,1786683659585
IMPLOG,leaf,ForkJoinPool-101-worker-4,6,36,1,25,800,105200,600,40300,231,22000,1786683659585
IMPLOG,leaf,ForkJoinPool-101-worker-7,6,36,1,25,9800,88700,500,31600,200,19000,1786683659585
IMPLOG,leaf,ForkJoinPool-101-worker-2,6,36,1,25,800,97700,600,41400,203,18200,1786683659585
IMPLOG,leaf,ForkJoinPool-101-worker-3,6,36,1,25,800,108500,600,40000,252,23800,1786683659585
IMPLOG,leaf,ForkJoinPool-101-worker-5,6,36,1,25,400,87100,600,31600,236,19700,1786683659585
IMPLOG,leaf,ForkJoinPool-101-worker-6,6,36,1,25,1000,87700,500,34700,153,16600,1786683659585
IMPLOG,leaf,ForkJoinPool-101-worker-4,6,36,1,25,1200,87300,500,32600,186,17800,1786683659585
IMPLOG,leaf,ForkJoinPool-101-worker-7,6,36,1,25,900,90800,500,33700,207,20000,1786683659585
IMPLOG,leaf,ForkJoinPool-101-worker-1,6,36,1,25,800,106700,600,40900,242,23600,1786683659585
IMPLOG,leaf,ForkJoinPool-101-worker-2,6,36,1,25,6600,83400,500,31800,168,14900,1786683659585
IMPLOG,leaf,ForkJoinPool-101-worker-3,6,36,1,25,800,90300,500,33200,207,20900,1786683659585
IMPLOG,leaf,ForkJoinPool-101-worker-5,6,36,1,25,900,89200,500,33000,210,21200,1786683659585
IMPLOG,leaf,ForkJoinPool-101-worker-6,6,36,1,25,800,87700,500,34400,176,17000,1786683659585
IMPLOG,leaf,ForkJoinPool-101-worker-4,6,36,1,25,800,88800,500,33600,199,19600,1786683659585
IMPLOG,leaf,ForkJoinPool-101-worker-1,6,36,1,25,700,88200,500,31000,201,19100,1786683659585
IMPLOG,leaf,ForkJoinPool-101-worker-7,6,36,1,25,800,91700,500,36300,205,20600,1786683659585
IMPLOG,leaf,ForkJoinPool-101-worker-3,6,36,1,25,800,92300,500,33800,222,22700,1786683659585
IMPLOG,leaf,ForkJoinPool-101-worker-5,6,36,1,25,12300,88600,500,33900,194,18700,1786683659585
IMPLOG,leaf,ForkJoinPool-101-worker-6,6,36,1,25,800,80000,500,29200,222,19600,1786683659585
IMPLOG,leaf,ForkJoinPool-101-worker-4,6,36,1,25,1200,88600,500,32700,202,19100,1786683659585
IMPLOG,leaf,ForkJoinPool-101-worker-2,6,36,1,25,800,94500,600,39000,179,17100,1786683659585
IMPLOG,leaf,ForkJoinPool-101-worker-1,6,36,1,25,700,89500,500,33200,206,19500,1786683659585
IMPLOG,leaf,ForkJoinPool-101-worker-7,6,36,1,25,1100,88200,500,33600,190,17900,1786683659585
IMPLOG,leaf,ForkJoinPool-101-worker-3,6,36,1,25,700,90400,500,33000,207,20100,1786683659585
IMPLOG,leaf,ForkJoinPool-101-worker-6,6,36,1,25,900,66800,500,23800,178,14700,1786683659585
IMPLOG,leaf,ForkJoinPool-101-worker-1,6,36,1,25,800,63300,500,22100,195,14800,1786683659585
IMPLOG,leaf,ForkJoinPool-101-worker-4,6,36,1,25,800,72800,500,26000,201,17200,1786683659585
IMPLOG,leaf,ForkJoinPool-101-worker-2,6,36,1,25,1000,82100,500,33000,171,14800,1786683659585
IMPLOG,scan,main,6,36,1,25,611000,1786683659585
IMPLOG,leaf,ForkJoinPool-101-worker-5,6,36,1,26,2100,62000,500,20400,222,16500,1786683659585
IMPLOG,leaf,ForkJoinPool-101-worker-4,6,36,1,26,1100,101600,600,35800,211,19100,1786683659585
IMPLOG,leaf,ForkJoinPool-101-worker-6,6,36,1,26,900,91600,500,34400,207,20300,1786683659585
IMPLOG,leaf,ForkJoinPool-101-worker-1,6,36,1,26,900,101500,600,40200,179,17800,1786683659585
IMPLOG,leaf,ForkJoinPool-101-worker-2,6,36,1,26,900,110200,600,41300,257,25400,1786683659585
IMPLOG,leaf,ForkJoinPool-101-worker-3,6,36,1,26,1000,110000,600,40100,269,25500,1786683659585
IMPLOG,leaf,ForkJoinPool-101-worker-7,6,36,1,26,1000,78400,500,27900,207,18200,1786683659586
IMPLOG,leaf,ForkJoinPool-101-worker-6,6,36,1,26,800,87600,500,34400,179,17100,1786683659586
IMPLOG,leaf,ForkJoinPool-101-worker-4,6,36,1,26,3100,99700,600,38700,231,19500,1786683659586
IMPLOG,leaf,ForkJoinPool-101-worker-1,6,36,1,26,800,87400,500,33700,171,16700,1786683659586
IMPLOG,leaf,ForkJoinPool-101-worker-3,6,36,1,26,700,90200,500,34100,201,20700,1786683659586
IMPLOG,leaf,ForkJoinPool-101-worker-5,6,36,1,26,900,108100,600,39700,253,23100,1786683659586
IMPLOG,leaf,ForkJoinPool-101-worker-2,6,36,1,26,800,104500,600,41600,203,20500,1786683659586
IMPLOG,leaf,ForkJoinPool-101-worker-7,6,36,1,26,800,88300,500,33500,189,17700,1786683659586
IMPLOG,leaf,ForkJoinPool-101-worker-6,6,36,1,26,800,63900,500,22400,213,16000,1786683659586
IMPLOG,leaf,ForkJoinPool-101-worker-4,6,36,1,26,800,82700,500,31900,186,16800,1786683659586
IMPLOG,leaf,ForkJoinPool-101-worker-3,6,36,1,26,700,88900,500,34100,193,18300,1786683659586
IMPLOG,leaf,ForkJoinPool-101-worker-2,6,36,1,26,800,85500,500,35200,168,16000,1786683659586
IMPLOG,leaf,ForkJoinPool-101-worker-5,6,36,1,26,2700,86700,500,35400,153,15300,1786683659586
IMPLOG,leaf,ForkJoinPool-101-worker-6,6,36,1,26,500,59100,500,23200,176,13400,1786683659586
IMPLOG,leaf,ForkJoinPool-101-worker-7,6,36,1,26,800,87400,500,33000,218,20100,1786683659586
IMPLOG,leaf,ForkJoinPool-101-worker-4,6,36,1,26,900,81500,500,28500,199,16200,1786683659586
IMPLOG,leaf,ForkJoinPool-101-worker-1,6,36,1,26,900,88400,500,33800,202,19100,1786683659586
IMPLOG,leaf,ForkJoinPool-101-worker-6,6,36,1,26,700,106500,600,39000,257,24300,1786683659586
IMPLOG,leaf,ForkJoinPool-101-worker-7,6,36,1,26,900,90100,500,33200,206,20600,1786683659586
IMPLOG,leaf,ForkJoinPool-101-worker-2,6,36,1,26,800,88500,500,33700,195,18600,1786683659586
IMPLOG,leaf,ForkJoinPool-101-worker-5,6,36,1,26,900,107300,600,40800,242,23300,1786683659586
IMPLOG,leaf,ForkJoinPool-101-worker-3,6,36,1,26,900,89300,500,33000,200,20200,1786683659586
IMPLOG,leaf,ForkJoinPool-101-worker-4,6,36,1,26,2000,84800,500,31100,201,18600,1786683659586
IMPLOG,leaf,ForkJoinPool-101-worker-1,6,36,1,26,1300,90000,500,35200,205,19500,1786683659586
IMPLOG,leaf,ForkJoinPool-101-worker-2,6,36,1,26,800,88400,500,34800,191,18400,1786683659586
IMPLOG,leaf,ForkJoinPool-101-worker-5,6,36,1,26,700,88700,500,32000,194,19000,1786683659586
IMPLOG,leaf,ForkJoinPool-101-worker-6,6,36,1,26,900,100500,600,37300,236,21500,1786683659586
IMPLOG,leaf,ForkJoinPool-101-worker-3,6,36,1,26,800,90000,500,34100,207,19600,1786683659586
IMPLOG,leaf,ForkJoinPool-101-worker-7,6,36,1,26,900,90000,500,32400,222,21400,1786683659586
IMPLOG,leaf,ForkJoinPool-101-worker-4,6,36,1,26,800,85500,500,32900,210,19000,1786683659586
IMPLOG,scan,main,6,36,1,26,588300,1786683659585
IMPLOG,leaf,ForkJoinPool-101-worker-4,6,36,1,27,2300,97100,600,37700,211,18900,1786683659586
IMPLOG,leaf,ForkJoinPool-101-worker-2,6,36,1,27,600,72000,600,24600,235,17200,1786683659586
IMPLOG,leaf,ForkJoinPool-101-worker-1,6,36,1,27,900,101500,600,40100,179,19100,1786683659586
IMPLOG,leaf,ForkJoinPool-101-worker-6,6,36,1,27,2100,112400,600,40600,268,26300,1786683659586
IMPLOG,leaf,ForkJoinPool-101-worker-5,6,36,1,27,4300,107900,600,39000,258,25400,1786683659586
IMPLOG,leaf,ForkJoinPool-101-worker-3,6,36,1,27,1100,111400,600,40800,257,24700,1786683659586
IMPLOG,leaf,ForkJoinPool-101-worker-2,6,36,1,27,500,60300,500,19900,202,14600,1786683659586
IMPLOG,leaf,ForkJoinPool-101-worker-4,6,36,1,27,800,99700,600,37400,231,20700,1786683659586
IMPLOG,leaf,ForkJoinPool-101-worker-2,6,36,1,27,500,59900,500,21800,206,15200,1786683659586
IMPLOG,leaf,ForkJoinPool-101-worker-1,6,36,1,27,6800,86100,500,33800,165,15800,1786683659586
IMPLOG,leaf,ForkJoinPool-101-worker-6,6,36,1,27,800,108000,600,40800,245,24200,1786683659586
IMPLOG,leaf,ForkJoinPool-101-worker-5,6,36,1,27,800,105400,600,38700,236,22800,1786683659586
IMPLOG,leaf,ForkJoinPool-101-worker-3,6,36,1,27,800,106300,600,41600,206,20500,1786683659586
IMPLOG,leaf,ForkJoinPool-101-worker-4,6,36,1,27,800,81900,500,30600,186,15400,1786683659586
IMPLOG,leaf,ForkJoinPool-101-worker-2,6,36,1,27,500,59300,500,21200,193,14500,1786683659586
IMPLOG,leaf,ForkJoinPool-101-worker-1,6,36,1,27,800,88200,500,34500,186,18000,1786683659586
IMPLOG,leaf,ForkJoinPool-101-worker-6,6,36,1,27,800,89800,500,31900,206,19500,1786683659586
IMPLOG,leaf,ForkJoinPool-101-worker-3,6,36,1,27,800,87800,500,35700,168,16300,1786683659586
IMPLOG,leaf,ForkJoinPool-101-worker-5,6,36,1,27,2500,89100,500,32400,211,19900,1786683659586
IMPLOG,leaf,ForkJoinPool-101-worker-2,6,36,1,27,900,60200,500,21000,202,14900,1786683659586
IMPLOG,leaf,ForkJoinPool-101-worker-4,6,36,1,27,9000,83200,500,31400,199,17100,1786683659586
IMPLOG,leaf,ForkJoinPool-101-worker-1,6,36,1,27,1100,89300,500,35200,201,18600,1786683659586
IMPLOG,leaf,ForkJoinPool-101-worker-2,6,36,1,27,800,60300,500,21000,199,14900,1786683659586
IMPLOG,leaf,ForkJoinPool-101-worker-3,6,36,1,27,800,86300,500,34700,162,15400,1786683659586
IMPLOG,leaf,ForkJoinPool-101-worker-6,6,36,1,27,900,90100,500,32900,203,20100,1786683659586
IMPLOG,leaf,ForkJoinPool-101-worker-5,6,36,1,27,700,88400,500,32500,194,18200,1786683659586
IMPLOG,leaf,ForkJoinPool-101-worker-4,6,36,1,27,900,88200,500,35000,200,18400,1786683659586
IMPLOG,leaf,ForkJoinPool-101-worker-2,6,36,1,27,400,61600,500,22500,213,16600,1786683659586
IMPLOG,leaf,ForkJoinPool-101-worker-1,6,36,1,27,800,89600,500,33500,189,18800,1786683659586
IMPLOG,leaf,ForkJoinPool-101-worker-3,6,36,1,27,700,86900,500,34800,166,17200,1786683659587
IMPLOG,leaf,ForkJoinPool-101-worker-5,6,36,1,27,800,90500,500,32700,222,20700,1786683659587
IMPLOG,leaf,ForkJoinPool-101-worker-6,6,36,1,27,700,91700,500,33000,216,22000,1786683659587
IMPLOG,leaf,ForkJoinPool-101-worker-2,6,36,1,27,2600,65400,500,23600,186,14700,1786683659587
IMPLOG,leaf,ForkJoinPool-101-worker-4,6,36,1,27,1200,85500,500,34200,207,18700,1786683659587
IMPLOG,leaf,ForkJoinPool-101-worker-7,6,36,1,27,1100,66500,500,23000,207,15100,1786683659587
IMPLOG,leaf,ForkJoinPool-101-worker-5,6,36,1,27,700,70100,500,24400,191,16200,1786683659587
IMPLOG,scan,main,6,36,1,27,644200,1786683659586
IMPLOG,leaf,ForkJoinPool-101-worker-2,6,36,1,28,600,57900,500,21300,168,12800,1786683659587
IMPLOG,leaf,ForkJoinPool-101-worker-4,6,36,1,28,1300,104800,600,40800,235,22300,1786683659587
IMPLOG,leaf,ForkJoinPool-101-worker-3,6,36,1,28,900,88500,500,37000,162,17200,1786683659587
IMPLOG,leaf,ForkJoinPool-101-worker-6,6,36,1,28,9100,88600,500,33500,194,19000,1786683659587
IMPLOG,leaf,ForkJoinPool-101-worker-7,6,36,1,28,1000,102500,600,37200,259,21800,1786683659587
IMPLOG,leaf,ForkJoinPool-101-worker-5,6,36,1,28,1000,110600,600,40100,268,25800,1786683659587
IMPLOG,leaf,ForkJoinPool-101-worker-2,6,36,1,28,3100,69400,600,24000,211,16600,1786683659587
IMPLOG,leaf,ForkJoinPool-101-worker-3,6,36,1,28,800,86500,500,35000,166,17500,1786683659587
IMPLOG,leaf,ForkJoinPool-101-worker-6,6,36,1,28,2100,90700,500,32500,216,21400,1786683659587
IMPLOG,leaf,ForkJoinPool-101-worker-7,6,36,1,28,900,85700,500,30700,213,19600,1786683659587
IMPLOG,leaf,ForkJoinPool-101-worker-4,6,36,1,28,800,106200,600,41100,242,23000,1786683659587
IMPLOG,leaf,ForkJoinPool-101-worker-2,6,36,1,28,500,59900,500,21100,190,14300,1786683659587
IMPLOG,leaf,ForkJoinPool-101-worker-5,6,36,1,28,700,107000,600,40100,250,23300,1786683659587
IMPLOG,leaf,ForkJoinPool-101-worker-1,6,36,1,28,800,83400,500,33300,197,17500,1786683659587
IMPLOG,leaf,ForkJoinPool-101-worker-3,6,36,1,28,800,101700,600,38600,207,19600,1786683659587
IMPLOG,leaf,ForkJoinPool-101-worker-4,6,36,1,28,1200,86900,500,32100,192,18300,1786683659587
IMPLOG,leaf,ForkJoinPool-101-worker-2,6,36,1,28,7400,88000,500,33800,203,19400,1786683659587
IMPLOG,leaf,ForkJoinPool-101-worker-5,6,36,1,28,800,89600,500,33100,208,20900,1786683659587
IMPLOG,leaf,ForkJoinPool-101-worker-6,6,36,1,28,900,88400,500,33700,204,19500,1786683659587
IMPLOG,leaf,ForkJoinPool-101-worker-7,6,36,1,28,900,88400,500,32400,209,20400,1786683659587
IMPLOG,leaf,ForkJoinPool-101-worker-4,6,36,1,28,700,72800,500,26400,209,16900,1786683659587
IMPLOG,leaf,ForkJoinPool-101-worker-3,6,36,1,28,800,86800,500,34000,179,17700,1786683659587
IMPLOG,leaf,ForkJoinPool-101-worker-7,6,36,1,28,900,89800,500,32200,204,19500,1786683659587
IMPLOG,leaf,ForkJoinPool-101-worker-1,6,36,1,28,800,85900,500,30300,211,19700,1786683659587
IMPLOG,leaf,ForkJoinPool-101-worker-2,6,36,1,28,900,89800,500,33200,208,20100,1786683659587
IMPLOG,leaf,ForkJoinPool-101-worker-6,6,36,1,28,2200,106500,600,39300,258,21800,1786683659587
IMPLOG,leaf,ForkJoinPool-101-worker-4,6,36,1,28,900,79700,500,29500,203,18000,1786683659587
IMPLOG,leaf,ForkJoinPool-101-worker-3,6,36,1,28,800,108000,600,39400,254,24400,1786683659587
IMPLOG,leaf,ForkJoinPool-101-worker-1,6,36,1,28,600,84100,500,30200,209,17400,1786683659587
IMPLOG,leaf,ForkJoinPool-101-worker-5,6,36,1,28,900,106600,600,39600,252,23700,1786683659587
IMPLOG,leaf,ForkJoinPool-101-worker-7,6,36,1,28,800,89600,500,34000,211,20000,1786683659587
IMPLOG,leaf,ForkJoinPool-101-worker-2,6,36,1,28,2200,90300,500,32000,222,20800,1786683659587
IMPLOG,leaf,ForkJoinPool-101-worker-6,6,36,1,28,700,90000,500,33700,207,19900,1786683659587
IMPLOG,leaf,ForkJoinPool-101-worker-4,6,36,1,28,700,81500,500,28400,208,17800,1786683659587
IMPLOG,leaf,ForkJoinPool-101-worker-3,6,36,1,28,800,74900,500,27000,207,17100,1786683659587
IMPLOG,leaf,ForkJoinPool-101-worker-1,6,36,1,28,1300,83900,500,30900,208,17200,1786683659587
IMPLOG,scan,main,6,36,1,28,628100,1786683659587
IMPLOG,leaf,ForkJoinPool-101-worker-3,6,36,1,29,500,59700,500,21800,204,15300,1786683659587
IMPLOG,leaf,ForkJoinPool-101-worker-4,6,36,1,29,1000,99300,600,37500,235,19800,1786683659587
IMPLOG,leaf,ForkJoinPool-101-worker-1,6,36,1,29,1300,103600,600,40400,207,20500,1786683659587
IMPLOG,leaf,ForkJoinPool-101-worker-5,6,36,1,29,1700,111600,600,40500,268,26000,1786683659587
IMPLOG,leaf,ForkJoinPool-101-worker-6,6,36,1,29,2400,108400,600,38700,259,24900,1786683659587
IMPLOG,leaf,ForkJoinPool-101-worker-7,6,36,1,29,900,107000,600,38700,258,23400,1786683659587
IMPLOG,leaf,ForkJoinPool-101-worker-3,6,36,1,29,500,60500,500,20800,211,15200,1786683659587
IMPLOG,leaf,ForkJoinPool-101-worker-4,6,36,1,29,1300,126200,600,33600,242,19600,1786683659587
IMPLOG,leaf,ForkJoinPool-101-worker-1,6,36,1,29,800,97400,500,33600,179,18200,1786683659587
IMPLOG,leaf,ForkJoinPool-101-worker-3,6,36,1,29,7500,71100,500,19400,207,14400,1786683659587
IMPLOG,leaf,ForkJoinPool-101-worker-7,6,36,1,29,700,120100,600,39500,254,37700,1786683659587
IMPLOG,leaf,ForkJoinPool-101-worker-5,6,36,1,29,10500,115900,600,38200,251,23700,1786683659587
IMPLOG,leaf,ForkJoinPool-101-worker-6,6,36,1,29,700,142600,600,79200,211,21200,1786683659587
IMPLOG,leaf,ForkJoinPool-101-worker-3,6,36,1,29,400,60100,500,18700,207,14400,1786683659588
IMPLOG,leaf,ForkJoinPool-101-worker-4,6,36,1,29,700,76100,500,27400,192,15500,1786683659588
IMPLOG,leaf,ForkJoinPool-101-worker-1,6,36,1,29,1200,88100,500,32000,197,18800,1786683659588
IMPLOG,leaf,ForkJoinPool-101-worker-7,6,36,1,29,800,89600,500,33200,211,20600,1786683659588
IMPLOG,leaf,ForkJoinPool-101-worker-5,6,36,1,29,800,89300,500,33000,208,19700,1786683659588
IMPLOG,leaf,ForkJoinPool-101-worker-3,6,36,1,29,1700,60700,500,20200,208,15300,1786683659588
IMPLOG,leaf,ForkJoinPool-101-worker-6,6,36,1,29,700,86600,500,34100,168,16500,1786683659588
IMPLOG,leaf,ForkJoinPool-101-worker-4,6,36,1,29,1100,83800,500,31000,209,17700,1786683659588
IMPLOG,leaf,ForkJoinPool-101-worker-1,6,36,1,29,800,88800,500,31700,209,19900,1786683659588
IMPLOG,leaf,ForkJoinPool-101-worker-2,6,36,1,29,2400,60900,500,19800,204,13900,1786683659588
IMPLOG,leaf,ForkJoinPool-101-worker-5,6,36,1,29,2300,90200,500,33300,203,18600,1786683659588
IMPLOG,leaf,ForkJoinPool-101-worker-6,6,36,1,29,800,85600,500,34400,161,16500,1786683659588
IMPLOG,leaf,ForkJoinPool-101-worker-7,6,36,1,29,14900,90800,500,32400,222,21400,1786683659588
IMPLOG,leaf,ForkJoinPool-101-worker-4,6,36,1,29,700,85300,500,32600,203,18100,1786683659588
IMPLOG,leaf,ForkJoinPool-101-worker-2,6,36,1,29,500,72700,500,25300,210,16700,1786683659588
IMPLOG,leaf,ForkJoinPool-101-worker-1,6,36,1,29,1200,105500,600,39800,252,23300,1786683659588
IMPLOG,leaf,ForkJoinPool-101-worker-5,6,36,1,29,800,89400,500,33700,194,19100,1786683659588
IMPLOG,leaf,ForkJoinPool-101-worker-6,6,36,1,29,800,87200,500,33700,166,16100,1786683659588
IMPLOG,leaf,ForkJoinPool-101-worker-7,6,36,1,29,1000,71800,500,24300,208,16000,1786683659588
IMPLOG,leaf,ForkJoinPool-101-worker-3,6,36,1,29,900,78800,500,26600,208,17500,1786683659588
IMPLOG,leaf,ForkJoinPool-101-worker-7,6,36,1,29,2000,61400,500,20400,190,15400,1786683659588
IMPLOG,leaf,ForkJoinPool-101-worker-5,6,36,1,29,2200,91200,500,34700,216,22300,1786683659588
IMPLOG,leaf,ForkJoinPool-101-worker-6,6,36,1,29,800,89500,500,33400,213,20700,1786683659588
IMPLOG,scan,main,6,36,1,29,706300,1786683659587
IMPLOG,leaf,ForkJoinPool-101-worker-2,6,36,1,30,1900,72400,600,23500,259,18900,1786683659588
IMPLOG,leaf,ForkJoinPool-101-worker-1,6,36,1,30,1300,89000,500,31900,210,19100,1786683659588
IMPLOG,leaf,ForkJoinPool-101-worker-4,6,36,1,30,900,106900,600,40100,255,24300,1786683659588
IMPLOG,leaf,ForkJoinPool-101-worker-7,6,36,1,30,900,91000,500,32400,212,20600,1786683659588
IMPLOG,leaf,ForkJoinPool-101-worker-5,6,36,1,30,2500,109500,600,40000,268,26400,1786683659588
IMPLOG,leaf,ForkJoinPool-101-worker-6,6,36,1,30,1100,105300,600,39600,258,23600,1786683659588
IMPLOG,leaf,ForkJoinPool-101-worker-2,6,36,1,30,500,71500,600,25800,237,17600,1786683659588
IMPLOG,leaf,ForkJoinPool-101-worker-1,6,36,1,30,900,90700,500,33300,220,20400,1786683659588
IMPLOG,leaf,ForkJoinPool-101-worker-7,6,36,1,30,2800,90100,500,32600,222,21000,1786683659588
IMPLOG,leaf,ForkJoinPool-101-worker-4,6,36,1,30,2400,106000,600,39000,255,23300,1786683659588
IMPLOG,leaf,ForkJoinPool-101-worker-2,6,36,1,30,2000,59300,500,23400,194,14400,1786683659588
IMPLOG,leaf,ForkJoinPool-101-worker-6,6,36,1,30,800,106000,600,40300,258,22800,1786683659588
IMPLOG,leaf,ForkJoinPool-101-worker-5,6,36,1,30,900,107600,600,39000,262,24100,1786683659588
IMPLOG,leaf,ForkJoinPool-101-worker-1,6,36,1,30,1300,90400,500,33300,227,20200,1786683659588
IMPLOG,leaf,ForkJoinPool-101-worker-2,6,36,1,30,1300,58500,500,22900,190,14200,1786683659588
IMPLOG,leaf,ForkJoinPool-101-worker-7,6,36,1,30,800,88100,500,31800,211,19400,1786683659588
IMPLOG,leaf,ForkJoinPool-101-worker-4,6,36,1,30,700,87900,500,31100,209,19600,1786683659588
IMPLOG,leaf,ForkJoinPool-101-worker-6,6,36,1,30,800,88800,500,32800,212,19500,1786683659588
IMPLOG,leaf,ForkJoinPool-101-worker-5,6,36,1,30,2100,89500,500,33200,214,20400,1786683659588
IMPLOG,leaf,ForkJoinPool-101-worker-2,6,36,1,30,500,76300,500,28700,196,17500,1786683659588
IMPLOG,leaf,ForkJoinPool-101-worker-7,6,36,1,30,2200,90500,500,32100,217,20100,1786683659588
IMPLOG,leaf,ForkJoinPool-101-worker-4,6,36,1,30,1200,90100,500,32700,226,21600,1786683659588
IMPLOG,leaf,ForkJoinPool-101-worker-3,6,36,1,30,900,104700,600,39100,224,20800,1786683659588
IMPLOG,leaf,ForkJoinPool-101-worker-5,6,36,1,30,800,89400,500,32200,221,21100,1786683659588
IMPLOG,leaf,ForkJoinPool-101-worker-1,6,36,1,30,900,86700,500,34100,194,17300,1786683659588
IMPLOG,leaf,ForkJoinPool-101-worker-6,6,36,1,30,800,106800,600,39000,253,24600,1786683659588
IMPLOG,leaf,ForkJoinPool-101-worker-2,6,36,1,30,2200,91400,500,34100,219,21600,1786683659588
IMPLOG,leaf,ForkJoinPool-101-worker-7,6,36,1,30,800,89000,500,32100,216,19800,1786683659588
IMPLOG,leaf,ForkJoinPool-101-worker-3,6,36,1,30,2700,84200,500,32400,179,17900,1786683659588
IMPLOG,leaf,ForkJoinPool-101-worker-4,6,36,1,30,11600,87900,500,31600,209,19000,1786683659588
IMPLOG,leaf,ForkJoinPool-101-worker-5,6,36,1,30,2100,87200,500,32500,197,18000,1786683659588
IMPLOG,leaf,ForkJoinPool-101-worker-1,6,36,1,30,1300,91400,500,32300,218,23000,1786683659588
IMPLOG,leaf,ForkJoinPool-101-worker-6,6,36,1,30,800,88600,500,33800,213,19100,1786683659588
IMPLOG,leaf,ForkJoinPool-101-worker-2,6,36,1,30,800,85900,500,30300,198,18000,1786683659589
IMPLOG,leaf,ForkJoinPool-101-worker-4,6,36,1,30,800,79400,500,27000,217,18500,1786683659589
IMPLOG,leaf,ForkJoinPool-101-worker-1,6,36,1,30,800,89900,500,32800,217,19900,1786683659589
IMPLOG,scan,main,6,36,1,30,650100,1786683659588
IMPLOG,leaf,ForkJoinPool-101-worker-7,6,36,1,31,600,60000,500,21800,210,15100,1786683659589
IMPLOG,leaf,ForkJoinPool-101-worker-4,6,36,1,31,800,104700,600,37300,255,22500,1786683659589
IMPLOG,leaf,ForkJoinPool-101-worker-1,6,36,1,31,900,107800,600,37100,268,25200,1786683659589
IMPLOG,leaf,ForkJoinPool-101-worker-6,6,36,1,31,900,104900,600,38700,257,23800,1786683659589
IMPLOG,leaf,ForkJoinPool-101-worker-5,6,36,1,31,3200,110600,600,40400,259,25700,1786683659589
IMPLOG,leaf,ForkJoinPool-101-worker-2,6,36,1,31,4300,108100,600,39300,254,23600,1786683659589
IMPLOG,leaf,ForkJoinPool-101-worker-7,6,36,1,31,1900,61900,500,20700,220,15900,1786683659589
IMPLOG,leaf,ForkJoinPool-101-worker-7,6,36,1,31,700,61100,500,20000,226,16300,1786683659589
IMPLOG,leaf,ForkJoinPool-101-worker-4,6,36,1,31,2300,104800,600,39500,255,22300,1786683659589
IMPLOG,leaf,ForkJoinPool-101-worker-2,6,36,1,31,700,88800,500,32400,213,20000,1786683659589
IMPLOG,leaf,ForkJoinPool-101-worker-1,6,36,1,31,2700,107000,600,37400,261,23700,1786683659589
IMPLOG,leaf,ForkJoinPool-101-worker-5,6,36,1,31,800,106600,600,40500,237,21900,1786683659589
IMPLOG,leaf,ForkJoinPool-101-worker-6,6,36,1,31,9800,108000,600,38500,258,23800,1786683659589
IMPLOG,leaf,ForkJoinPool-101-worker-7,6,36,1,31,2100,60400,500,20100,212,15700,1786683659589
IMPLOG,leaf,ForkJoinPool-101-worker-4,6,36,1,31,700,88300,500,32800,209,18700,1786683659589
IMPLOG,leaf,ForkJoinPool-101-worker-2,6,36,1,31,800,89300,500,31900,217,21000,1786683659589
IMPLOG,leaf,ForkJoinPool-101-worker-1,6,36,1,31,700,87900,500,31500,214,20200,1786683659589
IMPLOG,leaf,ForkJoinPool-101-worker-6,6,36,1,31,2800,88000,500,33600,211,19300,1786683659589
IMPLOG,leaf,ForkJoinPool-101-worker-7,6,36,1,31,600,59800,500,20600,212,14900,1786683659589
IMPLOG,leaf,ForkJoinPool-101-worker-5,6,36,1,31,2400,89800,500,35300,194,18800,1786683659589
IMPLOG,leaf,ForkJoinPool-101-worker-4,6,36,1,31,2300,87800,500,32200,226,19800,1786683659589
IMPLOG,leaf,ForkJoinPool-101-worker-2,6,36,1,31,2700,90200,500,34300,217,20600,1786683659589
IMPLOG,leaf,ForkJoinPool-101-worker-3,6,36,1,31,1000,71300,600,25700,224,16300,1786683659589
IMPLOG,leaf,ForkJoinPool-101-worker-1,6,36,1,31,2300,89700,500,31400,221,19800,1786683659589
IMPLOG,leaf,ForkJoinPool-101-worker-6,6,36,1,31,900,89400,500,31400,222,20100,1786683659589
IMPLOG,leaf,ForkJoinPool-101-worker-5,6,36,1,31,800,89300,500,34500,190,18000,1786683659589
IMPLOG,leaf,ForkJoinPool-101-worker-4,6,36,1,31,800,87600,500,35500,209,18800,1786683659589
IMPLOG,leaf,ForkJoinPool-101-worker-3,6,36,1,31,2300,78900,500,29700,179,15200,1786683659589
IMPLOG,leaf,ForkJoinPool-101-worker-1,6,36,1,31,700,87100,500,32600,197,18500,1786683659589
IMPLOG,leaf,ForkJoinPool-101-worker-2,6,36,1,31,800,90700,500,31600,217,20700,1786683659589
IMPLOG,leaf,ForkJoinPool-101-worker-5,6,36,1,31,2300,90000,500,34300,196,19900,1786683659589
IMPLOG,leaf,ForkJoinPool-101-worker-6,6,36,1,31,2300,80900,500,29600,218,19700,1786683659589
IMPLOG,leaf,ForkJoinPool-101-worker-7,6,36,1,31,800,88400,500,33900,194,18200,1786683659589
IMPLOG,leaf,ForkJoinPool-101-worker-2,6,36,1,31,800,67600,500,22400,198,15300,1786683659589
IMPLOG,leaf,ForkJoinPool-101-worker-1,6,36,1,31,2300,70100,500,22700,216,16500,1786683659589
IMPLOG,leaf,ForkJoinPool-101-worker-4,6,36,1,31,2300,87500,500,31500,219,19600,1786683659589
IMPLOG,scan,main,6,36,1,31,633600,1786683659589
IMPLOG,leaf,ForkJoinPool-101-worker-3,6,36,1,32,600,61100,500,20400,220,16100,1786683659589
IMPLOG,leaf,ForkJoinPool-101-worker-4,6,36,1,32,2500,104700,600,38000,255,23900,1786683659589
IMPLOG,leaf,ForkJoinPool-101-worker-1,6,36,1,32,2100,109200,600,39600,269,25700,1786683659589
IMPLOG,leaf,ForkJoinPool-101-worker-7,6,36,1,32,2300,105000,600,39100,224,22000,1786683659589
IMPLOG,leaf,ForkJoinPool-101-worker-5,6,36,1,32,2500,108100,600,38800,259,22800,1786683659589
IMPLOG,leaf,ForkJoinPool-101-worker-6,6,36,1,32,2200,106100,600,37600,257,23900,1786683659589
IMPLOG,leaf,ForkJoinPool-101-worker-3,6,36,1,32,1600,59400,500,19900,197,14500,1786683659589
IMPLOG,leaf,ForkJoinPool-101-worker-3,6,36,1,32,400,61400,500,21500,214,16000,1786683659589
IMPLOG,leaf,ForkJoinPool-101-worker-7,6,36,1,32,800,85500,500,32900,179,16900,1786683659589
IMPLOG,leaf,ForkJoinPool-101-worker-4,6,36,1,32,800,107700,600,39700,255,22100,1786683659589
IMPLOG,leaf,ForkJoinPool-101-worker-1,6,36,1,32,700,108400,600,39600,261,25800,1786683659589
IMPLOG,leaf,ForkJoinPool-101-worker-5,6,36,1,32,800,107100,600,39100,238,22500,1786683659589
IMPLOG,leaf,ForkJoinPool-101-worker-6,6,36,1,32,800,108100,600,39700,258,24200,1786683659589
IMPLOG,leaf,ForkJoinPool-101-worker-3,6,36,1,32,1000,71100,600,24000,255,17300,1786683659590
IMPLOG,leaf,ForkJoinPool-101-worker-7,6,36,1,32,2200,88000,500,33200,194,18700,1786683659590
IMPLOG,leaf,ForkJoinPool-101-worker-4,6,36,1,32,2800,87500,500,33000,209,18800,1786683659590
IMPLOG,leaf,ForkJoinPool-101-worker-5,6,36,1,32,800,89200,500,33600,194,19300,1786683659590
IMPLOG,leaf,ForkJoinPool-101-worker-1,6,36,1,32,2100,91700,500,33200,217,20300,1786683659590
IMPLOG,leaf,ForkJoinPool-101-worker-6,6,36,1,32,2300,89000,500,31800,211,20600,1786683659590
IMPLOG,leaf,ForkJoinPool-101-worker-3,6,36,1,32,2100,59700,500,19400,213,14200,1786683659590
IMPLOG,leaf,ForkJoinPool-101-worker-7,6,36,1,32,800,90500,500,33900,218,21400,1786683659590
IMPLOG,leaf,ForkJoinPool-101-worker-4,6,36,1,32,800,89000,500,33400,226,20400,1786683659590
IMPLOG,leaf,ForkJoinPool-101-worker-3,6,36,1,32,600,60100,500,20400,217,15500,1786683659590
IMPLOG,leaf,ForkJoinPool-101-worker-1,6,36,1,32,700,91000,500,33100,216,20600,1786683659590
IMPLOG,leaf,ForkJoinPool-101-worker-5,6,36,1,32,5200,87600,500,33300,190,17800,1786683659590
IMPLOG,leaf,ForkJoinPool-101-worker-6,6,36,1,32,800,89500,500,33700,212,19800,1786683659590
IMPLOG,leaf,ForkJoinPool-101-worker-3,6,36,1,32,2100,60300,500,19500,217,15200,1786683659590
IMPLOG,leaf,ForkJoinPool-101-worker-7,6,36,1,32,800,90300,500,32200,219,20600,1786683659590
IMPLOG,leaf,ForkJoinPool-101-worker-4,6,36,1,32,2200,87300,500,32100,209,19400,1786683659590
IMPLOG,leaf,ForkJoinPool-101-worker-1,6,36,1,32,2400,87400,500,32400,198,17600,1786683659590
IMPLOG,leaf,ForkJoinPool-101-worker-5,6,36,1,32,700,89800,500,33800,196,19400,1786683659590
IMPLOG,leaf,ForkJoinPool-101-worker-6,6,36,1,32,800,88300,500,32100,222,19800,1786683659590
IMPLOG,leaf,ForkJoinPool-101-worker-3,6,36,1,32,500,67600,500,23800,211,15600,1786683659590
IMPLOG,leaf,ForkJoinPool-101-worker-4,6,36,1,32,2000,88500,500,31900,226,20200,1786683659590
IMPLOG,leaf,ForkJoinPool-101-worker-2,6,36,1,32,6500,90500,500,31600,220,21100,1786683659590
IMPLOG,leaf,ForkJoinPool-101-worker-6,6,36,1,32,800,89500,500,33400,212,21200,1786683659590
IMPLOG,scan,main,6,36,1,32,637800,1786683659589
IMPLOG,leaf,ForkJoinPool-101-worker-1,6,36,1,33,1700,59600,500,20000,211,15200,1786683659590
IMPLOG,leaf,ForkJoinPool-101-worker-4,6,36,1,33,900,104200,600,36400,255,23200,1786683659590
IMPLOG,leaf,ForkJoinPool-101-worker-2,6,36,1,33,900,89900,500,30900,226,21300,1786683659590
IMPLOG,leaf,ForkJoinPool-101-worker-6,6,36,1,33,1000,106000,600,39200,269,24100,1786683659590
IMPLOG,leaf,ForkJoinPool-101-worker-5,6,36,1,33,1000,105700,600,36400,257,23600,1786683659590
IMPLOG,leaf,ForkJoinPool-101-worker-3,6,36,1,33,1100,106400,600,39800,255,23100,1786683659590
IMPLOG,leaf,ForkJoinPool-101-worker-1,6,36,1,33,400,60700,500,18900,220,14700,1786683659590
IMPLOG,leaf,ForkJoinPool-101-worker-2,6,36,1,33,1100,90100,500,33000,209,19900,1786683659590
IMPLOG,leaf,ForkJoinPool-101-worker-1,6,36,1,33,1700,60700,500,21000,226,15700,1786683659590
IMPLOG,leaf,ForkJoinPool-101-worker-4,6,36,1,33,2300,106600,600,38900,255,23600,1786683659590
IMPLOG,leaf,ForkJoinPool-101-worker-3,6,36,1,33,700,89400,500,33300,213,19300,1786683659590
IMPLOG,leaf,ForkJoinPool-101-worker-6,6,36,1,33,800,104200,600,39600,261,22300,1786683659590
IMPLOG,leaf,ForkJoinPool-101-worker-5,6,36,1,33,800,108200,600,39600,258,24300,1786683659590
IMPLOG,leaf,ForkJoinPool-101-worker-1,6,36,1,33,400,60500,500,22100,212,15700,1786683659590
IMPLOG,leaf,ForkJoinPool-101-worker-2,6,36,1,33,800,88500,500,32800,209,19500,1786683659590
IMPLOG,leaf,ForkJoinPool-101-worker-4,6,36,1,33,800,89600,500,32600,212,19500,1786683659590
IMPLOG,leaf,ForkJoinPool-101-worker-3,6,36,1,33,5000,89700,500,31900,218,20800,1786683659590
IMPLOG,leaf,ForkJoinPool-101-worker-6,6,36,1,33,800,87500,500,33000,214,20000,1786683659590
IMPLOG,leaf,ForkJoinPool-101-worker-5,6,36,1,33,1000,87400,500,31300,211,20100,1786683659590
IMPLOG,leaf,ForkJoinPool-101-worker-1,6,36,1,33,500,76000,600,27500,259,19300,1786683659590
IMPLOG,leaf,ForkJoinPool-101-worker-2,6,36,1,33,1100,90300,500,30600,222,20500,1786683659590
IMPLOG,leaf,ForkJoinPool-101-worker-6,6,36,1,33,800,87500,500,32300,220,19000,1786683659590
IMPLOG,leaf,ForkJoinPool-101-worker-3,6,36,1,33,900,90600,500,32200,217,20100,1786683659590
IMPLOG,leaf,ForkJoinPool-101-worker-1,6,36,1,33,500,71700,600,23800,238,17900,1786683659590
IMPLOG,leaf,ForkJoinPool-101-worker-7,6,36,1,33,5200,87600,500,33000,192,17700,1786683659590
IMPLOG,leaf,ForkJoinPool-101-worker-4,6,36,1,33,14600,105200,600,41500,224,22200,1786683659590
IMPLOG,leaf,ForkJoinPool-101-worker-2,6,36,1,33,700,86900,500,33400,179,17300,1786683659590
IMPLOG,leaf,ForkJoinPool-101-worker-1,6,36,1,33,5300,59900,500,19500,194,14600,1786683659590
IMPLOG,leaf,ForkJoinPool-101-worker-6,6,36,1,33,1100,86100,500,32800,197,18000,1786683659590
IMPLOG,leaf,ForkJoinPool-101-worker-3,6,36,1,33,900,90000,500,32600,218,21400,1786683659590
IMPLOG,leaf,ForkJoinPool-101-worker-4,6,36,1,33,700,61200,500,22000,217,15600,1786683659590
IMPLOG,leaf,ForkJoinPool-101-worker-1,6,36,1,33,400,62400,500,21600,190,13900,1786683659590
IMPLOG,leaf,ForkJoinPool-101-worker-4,6,36,1,33,400,59800,500,18600,216,15400,1786683659590
IMPLOG,leaf,ForkJoinPool-101-worker-2,6,36,1,33,700,89300,500,32700,219,19600,1786683659590
IMPLOG,leaf,ForkJoinPool-101-worker-6,6,36,1,33,800,91100,500,37700,196,18500,1786683659590
IMPLOG,leaf,ForkJoinPool-101-worker-3,6,36,1,33,800,84400,500,31700,198,18700,1786683659590
IMPLOG,scan,main,6,36,1,33,627600,1786683659590
IMPLOG,leaf,ForkJoinPool-101-worker-2,6,36,1,34,600,71600,600,23800,252,17600,1786683659591
IMPLOG,leaf,ForkJoinPool-101-worker-4,6,36,1,34,1000,103000,600,38700,244,22500,1786683659591
IMPLOG,leaf,ForkJoinPool-101-worker-1,6,36,1,34,900,105100,600,39200,268,22400,1786683659591
IMPLOG,leaf,ForkJoinPool-101-worker-5,6,36,1,34,1000,105600,600,37700,257,23800,1786683659591
IMPLOG,leaf,ForkJoinPool-101-worker-6,6,36,1,34,1900,90700,500,33600,211,19200,1786683659591
IMPLOG,leaf,ForkJoinPool-101-worker-3,6,36,1,34,2300,90100,500,31900,218,20500,1786683659591
IMPLOG,leaf,ForkJoinPool-101-worker-2,6,36,1,34,500,59000,500,19400,208,14700,1786683659591
IMPLOG,leaf,ForkJoinPool-101-worker-4,6,36,1,34,800,105500,600,38500,242,22900,1786683659591
IMPLOG,leaf,ForkJoinPool-101-worker-3,6,36,1,34,700,87900,500,33000,207,19500,1786683659591
IMPLOG,leaf,ForkJoinPool-101-worker-6,6,36,1,34,700,89900,500,33500,220,20800,1786683659591
IMPLOG,leaf,ForkJoinPool-101-worker-1,6,36,1,34,800,105200,600,37800,261,23300,1786683659591
IMPLOG,leaf,ForkJoinPool-101-worker-7,6,36,1,34,800,62500,500,21000,209,15100,1786683659591
IMPLOG,leaf,ForkJoinPool-101-worker-5,6,36,1,34,800,108400,600,38800,256,23600,1786683659591
IMPLOG,leaf,ForkJoinPool-101-worker-4,6,36,1,34,800,88200,500,32000,205,19300,1786683659591
IMPLOG,leaf,ForkJoinPool-101-worker-1,6,36,1,34,900,86700,500,33200,214,18200,1786683659591
IMPLOG,leaf,ForkJoinPool-101-worker-6,6,36,1,34,1000,90900,500,33300,226,21200,1786683659591
IMPLOG,leaf,ForkJoinPool-101-worker-3,6,36,1,34,900,89500,500,32300,226,20200,1786683659591
IMPLOG,leaf,ForkJoinPool-101-worker-7,6,36,1,34,700,88400,500,32200,222,21000,1786683659591
IMPLOG,leaf,ForkJoinPool-101-worker-2,6,36,1,34,900,88500,500,32300,211,20200,1786683659591
IMPLOG,leaf,ForkJoinPool-101-worker-5,6,36,1,34,800,90000,500,34000,209,20000,1786683659591
IMPLOG,leaf,ForkJoinPool-101-worker-3,6,36,1,34,800,83000,500,30200,203,17000,1786683659591
IMPLOG,leaf,ForkJoinPool-101-worker-1,6,36,1,34,700,87100,500,32400,217,19600,1786683659591
IMPLOG,leaf,ForkJoinPool-101-worker-2,6,36,1,34,700,87300,500,32100,193,18400,1786683659591
IMPLOG,leaf,ForkJoinPool-101-worker-4,6,36,1,34,900,105100,600,37800,251,24000,1786683659591
IMPLOG,leaf,ForkJoinPool-101-worker-7,6,36,1,34,900,100700,600,40500,192,17900,1786683659591
IMPLOG,leaf,ForkJoinPool-101-worker-6,6,36,1,34,5900,86300,500,33800,176,16600,1786683659591
IMPLOG,leaf,ForkJoinPool-101-worker-5,6,36,1,34,900,89700,500,33300,210,19200,1786683659591
IMPLOG,leaf,ForkJoinPool-101-worker-3,6,36,1,34,1100,88200,500,33400,179,17000,1786683659591
IMPLOG,leaf,ForkJoinPool-101-worker-1,6,36,1,34,700,86800,500,34600,189,18300,1786683659591
IMPLOG,leaf,ForkJoinPool-101-worker-4,6,36,1,34,800,79700,600,29700,227,18600,1786683659591
IMPLOG,leaf,ForkJoinPool-101-worker-2,6,36,1,34,1000,84500,500,31800,162,15700,1786683659591
IMPLOG,leaf,ForkJoinPool-101-worker-7,6,36,1,34,800,86600,500,30900,214,19800,1786683659591
IMPLOG,leaf,ForkJoinPool-101-worker-5,6,36,1,34,800,90200,500,32300,216,20400,1786683659591
IMPLOG,leaf,ForkJoinPool-101-worker-4,6,36,1,34,400,64700,500,25100,190,15100,1786683659591
IMPLOG,leaf,ForkJoinPool-101-worker-3,6,36,1,34,800,76100,500,28400,182,16400,1786683659591
IMPLOG,leaf,ForkJoinPool-101-worker-1,6,36,1,34,900,88300,500,32200,222,19200,1786683659591
IMPLOG,scan,main,6,36,1,34,617500,1786683659591
IMPLOG,leaf,ForkJoinPool-101-worker-6,6,36,1,35,600,72100,600,23700,251,17100,1786683659591
IMPLOG,leaf,ForkJoinPool-101-worker-4,6,36,1,35,900,102800,600,35700,244,21700,1786683659591
IMPLOG,leaf,ForkJoinPool-101-worker-1,6,36,1,35,900,105600,600,38200,268,23100,1786683659591
IMPLOG,leaf,ForkJoinPool-101-worker-5,6,36,1,35,1000,105700,600,37800,258,23400,1786683659591
IMPLOG,leaf,ForkJoinPool-101-worker-7,6,36,1,35,2200,87900,500,35100,178,17500,1786683659591
IMPLOG,leaf,ForkJoinPool-101-worker-3,6,36,1,35,3700,90200,500,33700,209,19600,1786683659591
IMPLOG,leaf,ForkJoinPool-101-worker-6,6,36,1,35,900,70500,600,25400,227,17200,1786683659591
IMPLOG,leaf,ForkJoinPool-101-worker-4,6,36,1,35,900,104800,600,38400,242,21000,1786683659591
IMPLOG,leaf,ForkJoinPool-101-worker-7,6,36,1,35,800,89300,500,33800,189,18500,1786683659591
IMPLOG,leaf,ForkJoinPool-101-worker-1,6,36,1,35,1100,104500,600,39000,261,22800,1786683659591
IMPLOG,leaf,ForkJoinPool-101-worker-3,6,36,1,35,800,89500,500,31500,216,20200,1786683659591
IMPLOG,leaf,ForkJoinPool-101-worker-6,6,36,1,35,400,57500,500,21500,182,13700,1786683659591
IMPLOG,leaf,ForkJoinPool-101-worker-5,6,36,1,35,800,106600,600,37900,256,23300,1786683659591
IMPLOG,leaf,ForkJoinPool-101-worker-6,6,36,1,35,500,57900,500,19600,190,13800,1786683659591
IMPLOG,leaf,ForkJoinPool-101-worker-4,6,36,1,35,800,88400,500,31800,205,19300,1786683659591
IMPLOG,leaf,ForkJoinPool-101-worker-7,6,36,1,35,900,88500,500,32500,210,19900,1786683659591
IMPLOG,leaf,ForkJoinPool-101-worker-3,6,36,1,35,800,88800,500,32100,222,21300,1786683659591
IMPLOG,leaf,ForkJoinPool-101-worker-1,6,36,1,35,800,90300,500,36600,214,19900,1786683659591
IMPLOG,leaf,ForkJoinPool-101-worker-5,6,36,1,35,1000,89800,500,32300,211,20200,1786683659591
IMPLOG,leaf,ForkJoinPool-101-worker-2,6,36,1,35,700,80400,500,30400,209,18500,1786683659592
IMPLOG,leaf,ForkJoinPool-101-worker-4,6,36,1,35,800,90500,500,32500,226,21000,1786683659592
IMPLOG,leaf,ForkJoinPool-101-worker-7,6,36,1,35,700,90000,500,33200,220,20400,1786683659592
IMPLOG,leaf,ForkJoinPool-101-worker-1,6,36,1,35,800,88700,500,32500,217,19400,1786683659592
IMPLOG,leaf,ForkJoinPool-101-worker-5,6,36,1,35,800,90900,500,32200,227,21500,1786683659592
IMPLOG,leaf,ForkJoinPool-101-worker-3,6,36,1,35,800,105800,600,38000,252,22400,1786683659592
IMPLOG,leaf,ForkJoinPool-101-worker-6,6,36,1,35,900,101500,600,41100,191,18500,1786683659592
IMPLOG,leaf,ForkJoinPool-101-worker-4,6,36,1,35,800,69000,500,23100,203,16100,1786683659592
IMPLOG,leaf,ForkJoinPool-101-worker-2,6,36,1,35,800,89500,500,33100,222,20100,1786683659592
IMPLOG,leaf,ForkJoinPool-101-worker-1,6,36,1,35,800,85600,500,32600,193,16400,1786683659592
IMPLOG,leaf,ForkJoinPool-101-worker-7,6,36,1,35,800,89600,500,33700,209,19400,1786683659592
IMPLOG,leaf,ForkJoinPool-101-worker-6,6,36,1,35,700,84100,500,34000,162,16000,1786683659592
IMPLOG,leaf,ForkJoinPool-101-worker-3,6,36,1,35,800,87900,500,32500,208,17500,1786683659592
IMPLOG,leaf,ForkJoinPool-101-worker-4,6,36,1,35,500,65400,500,23900,176,14500,1786683659592
IMPLOG,leaf,ForkJoinPool-101-worker-2,6,36,1,35,800,77200,500,26600,218,17800,1786683659592
IMPLOG,leaf,ForkJoinPool-101-worker-7,6,36,1,35,800,63900,500,22900,207,15500,1786683659592
IMPLOG,leaf,ForkJoinPool-101-worker-1,6,36,1,35,800,87700,500,32400,214,18600,1786683659592
IMPLOG,scan,main,6,36,1,35,618600,1786683659591
IMPLOG,leaf,ForkJoinPool-101-worker-7,6,36,1,36,600,60100,500,20500,210,14800,1786683659592
IMPLOG,leaf,ForkJoinPool-101-worker-4,6,36,1,36,800,102200,600,37500,244,21200,1786683659592
IMPLOG,leaf,ForkJoinPool-101-worker-1,6,36,1,36,1000,105600,600,38000,269,24000,1786683659592
IMPLOG,leaf,ForkJoinPool-101-worker-6,6,36,1,36,900,107000,600,39800,250,24100,1786683659592
IMPLOG,leaf,ForkJoinPool-101-worker-3,6,36,1,36,2100,86900,500,32400,176,16500,1786683659592
IMPLOG,leaf,ForkJoinPool-101-worker-2,6,36,1,36,1800,102400,600,40800,191,19200,1786683659592
IMPLOG,leaf,ForkJoinPool-101-worker-7,6,36,1,36,500,59800,500,19600,215,16000,1786683659592
IMPLOG,leaf,ForkJoinPool-101-worker-7,6,36,1,36,600,59700,500,20100,222,16500,1786683659592
IMPLOG,leaf,ForkJoinPool-101-worker-4,6,36,1,36,800,105500,600,39300,242,21900,1786683659592
IMPLOG,leaf,ForkJoinPool-101-worker-3,6,36,1,36,800,88800,500,32600,211,20100,1786683659592
IMPLOG,leaf,ForkJoinPool-101-worker-1,6,36,1,36,900,104700,600,38200,261,22500,1786683659592
IMPLOG,leaf,ForkJoinPool-101-worker-2,6,36,1,36,800,83600,500,33300,163,16000,1786683659592
IMPLOG,leaf,ForkJoinPool-101-worker-6,6,36,1,36,800,105100,600,40100,221,22300,1786683659592
IMPLOG,leaf,ForkJoinPool-101-worker-7,6,36,1,36,500,57700,500,17800,191,13500,1786683659592
IMPLOG,leaf,ForkJoinPool-101-worker-4,6,36,1,36,800,88900,500,32800,205,18500,1786683659592
IMPLOG,leaf,ForkJoinPool-101-worker-1,6,36,1,36,800,87500,500,32700,214,18900,1786683659592
IMPLOG,leaf,ForkJoinPool-101-worker-2,6,36,1,36,800,89800,500,34000,219,21300,1786683659592
IMPLOG,leaf,ForkJoinPool-101-worker-6,6,36,1,36,800,87300,500,32800,182,18200,1786683659592
IMPLOG,leaf,ForkJoinPool-101-worker-7,6,36,1,36,400,58300,500,18100,177,12900,1786683659592
IMPLOG,leaf,ForkJoinPool-101-worker-3,6,36,1,36,800,105500,600,36800,258,23900,1786683659592
IMPLOG,leaf,ForkJoinPool-101-worker-4,6,36,1,36,5800,89500,500,31800,226,20600,1786683659592
IMPLOG,leaf,ForkJoinPool-101-worker-1,6,36,1,36,800,84200,500,31000,193,17300,1786683659592
IMPLOG,leaf,ForkJoinPool-101-worker-2,6,36,1,36,900,89100,500,33000,189,18500,1786683659592
IMPLOG,leaf,ForkJoinPool-101-worker-3,6,36,1,36,800,107300,600,39200,256,23600,1786683659592
IMPLOG,leaf,ForkJoinPool-101-worker-5,6,36,1,36,800,105900,600,39200,254,23100,1786683659592
IMPLOG,leaf,ForkJoinPool-101-worker-4,6,36,1,36,900,88500,500,32400,203,19700,1786683659592
IMPLOG,leaf,ForkJoinPool-101-worker-7,6,36,1,36,900,87800,500,30900,218,20100,1786683659592
IMPLOG,leaf,ForkJoinPool-101-worker-2,6,36,1,36,5500,88800,500,32500,210,20100,1786683659592
IMPLOG,leaf,ForkJoinPool-101-worker-6,6,36,1,36,1100,90000,500,31900,209,19100,1786683659592
IMPLOG,leaf,ForkJoinPool-101-worker-1,6,36,1,36,6200,88200,500,32800,212,19500,1786683659592
IMPLOG,leaf,ForkJoinPool-101-worker-5,6,36,1,36,900,87700,500,32200,205,18700,1786683659592
IMPLOG,leaf,ForkJoinPool-101-worker-3,6,36,1,36,5600,90800,500,32700,223,22800,1786683659592
IMPLOG,leaf,ForkJoinPool-101-worker-4,6,36,1,36,800,74700,500,28200,208,17900,1786683659592
IMPLOG,leaf,ForkJoinPool-101-worker-2,6,36,1,36,800,74200,500,25300,220,18200,1786683659592
IMPLOG,leaf,ForkJoinPool-101-worker-6,6,36,1,36,800,90000,500,33900,224,20700,1786683659592
IMPLOG,leaf,ForkJoinPool-101-worker-1,6,36,1,36,800,89700,500,31300,209,19600,1786683659592
IMPLOG,scan,main,6,36,1,36,650700,1786683659592
IMPLOG,leaf,ForkJoinPool-101-worker-5,6,36,1,37,500,59800,500,19600,218,15100,1786683659593
IMPLOG,leaf,ForkJoinPool-101-worker-4,6,36,1,37,900,103700,600,41200,244,21100,1786683659593
IMPLOG,leaf,ForkJoinPool-101-worker-1,6,36,1,37,900,88300,500,32300,210,19700,1786683659593
IMPLOG,leaf,ForkJoinPool-101-worker-3,6,36,1,37,900,108200,600,38300,269,25400,1786683659593
IMPLOG,leaf,ForkJoinPool-101-worker-2,6,36,1,37,800,106200,600,37300,254,23200,1786683659593
IMPLOG,leaf,ForkJoinPool-101-worker-6,6,36,1,37,900,106000,600,37700,257,24800,1786683659593
IMPLOG,leaf,ForkJoinPool-101-worker-5,6,36,1,37,800,58700,500,18800,208,14600,1786683659593
IMPLOG,leaf,ForkJoinPool-101-worker-1,6,36,1,37,700,90300,500,33500,220,21200,1786683659593
IMPLOG,leaf,ForkJoinPool-101-worker-5,6,36,1,37,4700,60400,500,19700,226,15600,1786683659593
IMPLOG,leaf,ForkJoinPool-101-worker-4,6,36,1,37,800,103600,600,39900,242,20900,1786683659593
IMPLOG,leaf,ForkJoinPool-101-worker-2,6,36,1,37,700,88200,500,33100,205,18000,1786683659593
IMPLOG,leaf,ForkJoinPool-101-worker-3,6,36,1,37,800,107400,600,37700,261,24700,1786683659593
IMPLOG,leaf,ForkJoinPool-101-worker-6,6,36,1,37,700,107700,600,40100,256,23600,1786683659593
IMPLOG,leaf,ForkJoinPool-101-worker-5,6,36,1,37,600,58900,500,21200,203,14700,1786683659593
IMPLOG,leaf,ForkJoinPool-101-worker-1,6,36,1,37,800,90100,500,33700,224,20400,1786683659593
IMPLOG,leaf,ForkJoinPool-101-worker-4,6,36,1,37,900,86200,500,32100,205,17800,1786683659593
IMPLOG,leaf,ForkJoinPool-101-worker-2,6,36,1,37,800,90300,500,32800,209,21000,1786683659593
IMPLOG,leaf,ForkJoinPool-101-worker-3,6,36,1,37,800,88600,500,32700,214,20700,1786683659593
IMPLOG,leaf,ForkJoinPool-101-worker-6,6,36,1,37,800,88300,500,32200,212,19000,1786683659593
IMPLOG,leaf,ForkJoinPool-101-worker-5,6,36,1,37,400,62800,500,21000,223,16300,1786683659593
IMPLOG,leaf,ForkJoinPool-101-worker-1,6,36,1,37,800,88900,500,33900,209,18600,1786683659593
IMPLOG,leaf,ForkJoinPool-101-worker-5,6,36,1,37,500,67800,500,25400,193,16100,1786683659593
IMPLOG,leaf,ForkJoinPool-101-worker-4,6,36,1,37,700,104200,600,41000,250,22200,1786683659593
IMPLOG,leaf,ForkJoinPool-101-worker-3,6,36,1,37,900,86100,500,31200,220,19600,1786683659593
IMPLOG,leaf,ForkJoinPool-101-worker-7,6,36,1,37,900,101100,600,39300,191,18900,1786683659593
IMPLOG,leaf,ForkJoinPool-101-worker-2,6,36,1,37,900,89400,500,32700,210,19400,1786683659593
IMPLOG,leaf,ForkJoinPool-101-worker-1,6,36,1,37,800,88800,500,32200,222,20000,1786683659593
IMPLOG,leaf,ForkJoinPool-101-worker-6,6,36,1,37,900,87900,500,33800,177,17600,1786683659593
IMPLOG,leaf,ForkJoinPool-101-worker-5,6,36,1,37,800,87400,500,33000,189,17500,1786683659593
IMPLOG,leaf,ForkJoinPool-101-worker-3,6,36,1,37,800,89200,500,35200,182,17800,1786683659593
IMPLOG,leaf,ForkJoinPool-101-worker-7,6,36,1,37,5400,85100,500,33200,163,15600,1786683659593
IMPLOG,leaf,ForkJoinPool-101-worker-4,6,36,1,37,800,99900,600,39100,221,18800,1786683659593
IMPLOG,leaf,ForkJoinPool-101-worker-2,6,36,1,37,800,89900,500,32600,215,20900,1786683659593
IMPLOG,leaf,ForkJoinPool-101-worker-1,6,36,1,37,900,69600,500,26400,191,15300,1786683659593
IMPLOG,leaf,ForkJoinPool-101-worker-5,6,36,1,37,700,64000,500,23700,175,13700,1786683659593
IMPLOG,leaf,ForkJoinPool-101-worker-3,6,36,1,37,800,71200,500,25900,211,15900,1786683659593
IMPLOG,scan,main,6,36,1,37,611700,1786683659592
IMPLOG,leaf,ForkJoinPool-101-worker-2,6,36,1,38,600,60200,500,21100,211,14600,1786683659593
IMPLOG,leaf,ForkJoinPool-101-worker-4,6,36,1,38,1000,103800,600,39400,249,22300,1786683659593
IMPLOG,leaf,ForkJoinPool-101-worker-5,6,36,1,38,900,90100,500,33700,218,20400,1786683659593
IMPLOG,leaf,ForkJoinPool-101-worker-3,6,36,1,38,900,108300,600,39100,269,24300,1786683659593
IMPLOG,leaf,ForkJoinPool-101-worker-7,6,36,1,38,900,106700,600,37400,257,23500,1786683659593
IMPLOG,leaf,ForkJoinPool-101-worker-1,6,36,1,38,900,106800,600,39200,253,25700,1786683659593
IMPLOG,leaf,ForkJoinPool-101-worker-2,6,36,1,38,600,59900,500,21300,223,15700,1786683659593
IMPLOG,leaf,ForkJoinPool-101-worker-2,6,36,1,38,400,59400,500,19900,212,15600,1786683659593
IMPLOG,leaf,ForkJoinPool-101-worker-5,6,36,1,38,800,90000,500,32600,220,19900,1786683659593
IMPLOG,leaf,ForkJoinPool-101-worker-4,6,36,1,38,800,104000,600,38900,246,21200,1786683659593
IMPLOG,leaf,ForkJoinPool-101-worker-3,6,36,1,38,800,107200,600,38600,261,24500,1786683659593
IMPLOG,leaf,ForkJoinPool-101-worker-7,6,36,1,38,800,107100,600,39600,257,23500,1786683659593
IMPLOG,leaf,ForkJoinPool-101-worker-1,6,36,1,38,800,105800,600,40600,224,21800,1786683659593
IMPLOG,leaf,ForkJoinPool-101-worker-2,6,36,1,38,400,61000,500,20900,212,15500,1786683659593
IMPLOG,leaf,ForkJoinPool-101-worker-5,6,36,1,38,800,89200,500,32400,224,20300,1786683659593
IMPLOG,leaf,ForkJoinPool-101-worker-4,6,36,1,38,800,86600,500,32900,206,18000,1786683659593
IMPLOG,leaf,ForkJoinPool-101-worker-3,6,36,1,38,800,88900,500,31200,214,19900,1786683659593
IMPLOG,leaf,ForkJoinPool-101-worker-1,6,36,1,38,800,87500,500,32700,186,16800,1786683659593
IMPLOG,leaf,ForkJoinPool-101-worker-7,6,36,1,38,800,90100,500,35600,209,20000,1786683659593
IMPLOG,leaf,ForkJoinPool-101-worker-2,6,36,1,38,600,62700,500,20600,215,15800,1786683659593
IMPLOG,leaf,ForkJoinPool-101-worker-4,6,36,1,38,700,92100,500,33000,226,22000,1786683659593
IMPLOG,leaf,ForkJoinPool-101-worker-6,6,36,1,38,800,101800,600,38200,202,19000,1786683659593
IMPLOG,leaf,ForkJoinPool-101-worker-3,6,36,1,38,800,89400,500,31300,220,20300,1786683659593
IMPLOG,leaf,ForkJoinPool-101-worker-1,6,36,1,38,800,86800,500,34100,185,17000,1786683659593
IMPLOG,leaf,ForkJoinPool-101-worker-2,6,36,1,38,800,89100,500,30800,222,21100,1786683659593
IMPLOG,leaf,ForkJoinPool-101-worker-5,6,36,1,38,800,89600,500,35100,193,19000,1786683659593
IMPLOG,leaf,ForkJoinPool-101-worker-7,6,36,1,38,900,99100,600,34900,255,22500,1786683659593
IMPLOG,leaf,ForkJoinPool-101-worker-4,6,36,1,38,700,86700,500,33500,206,18200,1786683659594
IMPLOG,leaf,ForkJoinPool-101-worker-6,6,36,1,38,800,85000,500,33500,166,16200,1786683659594
IMPLOG,leaf,ForkJoinPool-101-worker-1,6,36,1,38,800,86400,500,31200,195,17800,1786683659594
IMPLOG,leaf,ForkJoinPool-101-worker-3,6,36,1,38,800,87400,500,32500,194,18600,1786683659594
IMPLOG,leaf,ForkJoinPool-101-worker-7,6,36,1,38,500,58900,500,20600,208,14700,1786683659594
IMPLOG,leaf,ForkJoinPool-101-worker-5,6,36,1,38,800,86100,500,32800,181,16500,1786683659594
IMPLOG,leaf,ForkJoinPool-101-worker-7,6,36,1,38,600,62000,500,21000,209,14700,1786683659594
IMPLOG,leaf,ForkJoinPool-101-worker-6,6,36,1,38,4900,68000,500,24100,218,18000,1786683659594
IMPLOG,leaf,ForkJoinPool-101-worker-4,6,36,1,38,800,87600,500,32800,213,19400,1786683659594
IMPLOG,scan,main,6,36,1,38,609600,1786683659593
IMPLOG,leaf,ForkJoinPool-101-worker-1,6,36,1,39,600,72300,600,23200,253,18300,1786683659594
IMPLOG,leaf,ForkJoinPool-101-worker-4,6,36,1,39,900,105100,600,38900,249,22100,1786683659594
IMPLOG,leaf,ForkJoinPool-101-worker-5,6,36,1,39,900,88600,500,31800,218,20200,1786683659594
IMPLOG,leaf,ForkJoinPool-101-worker-3,6,36,1,39,900,106900,600,38200,269,24200,1786683659594
IMPLOG,leaf,ForkJoinPool-101-worker-6,6,36,1,39,1000,104700,600,37500,257,22200,1786683659594
IMPLOG,leaf,ForkJoinPool-101-worker-2,6,36,1,39,900,105900,600,40300,255,23500,1786683659594
IMPLOG,leaf,ForkJoinPool-101-worker-1,6,36,1,39,500,70300,600,23100,224,16400,1786683659594
IMPLOG,leaf,ForkJoinPool-101-worker-5,6,36,1,39,800,87400,500,32900,209,18800,1786683659594
IMPLOG,leaf,ForkJoinPool-101-worker-4,6,36,1,39,700,103800,600,39300,246,20200,1786683659594
IMPLOG,leaf,ForkJoinPool-101-worker-2,6,36,1,39,800,90500,500,34500,208,18400,1786683659594
IMPLOG,leaf,ForkJoinPool-101-worker-1,6,36,1,39,500,59000,500,20000,186,13400,1786683659594
IMPLOG,leaf,ForkJoinPool-101-worker-3,6,36,1,39,800,106900,600,37800,261,24000,1786683659594
IMPLOG,leaf,ForkJoinPool-101-worker-6,6,36,1,39,1000,106400,600,38700,256,23300,1786683659594
IMPLOG,leaf,ForkJoinPool-101-worker-1,6,36,1,39,400,57900,500,20400,185,13100,1786683659594
IMPLOG,leaf,ForkJoinPool-101-worker-5,6,36,1,39,800,89000,500,32100,226,21000,1786683659594
IMPLOG,leaf,ForkJoinPool-101-worker-4,6,36,1,39,800,87500,500,33600,206,18000,1786683659594
IMPLOG,leaf,ForkJoinPool-101-worker-2,6,36,1,39,800,89500,500,33900,206,19500,1786683659594
IMPLOG,leaf,ForkJoinPool-101-worker-3,6,36,1,39,800,88500,500,32500,214,20100,1786683659594
IMPLOG,leaf,ForkJoinPool-101-worker-6,6,36,1,39,900,88100,500,32500,212,19100,1786683659594
IMPLOG,leaf,ForkJoinPool-101-worker-1,6,36,1,39,600,79500,500,30500,193,17100,1786683659594
IMPLOG,leaf,ForkJoinPool-101-worker-4,6,36,1,39,9400,86600,500,32100,218,17700,1786683659594
IMPLOG,leaf,ForkJoinPool-101-worker-7,6,36,1,39,800,102200,600,38800,202,19600,1786683659594
IMPLOG,leaf,ForkJoinPool-101-worker-2,6,36,1,39,800,89800,500,32200,220,20900,1786683659594
IMPLOG,leaf,ForkJoinPool-101-worker-3,6,36,1,39,800,86400,500,33000,181,17500,1786683659594
IMPLOG,leaf,ForkJoinPool-101-worker-5,6,36,1,39,900,90300,500,33400,224,20200,1786683659594
IMPLOG,leaf,ForkJoinPool-101-worker-6,6,36,1,39,800,88600,500,30800,211,19000,1786683659594
IMPLOG,leaf,ForkJoinPool-101-worker-1,6,36,1,39,800,90200,500,32400,212,20500,1786683659594
IMPLOG,leaf,ForkJoinPool-101-worker-7,6,36,1,39,800,85100,500,33800,166,16100,1786683659594
IMPLOG,leaf,ForkJoinPool-101-worker-4,6,36,1,39,700,87800,500,31800,220,19700,1786683659594
IMPLOG,leaf,ForkJoinPool-101-worker-2,6,36,1,39,800,87000,500,32300,194,17700,1786683659594
IMPLOG,leaf,ForkJoinPool-101-worker-3,6,36,1,39,700,88500,500,32600,213,19300,1786683659594
IMPLOG,leaf,ForkJoinPool-101-worker-5,6,36,1,39,800,89700,500,33800,209,19600,1786683659594
IMPLOG,leaf,ForkJoinPool-101-worker-6,6,36,1,39,800,88900,500,32600,223,19700,1786683659594
IMPLOG,leaf,ForkJoinPool-101-worker-1,6,36,1,39,5900,80400,500,28000,215,19000,1786683659594
IMPLOG,leaf,ForkJoinPool-101-worker-7,6,36,1,39,700,90200,500,32400,222,21400,1786683659594
IMPLOG,leaf,ForkJoinPool-101-worker-2,6,36,1,39,800,86800,500,31500,195,18300,1786683659594
IMPLOG,scan,main,6,36,1,39,612200,1786683659594
IMPLOG,leaf,ForkJoinPool-101-worker-5,6,36,1,40,1000,68100,600,26100,199,14500,1786683659594
IMPLOG,leaf,ForkJoinPool-101-worker-4,6,36,1,40,900,103800,600,39300,249,20900,1786683659594
IMPLOG,leaf,ForkJoinPool-101-worker-2,6,36,1,40,900,89600,500,33700,218,20100,1786683659594
IMPLOG,leaf,ForkJoinPool-101-worker-1,6,36,1,40,900,106300,600,39200,258,23700,1786683659594
IMPLOG,leaf,ForkJoinPool-101-worker-3,6,36,1,40,900,106400,600,39900,269,24700,1786683659594
IMPLOG,leaf,ForkJoinPool-101-worker-7,6,36,1,40,900,106800,600,38400,259,24800,1786683659594
IMPLOG,leaf,ForkJoinPool-101-worker-5,6,36,1,40,400,56400,500,20100,166,12000,1786683659594
IMPLOG,leaf,ForkJoinPool-101-worker-2,6,36,1,40,800,88600,500,31000,218,19800,1786683659594
IMPLOG,leaf,ForkJoinPool-101-worker-5,6,36,1,40,500,59000,500,20300,188,14100,1786683659594
IMPLOG,leaf,ForkJoinPool-101-worker-4,6,36,1,40,900,105900,600,36900,246,22400,1786683659594
IMPLOG,leaf,ForkJoinPool-101-worker-1,6,36,1,40,1100,106900,600,39000,254,23300,1786683659594
IMPLOG,leaf,ForkJoinPool-101-worker-3,6,36,1,40,800,106100,600,39100,261,23900,1786683659594
IMPLOG,leaf,ForkJoinPool-101-worker-7,6,36,1,40,800,105400,600,40700,231,22500,1786683659594
IMPLOG,leaf,ForkJoinPool-101-worker-5,6,36,1,40,4800,60200,500,19800,218,16200,1786683659595
IMPLOG,leaf,ForkJoinPool-101-worker-2,6,36,1,40,1000,89200,500,31800,224,20500,1786683659595
IMPLOG,leaf,ForkJoinPool-101-worker-4,6,36,1,40,1000,86400,500,31600,208,18000,1786683659595
IMPLOG,leaf,ForkJoinPool-101-worker-1,6,36,1,40,800,88500,500,32200,212,20400,1786683659595
IMPLOG,leaf,ForkJoinPool-101-worker-7,6,36,1,40,800,88400,500,33900,189,18600,1786683659595
IMPLOG,leaf,ForkJoinPool-101-worker-3,6,36,1,40,900,89200,500,32700,215,20600,1786683659595
IMPLOG,leaf,ForkJoinPool-101-worker-5,6,36,1,40,500,59800,500,19500,220,15100,1786683659595
IMPLOG,leaf,ForkJoinPool-101-worker-2,6,36,1,40,800,88900,500,34100,208,19400,1786683659595
IMPLOG,leaf,ForkJoinPool-101-worker-4,6,36,1,40,800,87500,500,32300,225,18700,1786683659595
IMPLOG,leaf,ForkJoinPool-101-worker-5,6,36,1,40,500,60100,500,19200,213,14700,1786683659595
IMPLOG,leaf,ForkJoinPool-101-worker-7,6,36,1,40,800,86200,500,33200,185,17600,1786683659595
IMPLOG,leaf,ForkJoinPool-101-worker-3,6,36,1,40,800,86800,500,31400,194,17700,1786683659595
IMPLOG,leaf,ForkJoinPool-101-worker-1,6,36,1,40,800,89400,500,33500,212,19600,1786683659595
IMPLOG,leaf,ForkJoinPool-101-worker-5,6,36,1,40,400,62100,500,21000,215,16400,1786683659595
IMPLOG,leaf,ForkJoinPool-101-worker-2,6,36,1,40,800,88900,500,31600,223,20700,1786683659595
IMPLOG,leaf,ForkJoinPool-101-worker-4,6,36,1,40,800,86800,500,33000,205,18500,1786683659595
IMPLOG,leaf,ForkJoinPool-101-worker-7,6,36,1,40,800,88700,500,33700,193,18200,1786683659595
IMPLOG,leaf,ForkJoinPool-101-worker-3,6,36,1,40,800,89300,500,33100,222,19700,1786683659595
IMPLOG,leaf,ForkJoinPool-101-worker-6,6,36,1,40,800,99700,600,36500,257,22000,1786683659595
IMPLOG,leaf,ForkJoinPool-101-worker-5,6,36,1,40,500,76400,500,28400,195,16400,1786683659595
IMPLOG,leaf,ForkJoinPool-101-worker-2,6,36,1,40,800,71600,500,24000,208,16400,1786683659595
IMPLOG,leaf,ForkJoinPool-101-worker-4,6,36,1,40,800,87400,500,31600,217,19300,1786683659595
IMPLOG,leaf,ForkJoinPool-101-worker-1,6,36,1,40,900,83900,500,30900,209,18500,1786683659595
IMPLOG,scan,main,6,36,1,40,606100,1786683659594
IMPLOG,leaf,ForkJoinPool-101-worker-2,6,36,1,41,600,57900,500,19500,185,13300,1786683659595
IMPLOG,leaf,ForkJoinPool-101-worker-4,6,36,1,41,1000,104700,600,38300,247,22600,1786683659595
IMPLOG,leaf,ForkJoinPool-101-worker-7,6,36,1,41,900,90400,500,33200,213,19100,1786683659595
IMPLOG,leaf,ForkJoinPool-101-worker-6,6,36,1,41,1700,109000,600,39900,269,23800,1786683659595
IMPLOG,leaf,ForkJoinPool-101-worker-3,6,36,1,41,1100,106700,600,38600,259,24300,1786683659595
IMPLOG,leaf,ForkJoinPool-101-worker-1,6,36,1,41,2500,107000,600,37800,258,24500,1786683659595
IMPLOG,leaf,ForkJoinPool-101-worker-2,6,36,1,41,500,58100,500,19800,193,14100,1786683659595
IMPLOG,leaf,ForkJoinPool-101-worker-2,6,36,1,41,400,58900,500,20700,188,13900,1786683659595
IMPLOG,leaf,ForkJoinPool-101-worker-7,6,36,1,41,800,89600,500,32700,216,20300,1786683659595
IMPLOG,leaf,ForkJoinPool-101-worker-4,6,36,1,41,800,103900,600,38600,244,20900,1786683659595
IMPLOG,leaf,ForkJoinPool-101-worker-6,6,36,1,41,800,108200,600,38900,261,24600,1786683659595
IMPLOG,leaf,ForkJoinPool-101-worker-3,6,36,1,41,800,105500,600,40500,231,21900,1786683659595
IMPLOG,leaf,ForkJoinPool-101-worker-1,6,36,1,41,900,107000,600,38200,253,23700,1786683659595
IMPLOG,leaf,ForkJoinPool-101-worker-2,6,36,1,41,500,80700,600,30200,198,15500,1786683659595
IMPLOG,leaf,ForkJoinPool-101-worker-7,6,36,1,41,900,89500,500,33700,222,20300,1786683659595
IMPLOG,leaf,ForkJoinPool-101-worker-4,6,36,1,41,800,86200,500,32200,206,18700,1786683659595
IMPLOG,leaf,ForkJoinPool-101-worker-6,6,36,1,41,700,88400,500,32800,215,19800,1786683659595
IMPLOG,leaf,ForkJoinPool-101-worker-3,6,36,1,41,800,86600,500,32600,194,18700,1786683659595
IMPLOG,leaf,ForkJoinPool-101-worker-1,6,36,1,41,800,88200,500,32200,213,19600,1786683659595
IMPLOG,leaf,ForkJoinPool-101-worker-2,6,36,1,41,900,72800,500,27900,166,13600,1786683659595
IMPLOG,leaf,ForkJoinPool-101-worker-4,6,36,1,41,800,88600,500,32400,225,19500,1786683659595
IMPLOG,leaf,ForkJoinPool-101-worker-5,6,36,1,41,900,87900,500,34500,188,18800,1786683659595
IMPLOG,leaf,ForkJoinPool-101-worker-3,6,36,1,41,1000,67300,500,23700,194,14500,1786683659595
IMPLOG,leaf,ForkJoinPool-101-worker-6,6,36,1,41,700,89900,500,32100,220,21500,1786683659595
IMPLOG,leaf,ForkJoinPool-101-worker-1,6,36,1,41,700,88700,500,34300,211,19300,1786683659595
IMPLOG,leaf,ForkJoinPool-101-worker-7,6,36,1,41,900,82400,500,30300,217,19400,1786683659595
IMPLOG,leaf,ForkJoinPool-101-worker-4,6,36,1,41,800,86300,500,30600,204,18600,1786683659595
IMPLOG,leaf,ForkJoinPool-101-worker-3,6,36,1,41,500,78900,500,27600,217,18200,1786683659595
IMPLOG,leaf,ForkJoinPool-101-worker-1,6,36,1,41,800,88900,500,31100,223,21500,1786683659595
IMPLOG,leaf,ForkJoinPool-101-worker-7,6,36,1,41,500,97000,600,33300,256,22000,1786683659595
IMPLOG,leaf,ForkJoinPool-101-worker-5,6,36,1,41,800,88800,500,30400,217,20400,1786683659595
IMPLOG,leaf,ForkJoinPool-101-worker-2,6,36,1,41,900,89000,500,32600,209,19200,1786683659595
IMPLOG,leaf,ForkJoinPool-101-worker-6,6,36,1,41,900,86100,500,32100,224,20200,1786683659595
IMPLOG,leaf,ForkJoinPool-101-worker-3,6,36,1,41,700,77200,500,26300,218,18000,1786683659595
IMPLOG,leaf,ForkJoinPool-101-worker-1,6,36,1,41,800,69100,500,23200,208,16100,1786683659595
IMPLOG,leaf,ForkJoinPool-101-worker-4,6,36,1,41,800,157200,500,31200,208,18800,1786683659595
IMPLOG,scan,main,6,36,1,41,679500,1786683659595
IMPLOG,leaf,ForkJoinPool-101-worker-4,6,36,1,42,1400,105000,600,40100,247,20900,1786683659596
IMPLOG,leaf,ForkJoinPool-101-worker-6,6,36,1,42,2700,94200,500,31700,188,16700,1786683659596
IMPLOG,leaf,ForkJoinPool-101-worker-5,6,36,1,42,900,149500,600,39000,259,20900,1786683659596
IMPLOG,leaf,ForkJoinPool-101-worker-3,6,36,1,42,1000,87600,500,27100,213,18100,1786683659596
IMPLOG,leaf,ForkJoinPool-101-worker-7,6,36,1,42,1200,216000,600,37600,270,24900,1786683659596
IMPLOG,leaf,ForkJoinPool-101-worker-6,6,36,1,42,1000,114600,500,25900,217,17700,1786683659596
IMPLOG,leaf,ForkJoinPool-101-worker-3,6,36,1,42,700,79300,500,30200,216,17100,1786683659596
IMPLOG,leaf,ForkJoinPool-101-worker-5,6,36,1,42,1000,106100,600,39200,232,21800,1786683659596
IMPLOG,leaf,ForkJoinPool-101-worker-4,6,36,1,42,1000,194900,600,129700,244,25300,1786683659596
IMPLOG,leaf,ForkJoinPool-101-worker-1,6,36,1,42,1900,308800,600,35400,198,19800,1786683659596
IMPLOG,leaf,ForkJoinPool-101-worker-6,6,36,1,42,1400,91900,500,39800,166,15200,1786683659596
IMPLOG,leaf,ForkJoinPool-101-worker-7,6,36,1,42,1200,107600,600,39300,261,24400,1786683659596
IMPLOG,leaf,ForkJoinPool-101-worker-5,6,36,1,42,800,88400,500,34400,188,17700,1786683659596
IMPLOG,leaf,ForkJoinPool-101-worker-1,6,36,1,42,1100,80000,500,28400,220,17300,1786683659596
IMPLOG,leaf,ForkJoinPool-101-worker-6,6,36,1,42,1100,86700,500,32400,194,18300,1786683659596
IMPLOG,leaf,ForkJoinPool-101-worker-3,6,36,1,42,600,164700,500,29900,222,98300,1786683659596
IMPLOG,leaf,ForkJoinPool-101-worker-7,6,36,1,42,900,89100,500,32900,215,20500,1786683659596
IMPLOG,leaf,ForkJoinPool-101-worker-4,6,36,1,42,1600,146700,500,26700,206,82900,1786683659596
IMPLOG,leaf,ForkJoinPool-101-worker-2,6,36,1,42,1000,82700,500,30100,193,16700,1786683659596
IMPLOG,leaf,ForkJoinPool-101-worker-5,6,36,1,42,900,121500,500,35300,185,17800,1786683659596
IMPLOG,leaf,ForkJoinPool-101-worker-1,6,36,1,42,800,83800,500,28300,194,16800,1786683659596
IMPLOG,leaf,ForkJoinPool-101-worker-4,6,36,1,42,1000,80400,500,26900,225,18200,1786683659596
IMPLOG,leaf,ForkJoinPool-101-worker-3,6,36,1,42,1100,123900,500,64600,217,19400,1786683659596
IMPLOG,leaf,ForkJoinPool-101-worker-6,6,36,1,42,800,134300,600,60500,258,28800,1786683659596
IMPLOG,leaf,ForkJoinPool-101-worker-5,6,36,1,42,1200,78200,500,29100,211,16000,1786683659596
IMPLOG,leaf,ForkJoinPool-101-worker-2,6,36,1,42,800,99500,600,36700,256,19800,1786683659596
IMPLOG,leaf,ForkJoinPool-101-worker-1,6,36,1,42,800,88500,500,31000,213,20100,1786683659596
IMPLOG,leaf,ForkJoinPool-101-worker-7,6,36,1,42,1100,97400,500,29800,204,31700,1786683659596
IMPLOG,leaf,ForkJoinPool-101-worker-3,6,36,1,42,1100,90500,500,32800,218,21900,1786683659596
IMPLOG,leaf,ForkJoinPool-101-worker-5,6,36,1,42,600,78400,500,27100,217,19100,1786683659596
IMPLOG,leaf,ForkJoinPool-101-worker-4,6,36,1,42,21100,89800,500,32500,223,21500,1786683659596
IMPLOG,leaf,ForkJoinPool-101-worker-2,6,36,1,42,800,83400,500,30000,209,17400,1786683659596
IMPLOG,leaf,ForkJoinPool-101-worker-6,6,36,1,42,1200,104800,600,39100,253,23500,1786683659596
IMPLOG,leaf,ForkJoinPool-101-worker-1,6,36,1,42,800,81500,500,28400,224,19700,1786683659596
IMPLOG,leaf,ForkJoinPool-101-worker-7,6,36,1,42,1100,74700,500,28000,208,16800,1786683659596
IMPLOG,leaf,ForkJoinPool-101-worker-5,6,36,1,42,800,459200,500,24100,208,15300,1786683659596
IMPLOG,scan,main,6,36,1,42,1153300,1786683659596
IMPLOG,leaf,ForkJoinPool-101-worker-3,6,36,1,43,700,59600,500,23100,186,13200,1786683659597
IMPLOG,leaf,ForkJoinPool-101-worker-4,6,36,1,43,1100,109700,600,34900,247,19900,1786683659597
IMPLOG,leaf,ForkJoinPool-101-worker-5,6,36,1,43,1000,95700,500,33900,213,21200,1786683659597
IMPLOG,leaf,ForkJoinPool-101-worker-2,6,36,1,43,1000,107300,600,36900,270,22300,1786683659597
IMPLOG,leaf,ForkJoinPool-101-worker-6,6,36,1,43,1000,110500,600,36000,259,35600,1786683659597
IMPLOG,leaf,ForkJoinPool-101-worker-3,6,36,1,43,500,59100,500,22200,193,15100,1786683659597
IMPLOG,leaf,ForkJoinPool-101-worker-1,6,36,1,43,1300,69700,600,25200,198,15300,1786683659597
IMPLOG,leaf,ForkJoinPool-101-worker-5,6,36,1,43,700,88500,500,31800,216,18300,1786683659597
IMPLOG,leaf,ForkJoinPool-101-worker-3,6,36,1,43,400,59700,500,21400,191,13600,1786683659597
IMPLOG,leaf,ForkJoinPool-101-worker-4,6,36,1,43,800,100800,600,38300,244,21200,1786683659597
IMPLOG,leaf,ForkJoinPool-101-worker-1,6,36,1,43,10500,57100,500,20700,166,13300,1786683659597
IMPLOG,leaf,ForkJoinPool-101-worker-6,6,36,1,43,600,91400,600,35400,234,18500,1786683659597
IMPLOG,leaf,ForkJoinPool-101-worker-2,6,36,1,43,1000,107400,600,39000,262,23000,1786683659597
IMPLOG,leaf,ForkJoinPool-101-worker-1,6,36,1,43,400,58000,500,20900,187,13200,1786683659597
IMPLOG,leaf,ForkJoinPool-101-worker-3,6,36,1,43,6600,71300,600,24000,258,18200,1786683659597
IMPLOG,leaf,ForkJoinPool-101-worker-5,6,36,1,43,800,89400,500,33200,222,20300,1786683659597
IMPLOG,leaf,ForkJoinPool-101-worker-4,6,36,1,43,700,84300,500,33400,206,18100,1786683659597
IMPLOG,leaf,ForkJoinPool-101-worker-6,6,36,1,43,900,75200,500,29100,195,15200,1786683659597
IMPLOG,leaf,ForkJoinPool-101-worker-2,6,36,1,43,800,88700,500,33400,215,20800,1786683659597
IMPLOG,leaf,ForkJoinPool-101-worker-3,6,36,1,43,400,99000,600,34100,253,21100,1786683659597
IMPLOG,leaf,ForkJoinPool-101-worker-4,6,36,1,43,700,86100,500,31000,225,18500,1786683659597
IMPLOG,leaf,ForkJoinPool-101-worker-7,6,36,1,43,800,88600,500,31300,220,19600,1786683659597
IMPLOG,leaf,ForkJoinPool-101-worker-6,6,36,1,43,800,74300,500,25600,217,16100,1786683659597
IMPLOG,leaf,ForkJoinPool-101-worker-2,6,36,1,43,10000,82500,500,30900,193,17000,1786683659597
IMPLOG,leaf,ForkJoinPool-101-worker-5,6,36,1,43,900,106700,600,38700,256,23500,1786683659597
IMPLOG,leaf,ForkJoinPool-101-worker-6,6,36,1,43,500,67400,500,21500,218,15900,1786683659597
IMPLOG,leaf,ForkJoinPool-101-worker-4,6,36,1,43,700,85300,500,33300,204,18700,1786683659597
IMPLOG,leaf,ForkJoinPool-101-worker-3,6,36,1,43,800,88700,500,31300,213,20200,1786683659597
IMPLOG,leaf,ForkJoinPool-101-worker-7,6,36,1,43,800,63200,500,22100,217,16100,1786683659597
IMPLOG,leaf,ForkJoinPool-101-worker-5,6,36,1,43,6200,88400,500,32400,210,20000,1786683659597
IMPLOG,leaf,ForkJoinPool-101-worker-6,6,36,1,43,500,59900,500,19800,224,15600,1786683659597
IMPLOG,leaf,ForkJoinPool-101-worker-7,6,36,1,43,400,60200,500,19800,208,14300,1786683659597
IMPLOG,leaf,ForkJoinPool-101-worker-3,6,36,1,43,800,75400,500,26200,211,16400,1786683659597
IMPLOG,leaf,ForkJoinPool-101-worker-4,6,36,1,43,800,85900,500,33200,209,19500,1786683659597
IMPLOG,leaf,ForkJoinPool-101-worker-6,6,36,1,43,500,69100,500,20900,223,16200,1786683659597
IMPLOG,leaf,ForkJoinPool-101-worker-1,6,36,1,43,500,581200,500,25900,217,16700,1786683659597
IMPLOG,scan,main,6,36,1,43,913700,1786683659597
IMPLOG,leaf,ForkJoinPool-101-worker-7,6,36,1,44,800,59400,500,20400,191,14700,1786683659598
IMPLOG,leaf,ForkJoinPool-101-worker-4,6,36,1,44,1800,106200,600,38100,245,23800,1786683659598
IMPLOG,leaf,ForkJoinPool-101-worker-1,6,36,1,44,900,96200,600,34800,259,21700,1786683659598
IMPLOG,leaf,ForkJoinPool-101-worker-2,6,36,1,44,1000,110300,600,40100,270,25400,1786683659598
IMPLOG,leaf,ForkJoinPool-101-worker-6,6,36,1,44,900,88000,500,34000,186,18000,1786683659598
IMPLOG,leaf,ForkJoinPool-101-worker-3,6,36,1,44,900,89400,500,33000,213,20400,1786683659598
IMPLOG,leaf,ForkJoinPool-101-worker-7,6,36,1,44,400,71600,600,25700,234,17400,1786683659598
IMPLOG,leaf,ForkJoinPool-101-worker-1,6,36,1,44,700,80200,500,28300,222,18900,1786683659598
IMPLOG,leaf,ForkJoinPool-101-worker-6,6,36,1,44,800,88800,500,34000,193,18100,1786683659598
IMPLOG,leaf,ForkJoinPool-101-worker-3,6,36,1,44,800,89000,500,32900,216,20400,1786683659598
IMPLOG,leaf,ForkJoinPool-101-worker-4,6,36,1,44,800,105300,600,39500,244,22600,1786683659598
IMPLOG,leaf,ForkJoinPool-101-worker-2,6,36,1,44,900,108200,600,40700,262,23300,1786683659598
IMPLOG,leaf,ForkJoinPool-101-worker-7,6,36,1,44,500,68000,500,23700,195,15300,1786683659598
IMPLOG,leaf,ForkJoinPool-101-worker-5,6,36,1,44,800,91600,600,33100,198,18000,1786683659598
IMPLOG,leaf,ForkJoinPool-101-worker-6,6,36,1,44,800,90700,600,29800,258,20000,1786683659598
IMPLOG,leaf,ForkJoinPool-101-worker-4,6,36,1,44,800,88300,500,33100,207,19800,1786683659598
IMPLOG,leaf,ForkJoinPool-101-worker-2,6,36,1,44,800,89400,500,32000,215,20400,1786683659598
IMPLOG,leaf,ForkJoinPool-101-worker-7,6,36,1,44,800,92700,600,35900,256,21200,1786683659598
IMPLOG,leaf,ForkJoinPool-101-worker-1,6,36,1,44,800,70900,500,27300,217,16600,1786683659598
IMPLOG,leaf,ForkJoinPool-101-worker-3,6,36,1,44,1900,87000,500,32800,220,19400,1786683659598
IMPLOG,leaf,ForkJoinPool-101-worker-5,6,36,1,44,700,75900,500,29000,166,15100,1786683659598
IMPLOG,leaf,ForkJoinPool-101-worker-6,6,36,1,44,1600,83700,600,28800,254,18900,1786683659598
IMPLOG,leaf,ForkJoinPool-101-worker-4,6,36,1,44,800,89400,500,32600,225,20800,1786683659598
IMPLOG,leaf,ForkJoinPool-101-worker-2,6,36,1,44,800,87100,500,32200,193,18100,1786683659598
IMPLOG,leaf,ForkJoinPool-101-worker-7,6,36,1,44,700,75500,500,24400,210,15200,1786683659598
IMPLOG,leaf,ForkJoinPool-101-worker-1,6,36,1,44,600,70600,500,25900,208,15200,1786683659598
IMPLOG,leaf,ForkJoinPool-101-worker-3,6,36,1,44,1100,83300,500,30600,188,16100,1786683659598
IMPLOG,leaf,ForkJoinPool-101-worker-5,6,36,1,44,700,75500,500,26900,217,16200,1786683659598
IMPLOG,leaf,ForkJoinPool-101-worker-6,6,36,1,44,500,59000,500,20900,212,15200,1786683659598
IMPLOG,leaf,ForkJoinPool-101-worker-4,6,36,1,44,800,66900,500,23200,204,16400,1786683659598
IMPLOG,leaf,ForkJoinPool-101-worker-1,6,36,1,44,600,70200,500,25800,217,15100,1786683659598
IMPLOG,leaf,ForkJoinPool-101-worker-7,6,36,1,44,700,77800,500,28800,211,17300,1786683659598
IMPLOG,leaf,ForkJoinPool-101-worker-5,6,36,1,44,800,61000,500,20600,209,14500,1786683659598
IMPLOG,leaf,ForkJoinPool-101-worker-6,6,36,1,44,400,86700,500,31000,223,19300,1786683659598
IMPLOG,leaf,ForkJoinPool-101-worker-3,6,36,1,44,700,78800,500,26500,224,16500,1786683659598
IMPLOG,leaf,ForkJoinPool-101-worker-2,6,36,1,44,1000,86500,500,31800,218,19600,1786683659598
IMPLOG,scan,main,6,36,1,44,602300,1786683659598
IMPLOG,leaf,ForkJoinPool-101-worker-5,6,36,1,45,1200,78200,500,27400,220,19100,1786683659598
IMPLOG,leaf,ForkJoinPool-101-worker-4,6,36,1,45,900,105700,600,38400,245,23000,1786683659598
IMPLOG,leaf,ForkJoinPool-101-worker-6,6,36,1,45,1000,100600,600,33600,270,23100,1786683659598
IMPLOG,leaf,ForkJoinPool-101-worker-2,6,36,1,45,900,102600,600,39300,198,19600,1786683659598
IMPLOG,leaf,ForkJoinPool-101-worker-1,6,36,1,45,1200,107100,600,38500,259,23700,1786683659598
IMPLOG,leaf,ForkJoinPool-101-worker-7,6,36,1,45,1100,107400,600,39800,258,23500,1786683659598
IMPLOG,leaf,ForkJoinPool-101-worker-5,6,36,1,45,900,84200,500,30200,192,16400,1786683659598
IMPLOG,leaf,ForkJoinPool-101-worker-2,6,36,1,45,800,84800,500,34000,166,15500,1786683659598
IMPLOG,leaf,ForkJoinPool-101-worker-6,6,36,1,45,900,100800,600,36300,262,22400,1786683659598
IMPLOG,leaf,ForkJoinPool-101-worker-4,6,36,1,45,800,105200,600,39400,244,22800,1786683659598
IMPLOG,leaf,ForkJoinPool-101-worker-7,6,36,1,45,700,107300,600,39800,254,23500,1786683659598
IMPLOG,leaf,ForkJoinPool-101-worker-1,6,36,1,45,800,116600,600,51600,235,21800,1786683659598
IMPLOG,leaf,ForkJoinPool-101-worker-5,6,36,1,45,900,74800,500,24400,215,16800,1786683659599
IMPLOG,leaf,ForkJoinPool-101-worker-2,6,36,1,45,800,79600,500,33200,188,16600,1786683659599
IMPLOG,leaf,ForkJoinPool-101-worker-4,6,36,1,45,800,87700,500,31900,207,19300,1786683659599
IMPLOG,leaf,ForkJoinPool-101-worker-6,6,36,1,45,800,90300,500,31300,213,19400,1786683659599
IMPLOG,leaf,ForkJoinPool-101-worker-7,6,36,1,45,800,88900,500,32100,212,20400,1786683659599
IMPLOG,leaf,ForkJoinPool-101-worker-1,6,36,1,45,1100,89000,500,34100,191,18200,1786683659599
IMPLOG,leaf,ForkJoinPool-101-worker-5,6,36,1,45,1400,78800,500,27800,222,17200,1786683659599
IMPLOG,leaf,ForkJoinPool-101-worker-2,6,36,1,45,700,82600,500,28700,216,18000,1786683659599
IMPLOG,leaf,ForkJoinPool-101-worker-4,6,36,1,45,700,88500,500,31600,225,21000,1786683659599
IMPLOG,leaf,ForkJoinPool-101-worker-6,6,36,1,45,800,90000,500,32600,216,19700,1786683659599
IMPLOG,leaf,ForkJoinPool-101-worker-1,6,36,1,45,900,87400,500,34700,186,16900,1786683659599
IMPLOG,leaf,ForkJoinPool-101-worker-7,6,36,1,45,8800,89000,500,32200,211,18400,1786683659599
IMPLOG,leaf,ForkJoinPool-101-worker-5,6,36,1,45,500,78000,500,28100,196,16400,1786683659599
IMPLOG,leaf,ForkJoinPool-101-worker-2,6,36,1,45,700,76700,500,26600,215,16900,1786683659599
IMPLOG,leaf,ForkJoinPool-101-worker-4,6,36,1,45,900,87100,500,31800,204,19200,1786683659599
IMPLOG,leaf,ForkJoinPool-101-worker-6,6,36,1,45,900,78400,500,30200,194,16100,1786683659599
IMPLOG,leaf,ForkJoinPool-101-worker-7,6,36,1,45,700,90300,500,31500,223,21000,1786683659599
IMPLOG,leaf,ForkJoinPool-101-worker-3,6,36,1,45,1100,88500,500,31400,217,19900,1786683659599
IMPLOG,leaf,ForkJoinPool-101-worker-5,6,36,1,45,900,98600,600,32400,256,22300,1786683659599
IMPLOG,leaf,ForkJoinPool-101-worker-2,6,36,1,45,900,86600,500,32000,218,20100,1786683659599
IMPLOG,leaf,ForkJoinPool-101-worker-4,6,36,1,45,800,88200,500,33200,210,19000,1786683659599
IMPLOG,leaf,ForkJoinPool-101-worker-1,6,36,1,45,1000,66200,500,22800,208,15700,1786683659599
IMPLOG,leaf,ForkJoinPool-101-worker-6,6,36,1,45,1200,79500,500,26800,224,17700,1786683659599
IMPLOG,leaf,ForkJoinPool-101-worker-7,6,36,1,45,800,87600,500,32400,209,19500,1786683659599
IMPLOG,scan,main,6,36,1,45,660100,1786683659598
IMPLOG,leaf,ForkJoinPool-102-worker-1,6,36,2,1,2000,92500,600,30000,258,21000,1786683659606
IMPLOG,leaf,ForkJoinPool-102-worker-1,6,36,2,1,500,70900,600,23600,265,17900,1786683659606
IMPLOG,leaf,ForkJoinPool-102-worker-1,6,36,2,1,400,58900,500,18500,221,16200,1786683659606
IMPLOG,leaf,ForkJoinPool-102-worker-1,6,36,2,1,500,61700,500,19800,224,15500,1786683659606
IMPLOG,leaf,ForkJoinPool-102-worker-1,6,36,2,1,900,93400,500,43000,215,16500,1786683659606
IMPLOG,leaf,ForkJoinPool-102-worker-1,6,36,2,1,800,102500,600,31900,268,26700,1786683659607
IMPLOG,leaf,ForkJoinPool-102-worker-1,6,36,2,1,500,64600,500,20100,220,15400,1786683659607
IMPLOG,leaf,ForkJoinPool-102-worker-2,6,36,2,1,1300,101100,600,36900,263,24500,1786683659607
IMPLOG,leaf,ForkJoinPool-102-worker-2,6,36,2,1,800,97700,600,32800,267,22800,1786683659607
IMPLOG,leaf,ForkJoinPool-102-worker-3,6,36,2,1,1500,109000,600,36800,258,24800,1786683659607
IMPLOG,leaf,ForkJoinPool-102-worker-4,6,36,2,1,1100,110100,600,39200,260,25000,1786683659607
IMPLOG,leaf,ForkJoinPool-102-worker-2,6,36,2,1,600,96300,500,41800,217,17600,1786683659607
IMPLOG,leaf,ForkJoinPool-102-worker-1,6,36,2,1,700,78700,500,26900,214,17300,1786683659607
IMPLOG,leaf,ForkJoinPool-102-worker-3,6,36,2,1,17000,109000,600,38900,265,24200,1786683659607
IMPLOG,leaf,ForkJoinPool-102-worker-4,6,36,2,1,900,109800,600,38900,257,24800,1786683659607
IMPLOG,leaf,ForkJoinPool-102-worker-2,6,36,2,1,700,83800,500,28500,220,19600,1786683659607
IMPLOG,leaf,ForkJoinPool-102-worker-5,6,36,2,1,1200,90400,500,31600,217,20400,1786683659607
IMPLOG,leaf,ForkJoinPool-102-worker-1,6,36,2,1,1000,87300,600,28200,258,21100,1786683659607
IMPLOG,leaf,ForkJoinPool-102-worker-2,6,36,2,1,500,62400,500,20400,223,16800,1786683659607
IMPLOG,leaf,ForkJoinPool-102-worker-4,6,36,2,1,800,91800,500,34200,218,19700,1786683659607
IMPLOG,leaf,ForkJoinPool-102-worker-3,6,36,2,1,800,92000,500,30600,216,22000,1786683659607
IMPLOG,leaf,ForkJoinPool-102-worker-6,6,36,2,1,1100,99000,500,35100,225,21600,1786683659607
IMPLOG,leaf,ForkJoinPool-102-worker-1,6,36,2,1,600,66300,500,19500,223,16900,1786683659607
IMPLOG,leaf,ForkJoinPool-102-worker-2,6,36,2,1,500,67300,500,23000,221,16200,1786683659607
IMPLOG,leaf,ForkJoinPool-102-worker-5,6,36,2,1,900,99400,500,33300,226,22500,1786683659607
IMPLOG,leaf,ForkJoinPool-102-worker-1,6,36,2,1,400,61400,500,19000,221,15600,1786683659607
IMPLOG,leaf,ForkJoinPool-102-worker-6,6,36,2,1,5800,88100,500,31000,217,20800,1786683659607
IMPLOG,leaf,ForkJoinPool-102-worker-4,6,36,2,1,12400,92100,500,31700,220,21300,1786683659607
IMPLOG,leaf,ForkJoinPool-102-worker-3,6,36,2,1,12300,93600,500,33500,213,20200,1786683659607
IMPLOG,leaf,ForkJoinPool-102-worker-2,6,36,2,1,800,77000,500,25100,220,20100,1786683659607
IMPLOG,leaf,ForkJoinPool-102-worker-6,6,36,2,1,800,92900,500,29900,222,18100,1786683659607
IMPLOG,leaf,ForkJoinPool-102-worker-4,6,36,2,1,700,93100,500,32700,209,22500,1786683659607
IMPLOG,leaf,ForkJoinPool-102-worker-3,6,36,2,1,700,95000,500,34200,220,21800,1786683659607
IMPLOG,leaf,ForkJoinPool-102-worker-5,6,36,2,1,1000,95600,500,33800,216,22300,1786683659607
IMPLOG,leaf,ForkJoinPool-102-worker-2,6,36,2,1,800,97000,500,32400,204,21200,1786683659607
IMPLOG,leaf,ForkJoinPool-102-worker-6,6,36,2,1,500,68500,500,22300,220,17400,1786683659607
IMPLOG,scan,main,6,36,2,1,1848700,1786683659606
IMPLOG,leaf,ForkJoinPool-102-worker-1,6,36,2,2,1100,111900,600,43000,258,23400,1786683659607
IMPLOG,leaf,ForkJoinPool-102-worker-3,6,36,2,2,900,106400,600,39500,262,24100,1786683659607
IMPLOG,leaf,ForkJoinPool-102-worker-6,6,36,2,2,1000,105300,600,36700,260,24400,1786683659607
IMPLOG,leaf,ForkJoinPool-102-worker-2,6,36,2,2,1100,105700,600,36500,259,24000,1786683659608
IMPLOG,leaf,ForkJoinPool-102-worker-4,6,36,2,2,1600,112300,600,40900,268,25200,1786683659608
IMPLOG,leaf,ForkJoinPool-102-worker-5,6,36,2,2,2400,110400,600,39800,258,24700,1786683659608
IMPLOG,leaf,ForkJoinPool-102-worker-1,6,36,2,2,900,105700,600,37900,265,23300,1786683659608
IMPLOG,leaf,ForkJoinPool-102-worker-3,6,36,2,2,800,108100,600,38900,267,25500,1786683659608
IMPLOG,leaf,ForkJoinPool-102-worker-4,6,36,2,2,800,87900,500,30500,221,19900,1786683659608
IMPLOG,leaf,ForkJoinPool-102-worker-5,6,36,2,2,800,90000,500,32200,223,21500,1786683659608
IMPLOG,leaf,ForkJoinPool-102-worker-6,6,36,2,2,700,107600,600,37000,265,23600,1786683659608
IMPLOG,leaf,ForkJoinPool-102-worker-2,6,36,2,2,800,108200,600,38500,257,25100,1786683659608
IMPLOG,leaf,ForkJoinPool-102-worker-1,6,36,2,2,2400,93600,500,34100,221,21000,1786683659608
IMPLOG,leaf,ForkJoinPool-102-worker-4,6,36,2,2,800,86400,500,31700,214,19200,1786683659608
IMPLOG,leaf,ForkJoinPool-102-worker-3,6,36,2,2,2200,98800,500,36000,217,22900,1786683659608
IMPLOG,leaf,ForkJoinPool-102-worker-5,6,36,2,2,800,89700,500,32700,226,21100,1786683659608
IMPLOG,leaf,ForkJoinPool-102-worker-6,6,36,2,2,800,89100,500,31300,216,20500,1786683659608
IMPLOG,leaf,ForkJoinPool-102-worker-2,6,36,2,2,800,91000,500,33500,218,21400,1786683659608
IMPLOG,leaf,ForkJoinPool-102-worker-1,6,36,2,2,2500,95000,500,34400,224,20900,1786683659608
IMPLOG,leaf,ForkJoinPool-102-worker-4,6,36,2,2,800,88700,500,31500,217,19700,1786683659608
IMPLOG,leaf,ForkJoinPool-102-worker-3,6,36,2,2,2200,89100,500,31100,219,20500,1786683659608
IMPLOG,leaf,ForkJoinPool-102-worker-5,6,36,2,2,800,89100,500,31300,221,19400,1786683659608
IMPLOG,leaf,ForkJoinPool-102-worker-6,6,36,2,2,800,89300,500,30500,221,18500,1786683659608
IMPLOG,leaf,ForkJoinPool-102-worker-2,6,36,2,2,800,92300,500,31700,219,21700,1786683659608
IMPLOG,leaf,ForkJoinPool-102-worker-1,6,36,2,2,900,89100,500,33100,216,20000,1786683659608
IMPLOG,leaf,ForkJoinPool-102-worker-4,6,36,2,2,700,91500,500,33100,216,20000,1786683659608
IMPLOG,leaf,ForkJoinPool-102-worker-3,6,36,2,2,800,89300,500,31400,223,21300,1786683659608
IMPLOG,leaf,ForkJoinPool-102-worker-5,6,36,2,2,800,91100,500,32600,209,20900,1786683659608
IMPLOG,leaf,ForkJoinPool-102-worker-6,6,36,2,2,800,88100,500,32100,219,20500,1786683659608
IMPLOG,leaf,ForkJoinPool-102-worker-2,6,36,2,2,800,89700,500,33600,216,21000,1786683659608
IMPLOG,leaf,ForkJoinPool-102-worker-1,6,36,2,2,800,64300,500,21600,225,17200,1786683659608
IMPLOG,leaf,ForkJoinPool-102-worker-6,6,36,2,2,800,63900,500,22500,221,16500,1786683659608
IMPLOG,leaf,ForkJoinPool-102-worker-4,6,36,2,2,800,90200,500,32600,216,20500,1786683659608
IMPLOG,leaf,ForkJoinPool-102-worker-5,6,36,2,2,800,88400,500,32500,207,20400,1786683659608
IMPLOG,leaf,ForkJoinPool-102-worker-6,6,36,2,2,400,59900,500,19600,220,15900,1786683659608
IMPLOG,leaf,ForkJoinPool-102-worker-1,6,36,2,2,14200,64900,500,21100,217,16200,1786683659608
IMPLOG,scan,main,6,36,2,2,708300,1786683659607
IMPLOG,leaf,ForkJoinPool-102-worker-1,6,36,2,3,900,104100,600,37900,235,20800,1786683659608
IMPLOG,leaf,ForkJoinPool-102-worker-6,6,36,2,3,1000,108900,600,41100,262,23600,1786683659608
IMPLOG,leaf,ForkJoinPool-102-worker-2,6,36,2,3,1400,108900,600,39700,260,24000,1786683659608
IMPLOG,leaf,ForkJoinPool-102-worker-3,6,36,2,3,1400,111700,600,38600,259,25400,1786683659608
IMPLOG,leaf,ForkJoinPool-102-worker-4,6,36,2,3,900,108600,600,39600,261,24100,1786683659608
IMPLOG,leaf,ForkJoinPool-102-worker-5,6,36,2,3,1000,108700,600,40100,250,24200,1786683659608
IMPLOG,leaf,ForkJoinPool-102-worker-1,6,36,2,3,800,107600,600,40600,255,24300,1786683659608
IMPLOG,leaf,ForkJoinPool-102-worker-6,6,36,2,3,800,109700,600,39300,267,24500,1786683659608
IMPLOG,leaf,ForkJoinPool-102-worker-5,6,36,2,3,800,92000,500,33000,223,21600,1786683659608
IMPLOG,leaf,ForkJoinPool-102-worker-4,6,36,2,3,800,92100,500,33600,221,21300,1786683659608
IMPLOG,leaf,ForkJoinPool-102-worker-2,6,36,2,3,800,110000,600,39700,260,24500,1786683659608
IMPLOG,leaf,ForkJoinPool-102-worker-3,6,36,2,3,800,110700,600,41500,241,23500,1786683659608
IMPLOG,leaf,ForkJoinPool-102-worker-1,6,36,2,3,800,90100,500,32300,217,20800,1786683659608
IMPLOG,leaf,ForkJoinPool-102-worker-6,6,36,2,3,800,89400,500,33000,210,19700,1786683659608
IMPLOG,leaf,ForkJoinPool-102-worker-4,6,36,2,3,800,90100,500,33500,207,19900,1786683659608
IMPLOG,leaf,ForkJoinPool-102-worker-5,6,36,2,3,800,93200,500,33700,226,21100,1786683659608
IMPLOG,leaf,ForkJoinPool-102-worker-2,6,36,2,3,900,90900,500,33400,216,20600,1786683659608
IMPLOG,leaf,ForkJoinPool-102-worker-3,6,36,2,3,800,88100,500,32900,184,18500,1786683659608
IMPLOG,leaf,ForkJoinPool-102-worker-1,6,36,2,3,800,92500,500,31800,211,23200,1786683659608
IMPLOG,leaf,ForkJoinPool-102-worker-6,6,36,2,3,700,93200,500,33200,219,21100,1786683659609
IMPLOG,leaf,ForkJoinPool-102-worker-4,6,36,2,3,800,90300,500,34200,212,19700,1786683659609
IMPLOG,leaf,ForkJoinPool-102-worker-5,6,36,2,3,800,92300,500,34300,212,20600,1786683659609
IMPLOG,leaf,ForkJoinPool-102-worker-3,6,36,2,3,800,88600,500,33800,180,16700,1786683659609
IMPLOG,leaf,ForkJoinPool-102-worker-2,6,36,2,3,900,92300,500,33500,215,21400,1786683659609
IMPLOG,leaf,ForkJoinPool-102-worker-1,6,36,2,3,800,91100,500,34500,208,20500,1786683659609
IMPLOG,leaf,ForkJoinPool-102-worker-6,6,36,2,3,900,93700,500,33100,223,22100,1786683659609
IMPLOG,leaf,ForkJoinPool-102-worker-4,6,36,2,3,900,92800,500,33100,225,21500,1786683659609
IMPLOG,leaf,ForkJoinPool-102-worker-5,6,36,2,3,800,91400,500,35500,221,21100,1786683659609
IMPLOG,leaf,ForkJoinPool-102-worker-3,6,36,2,3,800,87200,500,33600,187,17500,1786683659609
IMPLOG,leaf,ForkJoinPool-102-worker-2,6,36,2,3,12300,90500,500,34700,219,20600,1786683659609
IMPLOG,leaf,ForkJoinPool-102-worker-1,6,36,2,3,800,90700,500,32900,204,20100,1786683659609
IMPLOG,leaf,ForkJoinPool-102-worker-3,6,36,2,3,700,70900,500,25100,204,16600,1786683659609
IMPLOG,leaf,ForkJoinPool-102-worker-6,6,36,2,3,700,93200,500,34600,216,21300,1786683659609
IMPLOG,leaf,ForkJoinPool-102-worker-4,6,36,2,3,800,90700,500,34100,212,20400,1786683659609
IMPLOG,leaf,ForkJoinPool-102-worker-5,6,36,2,3,800,89900,500,33000,214,20100,1786683659609
IMPLOG,leaf,ForkJoinPool-102-worker-1,6,36,2,3,800,71600,500,26000,216,16700,1786683659609
IMPLOG,scan,main,6,36,2,3,725900,1786683659608
IMPLOG,leaf,ForkJoinPool-102-worker-1,6,36,2,4,1000,104200,600,36500,235,22600,1786683659609
IMPLOG,leaf,ForkJoinPool-102-worker-6,6,36,2,4,9700,110900,600,43000,262,24800,1786683659609
IMPLOG,leaf,ForkJoinPool-102-worker-4,6,36,2,4,1000,92500,500,33200,222,22400,1786683659609
IMPLOG,leaf,ForkJoinPool-102-worker-2,6,36,2,4,1300,109100,600,38800,260,24800,1786683659609
IMPLOG,leaf,ForkJoinPool-102-worker-3,6,36,2,4,1300,113300,600,41000,261,25300,1786683659609
IMPLOG,leaf,ForkJoinPool-102-worker-5,6,36,2,4,1000,109200,600,39100,250,24000,1786683659609
IMPLOG,leaf,ForkJoinPool-102-worker-1,6,36,2,4,900,106800,600,38400,255,23300,1786683659609
IMPLOG,leaf,ForkJoinPool-102-worker-6,6,36,2,4,800,108700,600,39200,267,24900,1786683659609
IMPLOG,leaf,ForkJoinPool-102-worker-4,6,36,2,4,8000,92300,500,34200,223,21500,1786683659609
IMPLOG,leaf,ForkJoinPool-102-worker-5,6,36,2,4,800,92300,500,33700,223,21900,1786683659609
IMPLOG,leaf,ForkJoinPool-102-worker-2,6,36,2,4,800,107600,600,40400,255,24100,1786683659609
IMPLOG,leaf,ForkJoinPool-102-worker-1,6,36,2,4,800,89900,500,31500,217,19600,1786683659609
IMPLOG,leaf,ForkJoinPool-102-worker-3,6,36,2,4,11300,108600,600,39700,247,22400,1786683659609
IMPLOG,leaf,ForkJoinPool-102-worker-6,6,36,2,4,900,90100,500,33000,210,20100,1786683659609
IMPLOG,leaf,ForkJoinPool-102-worker-5,6,36,2,4,800,92600,500,35100,225,22600,1786683659609
IMPLOG,leaf,ForkJoinPool-102-worker-4,6,36,2,4,1000,108100,600,40000,261,24800,1786683659609
IMPLOG,leaf,ForkJoinPool-102-worker-2,6,36,2,4,800,89100,500,32100,210,19200,1786683659609
IMPLOG,leaf,ForkJoinPool-102-worker-1,6,36,2,4,800,88800,500,32900,211,20400,1786683659609
IMPLOG,leaf,ForkJoinPool-102-worker-3,6,36,2,4,800,88100,500,35500,184,17600,1786683659609
IMPLOG,leaf,ForkJoinPool-102-worker-6,6,36,2,4,800,89600,500,32500,203,18700,1786683659609
IMPLOG,leaf,ForkJoinPool-102-worker-5,6,36,2,4,6700,90700,500,33700,211,20100,1786683659609
IMPLOG,leaf,ForkJoinPool-102-worker-4,6,36,2,4,1000,91000,500,32200,221,21200,1786683659609
IMPLOG,leaf,ForkJoinPool-102-worker-2,6,36,2,4,700,90100,500,34100,215,19400,1786683659609
IMPLOG,leaf,ForkJoinPool-102-worker-1,6,36,2,4,800,90000,500,33100,208,20800,1786683659609
IMPLOG,leaf,ForkJoinPool-102-worker-3,6,36,2,4,800,89400,500,33400,183,18200,1786683659609
IMPLOG,leaf,ForkJoinPool-102-worker-6,6,36,2,4,700,91200,500,32600,216,20400,1786683659609
IMPLOG,leaf,ForkJoinPool-102-worker-4,6,36,2,4,800,90200,500,33300,207,18900,1786683659609
IMPLOG,leaf,ForkJoinPool-102-worker-2,6,36,2,4,800,90600,500,32400,219,20500,1786683659609
IMPLOG,leaf,ForkJoinPool-102-worker-5,6,36,2,4,800,92300,500,35500,214,21000,1786683659609
IMPLOG,leaf,ForkJoinPool-102-worker-1,6,36,2,4,800,93300,500,34200,224,21900,1786683659609
IMPLOG,leaf,ForkJoinPool-102-worker-3,6,36,2,4,800,91000,500,34000,187,19700,1786683659609
IMPLOG,leaf,ForkJoinPool-102-worker-6,6,36,2,4,1000,91600,500,35500,207,20400,1786683659609
IMPLOG,leaf,ForkJoinPool-102-worker-4,6,36,2,4,800,69600,500,22200,212,17200,1786683659609
IMPLOG,leaf,ForkJoinPool-102-worker-2,6,36,2,4,800,78800,500,27100,222,19300,1786683659609
IMPLOG,leaf,ForkJoinPool-102-worker-1,6,36,2,4,800,90200,500,34100,212,19300,1786683659609
IMPLOG,leaf,ForkJoinPool-102-worker-5,6,36,2,4,900,81000,500,29900,214,18600,1786683659610
IMPLOG,scan,main,6,36,2,4,760900,1786683659609
IMPLOG,leaf,ForkJoinPool-102-worker-1,6,36,2,5,1100,104200,600,38700,235,22500,1786683659610
IMPLOG,leaf,ForkJoinPool-102-worker-4,6,36,2,5,1800,89900,500,32400,211,20000,1786683659610
IMPLOG,leaf,ForkJoinPool-102-worker-3,6,36,2,5,2100,89800,500,32400,208,20400,1786683659610
IMPLOG,leaf,ForkJoinPool-102-worker-2,6,36,2,5,1000,107800,600,38900,262,24000,1786683659610
IMPLOG,leaf,ForkJoinPool-102-worker-6,6,36,2,5,1000,107300,600,39500,261,24600,1786683659610
IMPLOG,leaf,ForkJoinPool-102-worker-5,6,36,2,5,1000,106500,600,39500,260,25400,1786683659610
IMPLOG,leaf,ForkJoinPool-102-worker-3,6,36,2,5,800,90000,500,32900,225,21400,1786683659610
IMPLOG,leaf,ForkJoinPool-102-worker-4,6,36,2,5,900,89300,500,31300,217,19800,1786683659610
IMPLOG,leaf,ForkJoinPool-102-worker-1,6,36,2,5,700,105000,600,38800,255,23700,1786683659610
IMPLOG,leaf,ForkJoinPool-102-worker-6,6,36,2,5,700,90000,500,30900,220,21300,1786683659610
IMPLOG,leaf,ForkJoinPool-102-worker-2,6,36,2,5,800,106400,600,38400,267,25200,1786683659610
IMPLOG,leaf,ForkJoinPool-102-worker-5,6,36,2,5,800,106100,600,37600,254,22700,1786683659610
IMPLOG,leaf,ForkJoinPool-102-worker-3,6,36,2,5,800,89900,500,32100,212,20300,1786683659610
IMPLOG,leaf,ForkJoinPool-102-worker-6,6,36,2,5,700,89300,500,31600,211,20900,1786683659610
IMPLOG,leaf,ForkJoinPool-102-worker-4,6,36,2,5,800,91400,500,34900,224,22100,1786683659610
IMPLOG,leaf,ForkJoinPool-102-worker-2,6,36,2,5,800,89000,500,32200,210,20400,1786683659610
IMPLOG,leaf,ForkJoinPool-102-worker-5,6,36,2,5,700,88400,500,32500,210,19800,1786683659610
IMPLOG,leaf,ForkJoinPool-102-worker-1,6,36,2,5,7400,107400,600,37500,262,25300,1786683659610
IMPLOG,leaf,ForkJoinPool-102-worker-3,6,36,2,5,800,64000,500,20700,214,15900,1786683659610
IMPLOG,leaf,ForkJoinPool-102-worker-6,6,36,2,5,800,87400,500,30900,208,18400,1786683659610
IMPLOG,leaf,ForkJoinPool-102-worker-2,6,36,2,5,700,89400,500,32900,222,21100,1786683659610
IMPLOG,leaf,ForkJoinPool-102-worker-5,6,36,2,5,800,87700,500,33400,215,19800,1786683659610
IMPLOG,leaf,ForkJoinPool-102-worker-1,6,36,2,5,800,106100,600,39000,247,23500,1786683659610
IMPLOG,leaf,ForkJoinPool-102-worker-6,6,36,2,5,800,68000,500,26000,181,15300,1786683659610
IMPLOG,leaf,ForkJoinPool-102-worker-3,6,36,2,5,800,86600,500,34000,197,19200,1786683659610
IMPLOG,leaf,ForkJoinPool-102-worker-4,6,36,2,5,800,90100,500,32300,219,20600,1786683659610
IMPLOG,leaf,ForkJoinPool-102-worker-2,6,36,2,5,800,90600,500,33300,223,22700,1786683659610
IMPLOG,leaf,ForkJoinPool-102-worker-1,6,36,2,5,800,87000,500,33300,184,17300,1786683659610
IMPLOG,leaf,ForkJoinPool-102-worker-6,6,36,2,5,400,86800,500,34300,187,18400,1786683659610
IMPLOG,leaf,ForkJoinPool-102-worker-3,6,36,2,5,700,91900,500,33800,220,20900,1786683659610
IMPLOG,leaf,ForkJoinPool-102-worker-5,6,36,2,5,800,95900,500,33200,225,22100,1786683659610
IMPLOG,leaf,ForkJoinPool-102-worker-4,6,36,2,5,800,110100,600,38700,250,25000,1786683659610
IMPLOG,leaf,ForkJoinPool-102-worker-2,6,36,2,5,800,93100,500,34000,218,22500,1786683659610
IMPLOG,leaf,ForkJoinPool-102-worker-1,6,36,2,5,700,86700,500,32200,208,22300,1786683659610
IMPLOG,leaf,ForkJoinPool-102-worker-6,6,36,2,5,10000,69300,500,23700,211,17000,1786683659610
IMPLOG,leaf,ForkJoinPool-102-worker-3,6,36,2,5,7000,70300,500,22300,222,17900,1786683659610
IMPLOG,scan,main,6,36,2,5,680400,1786683659610
IMPLOG,leaf,ForkJoinPool-102-worker-1,6,36,2,6,1000,82500,600,26300,236,18400,1786683659610
IMPLOG,leaf,ForkJoinPool-102-worker-6,6,36,2,6,600,74500,600,26000,260,18700,1786683659610
IMPLOG,leaf,ForkJoinPool-102-worker-5,6,36,2,6,1000,91500,500,34500,222,22000,1786683659610
IMPLOG,leaf,ForkJoinPool-102-worker-2,6,36,2,6,1900,111700,600,40200,262,24800,1786683659610
IMPLOG,leaf,ForkJoinPool-102-worker-3,6,36,2,6,900,109100,600,39700,250,25300,1786683659610
IMPLOG,leaf,ForkJoinPool-102-worker-4,6,36,2,6,2700,111000,600,40700,262,26000,1786683659610
IMPLOG,leaf,ForkJoinPool-102-worker-1,6,36,2,6,500,72800,600,24100,255,18100,1786683659610
IMPLOG,leaf,ForkJoinPool-102-worker-6,6,36,2,6,400,72800,600,24400,254,18400,1786683659610
IMPLOG,leaf,ForkJoinPool-102-worker-5,6,36,2,6,800,94600,500,31600,223,24000,1786683659610
IMPLOG,leaf,ForkJoinPool-102-worker-1,6,36,2,6,500,61600,500,20500,215,16800,1786683659611
IMPLOG,leaf,ForkJoinPool-102-worker-3,6,36,2,6,800,92200,500,33900,222,21900,1786683659610
IMPLOG,leaf,ForkJoinPool-102-worker-6,6,36,2,6,500,61500,500,19500,210,15300,1786683659611
IMPLOG,leaf,ForkJoinPool-102-worker-2,6,36,2,6,900,110100,600,38600,267,24800,1786683659610
IMPLOG,leaf,ForkJoinPool-102-worker-4,6,36,2,6,800,109200,600,41400,247,24700,1786683659611
IMPLOG,leaf,ForkJoinPool-102-worker-1,6,36,2,6,500,61500,500,20900,211,15200,1786683659611
IMPLOG,leaf,ForkJoinPool-102-worker-6,6,36,2,6,700,62100,500,21700,215,16100,1786683659611
IMPLOG,leaf,ForkJoinPool-102-worker-5,6,36,2,6,800,90600,500,32500,210,20000,1786683659611
IMPLOG,leaf,ForkJoinPool-102-worker-3,6,36,2,6,800,93000,500,33900,225,22800,1786683659611
IMPLOG,leaf,ForkJoinPool-102-worker-2,6,36,2,6,800,91600,500,33900,211,20500,1786683659611
IMPLOG,leaf,ForkJoinPool-102-worker-4,6,36,2,6,700,88600,500,33400,188,17200,1786683659611
IMPLOG,leaf,ForkJoinPool-102-worker-1,6,36,2,6,500,60800,500,20100,207,15600,1786683659611
IMPLOG,leaf,ForkJoinPool-102-worker-6,6,36,2,6,500,61100,500,20300,219,15800,1786683659611
IMPLOG,leaf,ForkJoinPool-102-worker-5,6,36,2,6,800,90300,500,35200,197,19800,1786683659611
IMPLOG,leaf,ForkJoinPool-102-worker-3,6,36,2,6,800,89000,500,33600,182,18700,1786683659611
IMPLOG,leaf,ForkJoinPool-102-worker-2,6,36,2,6,800,90300,500,35300,191,19200,1786683659611
IMPLOG,leaf,ForkJoinPool-102-worker-4,6,36,2,6,800,91700,500,34400,218,21700,1786683659611
IMPLOG,leaf,ForkJoinPool-102-worker-6,6,36,2,6,500,65700,500,23000,225,17100,1786683659611
IMPLOG,leaf,ForkJoinPool-102-worker-5,6,36,2,6,700,69600,500,23100,220,17300,1786683659611
IMPLOG,leaf,ForkJoinPool-102-worker-1,6,36,2,6,500,122300,600,27500,262,20300,1786683659611
IMPLOG,leaf,ForkJoinPool-102-worker-6,6,36,2,6,5700,61500,500,20800,213,15300,1786683659611
IMPLOG,leaf,ForkJoinPool-102-worker-4,6,36,2,6,900,90700,500,34000,208,19800,1786683659611
IMPLOG,leaf,ForkJoinPool-102-worker-3,6,36,2,6,900,90900,500,33500,212,20500,1786683659611
IMPLOG,leaf,ForkJoinPool-102-worker-1,6,36,2,6,500,61900,500,19000,220,16200,1786683659611
IMPLOG,leaf,ForkJoinPool-102-worker-6,6,36,2,6,500,71400,500,23500,224,17800,1786683659611
IMPLOG,leaf,ForkJoinPool-102-worker-3,6,36,2,6,800,89800,500,32800,208,20400,1786683659611
IMPLOG,leaf,ForkJoinPool-102-worker-5,6,36,2,6,800,90900,500,34100,214,20400,1786683659611
IMPLOG,scan,main,6,36,2,6,660400,1786683659610
IMPLOG,leaf,ForkJoinPool-102-worker-1,6,36,2,7,900,104500,600,39200,235,21900,1786683659611
IMPLOG,leaf,ForkJoinPool-102-worker-6,6,36,2,7,900,110300,600,42400,265,25600,1786683659611
IMPLOG,leaf,ForkJoinPool-102-worker-4,6,36,2,7,700,62100,500,21100,197,16200,1786683659611
IMPLOG,leaf,ForkJoinPool-102-worker-2,6,36,2,7,600,62900,500,21000,224,17100,1786683659611
IMPLOG,leaf,ForkJoinPool-102-worker-3,6,36,2,7,1500,108300,600,40800,260,23700,1786683659611
IMPLOG,leaf,ForkJoinPool-102-worker-5,6,36,2,7,1500,109900,600,40600,262,24600,1786683659611
IMPLOG,leaf,ForkJoinPool-102-worker-1,6,36,2,7,900,107400,600,38900,254,25100,1786683659611
IMPLOG,leaf,ForkJoinPool-102-worker-4,6,36,2,7,500,62900,500,20100,221,15600,1786683659611
IMPLOG,leaf,ForkJoinPool-102-worker-2,6,36,2,7,8600,61800,500,20700,214,16300,1786683659611
IMPLOG,leaf,ForkJoinPool-102-worker-6,6,36,2,7,800,110800,600,40600,266,25200,1786683659611
IMPLOG,leaf,ForkJoinPool-102-worker-4,6,36,2,7,500,62300,500,20000,218,15800,1786683659611
IMPLOG,leaf,ForkJoinPool-102-worker-2,6,36,2,7,500,62300,500,20000,224,17100,1786683659611
IMPLOG,leaf,ForkJoinPool-102-worker-1,6,36,2,7,800,90900,500,33700,214,19400,1786683659611
IMPLOG,leaf,ForkJoinPool-102-worker-5,6,36,2,7,700,107200,600,40000,248,23500,1786683659611
IMPLOG,leaf,ForkJoinPool-102-worker-3,6,36,2,7,11600,107500,600,39000,254,23700,1786683659611
IMPLOG,leaf,ForkJoinPool-102-worker-6,6,36,2,7,800,90600,500,31500,213,20000,1786683659611
IMPLOG,leaf,ForkJoinPool-102-worker-2,6,36,2,7,500,60800,500,21100,215,15700,1786683659611
IMPLOG,leaf,ForkJoinPool-102-worker-4,6,36,2,7,9400,61700,500,20400,208,16600,1786683659611
IMPLOG,leaf,ForkJoinPool-102-worker-1,6,36,2,7,800,89600,500,33000,213,20200,1786683659611
IMPLOG,leaf,ForkJoinPool-102-worker-5,6,36,2,7,900,87600,500,34500,186,18700,1786683659611
IMPLOG,leaf,ForkJoinPool-102-worker-3,6,36,2,7,800,90000,500,33500,211,19200,1786683659611
IMPLOG,leaf,ForkJoinPool-102-worker-2,6,36,2,7,500,61200,500,20700,215,15900,1786683659611
IMPLOG,leaf,ForkJoinPool-102-worker-4,6,36,2,7,500,59900,500,21100,182,13400,1786683659611
IMPLOG,leaf,ForkJoinPool-102-worker-6,6,36,2,7,700,92400,500,33300,222,20400,1786683659611
IMPLOG,leaf,ForkJoinPool-102-worker-5,6,36,2,7,700,89000,500,35800,191,18800,1786683659611
IMPLOG,leaf,ForkJoinPool-102-worker-3,6,36,2,7,800,90300,500,32900,219,21600,1786683659611
IMPLOG,leaf,ForkJoinPool-102-worker-6,6,36,2,7,700,87900,500,32500,223,20300,1786683659611
IMPLOG,leaf,ForkJoinPool-102-worker-1,6,36,2,7,800,145300,500,33000,207,21700,1786683659611
IMPLOG,leaf,ForkJoinPool-102-worker-2,6,36,2,7,700,77900,500,24200,225,17800,1786683659612
IMPLOG,leaf,ForkJoinPool-102-worker-5,6,36,2,7,1000,81000,500,25900,222,18200,1786683659612
IMPLOG,leaf,ForkJoinPool-102-worker-6,6,36,2,7,700,106800,600,40600,250,24000,1786683659612
IMPLOG,leaf,ForkJoinPool-102-worker-1,6,36,2,7,900,87300,500,31700,211,20100,1786683659612
IMPLOG,leaf,ForkJoinPool-102-worker-2,6,36,2,7,700,82600,500,27300,212,17800,1786683659612
IMPLOG,leaf,ForkJoinPool-102-worker-4,6,36,2,7,4300,177800,600,29800,262,86600,1786683659612
IMPLOG,leaf,ForkJoinPool-102-worker-5,6,36,2,7,800,78800,500,26000,219,19100,1786683659612
IMPLOG,leaf,ForkJoinPool-102-worker-1,6,36,2,7,700,74300,500,28700,208,17900,1786683659612
IMPLOG,scan,main,6,36,2,7,785500,1786683659611
IMPLOG,leaf,ForkJoinPool-102-worker-1,6,36,2,8,900,92500,600,33400,235,20300,1786683659612
IMPLOG,leaf,ForkJoinPool-102-worker-2,6,36,2,8,1100,90200,600,36100,262,21500,1786683659612
IMPLOG,leaf,ForkJoinPool-102-worker-3,6,36,2,8,1000,76700,500,30900,205,18000,1786683659612
IMPLOG,leaf,ForkJoinPool-102-worker-4,6,36,2,8,3900,110500,600,40500,265,25200,1786683659612
IMPLOG,leaf,ForkJoinPool-102-worker-6,6,36,2,8,1000,108600,600,39700,258,23900,1786683659612
IMPLOG,leaf,ForkJoinPool-102-worker-5,6,36,2,8,1200,111700,600,40500,251,23800,1786683659612
IMPLOG,leaf,ForkJoinPool-102-worker-3,6,36,2,8,1100,77700,500,31300,218,18300,1786683659612
IMPLOG,leaf,ForkJoinPool-102-worker-2,6,36,2,8,600,93500,600,32200,248,21700,1786683659612
IMPLOG,leaf,ForkJoinPool-102-worker-1,6,36,2,8,900,109700,600,39600,257,24700,1786683659612
IMPLOG,leaf,ForkJoinPool-102-worker-6,6,36,2,8,800,109200,600,40900,254,24000,1786683659612
IMPLOG,leaf,ForkJoinPool-102-worker-4,6,36,2,8,900,110500,600,40600,266,24200,1786683659612
IMPLOG,leaf,ForkJoinPool-102-worker-3,6,36,2,8,600,79400,500,31700,217,19500,1786683659612
IMPLOG,leaf,ForkJoinPool-102-worker-2,6,36,2,8,1000,73700,500,29700,187,15600,1786683659612
IMPLOG,leaf,ForkJoinPool-102-worker-1,6,36,2,8,800,84700,500,31100,205,17600,1786683659612
IMPLOG,leaf,ForkJoinPool-102-worker-5,6,36,2,8,900,125300,500,47100,222,22800,1786683659612
IMPLOG,leaf,ForkJoinPool-102-worker-6,6,36,2,8,700,89400,500,32000,213,19900,1786683659612
IMPLOG,leaf,ForkJoinPool-102-worker-4,6,36,2,8,2100,91000,500,33800,214,20300,1786683659612
IMPLOG,leaf,ForkJoinPool-102-worker-2,6,36,2,8,600,70300,500,27300,182,14800,1786683659612
IMPLOG,leaf,ForkJoinPool-102-worker-3,6,36,2,8,700,89000,500,33800,210,20300,1786683659612
IMPLOG,leaf,ForkJoinPool-102-worker-1,6,36,2,8,600,74300,500,26100,213,15200,1786683659612
IMPLOG,leaf,ForkJoinPool-102-worker-2,6,36,2,8,600,60600,500,21300,191,14800,1786683659612
IMPLOG,leaf,ForkJoinPool-102-worker-5,6,36,2,8,1600,94000,500,33400,225,21700,1786683659612
IMPLOG,leaf,ForkJoinPool-102-worker-6,6,36,2,8,800,91000,500,34400,215,21600,1786683659612
IMPLOG,leaf,ForkJoinPool-102-worker-4,6,36,2,8,900,91600,500,35200,222,20900,1786683659612
IMPLOG,leaf,ForkJoinPool-102-worker-1,6,36,2,8,700,74200,500,26700,205,15700,1786683659612
IMPLOG,leaf,ForkJoinPool-102-worker-2,6,36,2,8,600,62000,500,19300,223,16200,1786683659612
IMPLOG,leaf,ForkJoinPool-102-worker-3,6,36,2,8,800,108900,600,38900,262,24500,1786683659612
IMPLOG,leaf,ForkJoinPool-102-worker-6,6,36,2,8,700,67600,500,23800,219,17300,1786683659612
IMPLOG,leaf,ForkJoinPool-102-worker-5,6,36,2,8,800,91500,500,34900,211,20300,1786683659612
IMPLOG,leaf,ForkJoinPool-102-worker-1,6,36,2,8,600,84600,500,29100,213,20500,1786683659612
IMPLOG,leaf,ForkJoinPool-102-worker-2,6,36,2,8,700,60600,500,21200,208,15300,1786683659612
IMPLOG,leaf,ForkJoinPool-102-worker-3,6,36,2,8,800,90500,500,34500,219,20800,1786683659612
IMPLOG,leaf,ForkJoinPool-102-worker-6,6,36,2,8,800,83900,500,30500,224,19300,1786683659612
IMPLOG,leaf,ForkJoinPool-102-worker-4,6,36,2,8,900,81800,500,28700,215,17800,1786683659612
IMPLOG,leaf,ForkJoinPool-102-worker-5,6,36,2,8,800,88100,500,30200,224,20200,1786683659612
IMPLOG,leaf,ForkJoinPool-102-worker-1,6,36,2,8,700,81700,500,28800,216,19300,1786683659612
IMPLOG,scan,main,6,36,2,8,710600,1786683659612
IMPLOG,leaf,ForkJoinPool-102-worker-1,6,36,2,9,900,97800,600,27800,229,18200,1786683659613
IMPLOG,leaf,ForkJoinPool-102-worker-2,6,36,2,9,2200,94700,500,32800,213,20800,1786683659613
IMPLOG,leaf,ForkJoinPool-102-worker-6,6,36,2,9,1000,107400,600,40600,258,23600,1786683659613
IMPLOG,leaf,ForkJoinPool-102-worker-3,6,36,2,9,1300,115300,600,38200,265,23400,1786683659613
IMPLOG,leaf,ForkJoinPool-102-worker-5,6,36,2,9,900,115200,600,40200,261,22900,1786683659613
IMPLOG,leaf,ForkJoinPool-102-worker-4,6,36,2,9,2400,113400,600,40900,258,22300,1786683659613
IMPLOG,leaf,ForkJoinPool-102-worker-1,6,36,2,9,700,105000,600,33000,255,19200,1786683659613
IMPLOG,leaf,ForkJoinPool-102-worker-2,6,36,2,9,800,89800,500,34200,201,18800,1786683659613
IMPLOG,leaf,ForkJoinPool-102-worker-6,6,36,2,9,800,101500,600,38400,252,20600,1786683659613
IMPLOG,leaf,ForkJoinPool-102-worker-4,6,36,2,9,800,92200,500,34200,219,20100,1786683659613
IMPLOG,leaf,ForkJoinPool-102-worker-3,6,36,2,9,700,109900,600,38300,266,30200,1786683659613
IMPLOG,leaf,ForkJoinPool-102-worker-5,6,36,2,9,800,116500,600,37100,239,22000,1786683659613
IMPLOG,leaf,ForkJoinPool-102-worker-1,6,36,2,9,700,67100,500,24200,203,15400,1786683659613
IMPLOG,leaf,ForkJoinPool-102-worker-6,6,36,2,9,500,60400,500,20500,213,15200,1786683659613
IMPLOG,leaf,ForkJoinPool-102-worker-2,6,36,2,9,800,91000,500,34100,198,19000,1786683659613
IMPLOG,leaf,ForkJoinPool-102-worker-5,6,36,2,9,1100,58200,500,22100,168,12500,1786683659613
IMPLOG,leaf,ForkJoinPool-102-worker-4,6,36,2,9,1000,90400,500,33000,209,20200,1786683659613
IMPLOG,leaf,ForkJoinPool-102-worker-3,6,36,2,9,600,84900,500,29500,211,18100,1786683659613
IMPLOG,leaf,ForkJoinPool-102-worker-1,6,36,2,9,500,62500,500,21600,217,15400,1786683659613
IMPLOG,leaf,ForkJoinPool-102-worker-6,6,36,2,9,400,62500,500,20900,210,16400,1786683659613
IMPLOG,leaf,ForkJoinPool-102-worker-5,6,36,2,9,500,57700,500,21900,157,12000,1786683659613
IMPLOG,leaf,ForkJoinPool-102-worker-2,6,36,2,9,800,91100,500,34000,218,21000,1786683659613
IMPLOG,leaf,ForkJoinPool-102-worker-1,6,36,2,9,400,61800,500,22700,204,15100,1786683659613
IMPLOG,leaf,ForkJoinPool-102-worker-3,6,36,2,9,900,87900,500,32200,222,20600,1786683659613
IMPLOG,leaf,ForkJoinPool-102-worker-4,6,36,2,9,800,90000,500,33800,205,19500,1786683659613
IMPLOG,leaf,ForkJoinPool-102-worker-5,6,36,2,9,500,59900,500,23000,163,13100,1786683659613
IMPLOG,leaf,ForkJoinPool-102-worker-6,6,36,2,9,16900,62100,500,21800,219,16100,1786683659613
IMPLOG,leaf,ForkJoinPool-102-worker-1,6,36,2,9,400,62300,500,22500,219,15900,1786683659613
IMPLOG,leaf,ForkJoinPool-102-worker-6,6,36,2,9,400,64900,500,23800,224,17600,1786683659613
IMPLOG,leaf,ForkJoinPool-102-worker-4,6,36,2,9,800,91200,500,35100,208,19900,1786683659613
IMPLOG,leaf,ForkJoinPool-102-worker-2,6,36,2,9,700,109900,600,41000,248,23300,1786683659613
IMPLOG,leaf,ForkJoinPool-102-worker-3,6,36,2,9,800,93400,500,38400,219,19100,1786683659613
IMPLOG,leaf,ForkJoinPool-102-worker-1,6,36,2,9,500,62500,500,21100,218,16300,1786683659613
IMPLOG,leaf,ForkJoinPool-102-worker-6,6,36,2,9,400,59700,500,18800,212,15100,1786683659613
IMPLOG,leaf,ForkJoinPool-102-worker-4,6,36,2,9,700,88500,500,31100,224,20900,1786683659613
IMPLOG,leaf,ForkJoinPool-102-worker-2,6,36,2,9,17500,86400,500,31900,211,19600,1786683659613
IMPLOG,scan,main,6,36,2,9,668300,1786683659613
IMPLOG,leaf,ForkJoinPool-102-worker-4,6,36,2,10,1300,61600,500,23800,198,15500,1786683659613
IMPLOG,leaf,ForkJoinPool-102-worker-1,6,36,2,10,900,104500,600,40200,230,21500,1786683659613
IMPLOG,leaf,ForkJoinPool-102-worker-6,6,36,2,10,800,110400,600,39700,265,24200,1786683659613
IMPLOG,leaf,ForkJoinPool-102-worker-2,6,36,2,10,900,113800,600,40500,262,26300,1786683659613
IMPLOG,leaf,ForkJoinPool-102-worker-4,6,36,2,10,1300,61900,500,21100,218,15700,1786683659613
IMPLOG,leaf,ForkJoinPool-102-worker-5,6,36,2,10,1400,108900,600,40400,248,23400,1786683659613
IMPLOG,leaf,ForkJoinPool-102-worker-3,6,36,2,10,1300,109000,600,40500,258,24000,1786683659613
IMPLOG,leaf,ForkJoinPool-102-worker-4,6,36,2,10,500,61600,500,20400,218,15700,1786683659613
IMPLOG,leaf,ForkJoinPool-102-worker-1,6,36,2,10,900,106600,600,39700,254,23000,1786683659613
IMPLOG,leaf,ForkJoinPool-102-worker-6,6,36,2,10,900,111300,600,41100,268,25600,1786683659613
IMPLOG,leaf,ForkJoinPool-102-worker-2,6,36,2,10,800,109600,600,39300,238,24200,1786683659613
IMPLOG,leaf,ForkJoinPool-102-worker-4,6,36,2,10,400,61800,500,22800,204,14900,1786683659613
IMPLOG,leaf,ForkJoinPool-102-worker-5,6,36,2,10,800,91700,500,33600,218,19600,1786683659613
IMPLOG,leaf,ForkJoinPool-102-worker-1,6,36,2,10,800,85900,500,32800,202,17600,1786683659613
IMPLOG,leaf,ForkJoinPool-102-worker-3,6,36,2,10,900,107900,600,40000,251,23700,1786683659613
IMPLOG,leaf,ForkJoinPool-102-worker-6,6,36,2,10,800,90100,500,33100,211,19000,1786683659613
IMPLOG,leaf,ForkJoinPool-102-worker-2,6,36,2,10,700,89500,500,33700,168,20000,1786683659613
IMPLOG,leaf,ForkJoinPool-102-worker-4,6,36,2,10,9000,57400,500,20200,157,11400,1786683659614
IMPLOG,leaf,ForkJoinPool-102-worker-1,6,36,2,10,800,87800,500,34000,213,18600,1786683659614
IMPLOG,leaf,ForkJoinPool-102-worker-5,6,36,2,10,800,93100,500,32700,219,20200,1786683659614
IMPLOG,leaf,ForkJoinPool-102-worker-3,6,36,2,10,900,90200,500,33100,213,19500,1786683659614
IMPLOG,leaf,ForkJoinPool-102-worker-6,6,36,2,10,800,92300,500,34000,222,20400,1786683659614
IMPLOG,leaf,ForkJoinPool-102-worker-2,6,36,2,10,800,88200,500,36000,164,18100,1786683659614
IMPLOG,leaf,ForkJoinPool-102-worker-5,6,36,2,10,800,91400,500,33600,208,19400,1786683659614
IMPLOG,leaf,ForkJoinPool-102-worker-6,6,36,2,10,700,66100,500,22800,219,15400,1786683659614
IMPLOG,leaf,ForkJoinPool-102-worker-1,6,36,2,10,10200,87800,500,32700,201,18700,1786683659614
IMPLOG,leaf,ForkJoinPool-102-worker-3,6,36,2,10,800,90500,500,32700,209,19500,1786683659614
IMPLOG,leaf,ForkJoinPool-102-worker-2,6,36,2,10,1000,91900,500,33700,220,20900,1786683659614
IMPLOG,leaf,ForkJoinPool-102-worker-4,6,36,2,10,800,107800,600,39300,258,23700,1786683659614
IMPLOG,leaf,ForkJoinPool-102-worker-6,6,36,2,10,500,61800,500,22900,210,15500,1786683659614
IMPLOG,leaf,ForkJoinPool-102-worker-5,6,36,2,10,800,91700,500,33500,224,20800,1786683659614
IMPLOG,leaf,ForkJoinPool-102-worker-1,6,36,2,10,900,89600,500,35700,212,19400,1786683659614
IMPLOG,leaf,ForkJoinPool-102-worker-3,6,36,2,10,800,90500,500,32200,220,20500,1786683659614
IMPLOG,leaf,ForkJoinPool-102-worker-6,6,36,2,10,500,64000,500,23100,206,15800,1786683659614
IMPLOG,leaf,ForkJoinPool-102-worker-2,6,36,2,10,800,90800,500,34500,209,19800,1786683659614
IMPLOG,leaf,ForkJoinPool-102-worker-4,6,36,2,10,800,90800,500,33800,219,19200,1786683659614
IMPLOG,scan,main,6,36,2,10,670000,1786683659613
IMPLOG,leaf,ForkJoinPool-102-worker-5,6,36,2,11,600,61400,500,21400,220,15700,1786683659614
IMPLOG,leaf,ForkJoinPool-102-worker-1,6,36,2,11,800,100300,600,38200,230,20900,1786683659614
IMPLOG,leaf,ForkJoinPool-102-worker-4,6,36,2,11,900,105600,600,38100,266,24000,1786683659614
IMPLOG,leaf,ForkJoinPool-102-worker-3,6,36,2,11,2400,104500,600,37700,256,22500,1786683659614
IMPLOG,leaf,ForkJoinPool-102-worker-2,6,36,2,11,1700,111000,600,42200,264,25700,1786683659614
IMPLOG,leaf,ForkJoinPool-102-worker-6,6,36,2,11,5300,106900,600,40600,249,24600,1786683659614
IMPLOG,leaf,ForkJoinPool-102-worker-5,6,36,2,11,400,60100,500,20900,212,16000,1786683659614
IMPLOG,leaf,ForkJoinPool-102-worker-1,6,36,2,11,800,103300,600,38900,254,22400,1786683659614
IMPLOG,leaf,ForkJoinPool-102-worker-5,6,36,2,11,4900,61300,500,21600,226,16000,1786683659614
IMPLOG,leaf,ForkJoinPool-102-worker-4,6,36,2,11,800,105300,600,40100,268,24500,1786683659614
IMPLOG,leaf,ForkJoinPool-102-worker-6,6,36,2,11,800,89000,500,33800,218,20100,1786683659614
IMPLOG,leaf,ForkJoinPool-102-worker-3,6,36,2,11,800,104000,600,38700,251,23300,1786683659614
IMPLOG,leaf,ForkJoinPool-102-worker-2,6,36,2,11,800,105600,600,39000,235,22600,1786683659614
IMPLOG,leaf,ForkJoinPool-102-worker-5,6,36,2,11,500,59400,500,19400,210,14600,1786683659614
IMPLOG,leaf,ForkJoinPool-102-worker-1,6,36,2,11,700,85100,500,32200,202,18000,1786683659614
IMPLOG,leaf,ForkJoinPool-102-worker-4,6,36,2,11,800,85700,500,33400,211,19000,1786683659614
IMPLOG,leaf,ForkJoinPool-102-worker-6,6,36,2,11,2000,89800,500,33300,220,20700,1786683659614
IMPLOG,leaf,ForkJoinPool-102-worker-3,6,36,2,11,2100,87600,500,31000,214,20300,1786683659614
IMPLOG,leaf,ForkJoinPool-102-worker-2,6,36,2,11,800,83900,500,32500,168,15700,1786683659614
IMPLOG,leaf,ForkJoinPool-102-worker-5,6,36,2,11,500,60000,500,20700,209,15000,1786683659614
IMPLOG,leaf,ForkJoinPool-102-worker-1,6,36,2,11,800,86800,500,32100,212,19400,1786683659614
IMPLOG,leaf,ForkJoinPool-102-worker-4,6,36,2,11,700,87400,500,34000,222,19600,1786683659614
IMPLOG,leaf,ForkJoinPool-102-worker-6,6,36,2,11,800,87800,500,32300,205,19300,1786683659614
IMPLOG,leaf,ForkJoinPool-102-worker-2,6,36,2,11,800,82700,500,33700,154,15100,1786683659614
IMPLOG,leaf,ForkJoinPool-102-worker-3,6,36,2,11,800,89800,500,33000,222,20200,1786683659614
IMPLOG,leaf,ForkJoinPool-102-worker-1,6,36,2,11,700,85000,500,32700,206,17700,1786683659614
IMPLOG,leaf,ForkJoinPool-102-worker-4,6,36,2,11,800,87300,500,32900,219,18100,1786683659614
IMPLOG,leaf,ForkJoinPool-102-worker-5,6,36,2,11,500,61200,500,21500,218,15700,1786683659614
IMPLOG,leaf,ForkJoinPool-102-worker-2,6,36,2,11,800,84000,500,33900,164,16900,1786683659614
IMPLOG,leaf,ForkJoinPool-102-worker-6,6,36,2,11,1300,88000,500,33400,201,19100,1786683659614
IMPLOG,leaf,ForkJoinPool-102-worker-3,6,36,2,11,800,105000,600,39400,259,22800,1786683659614
IMPLOG,leaf,ForkJoinPool-102-worker-1,6,36,2,11,1000,86900,500,31600,209,18800,1786683659614
IMPLOG,leaf,ForkJoinPool-102-worker-5,6,36,2,11,400,60600,500,20600,220,14900,1786683659614
IMPLOG,leaf,ForkJoinPool-102-worker-4,6,36,2,11,800,87500,500,34000,204,18500,1786683659614
IMPLOG,leaf,ForkJoinPool-102-worker-3,6,36,2,11,2000,88100,500,32900,217,20300,1786683659614
IMPLOG,leaf,ForkJoinPool-102-worker-1,6,36,2,11,800,85900,500,31400,209,18400,1786683659614
IMPLOG,scan,main,6,36,2,11,674900,1786683659614
IMPLOG,leaf,ForkJoinPool-102-worker-1,6,36,2,12,900,103200,600,39800,230,20900,1786683659615
IMPLOG,leaf,ForkJoinPool-102-worker-5,6,36,2,12,600,60800,500,20600,201,14700,1786683659615
IMPLOG,leaf,ForkJoinPool-102-worker-1,6,36,2,12,900,105600,600,39600,254,22900,1786683659615
IMPLOG,leaf,ForkJoinPool-102-worker-3,6,36,2,12,1400,110600,600,40200,266,25700,1786683659615
IMPLOG,leaf,ForkJoinPool-102-worker-2,6,36,2,12,1300,108500,600,39900,256,24100,1786683659615
IMPLOG,leaf,ForkJoinPool-102-worker-4,6,36,2,12,1100,109900,600,38900,265,24600,1786683659615
IMPLOG,leaf,ForkJoinPool-102-worker-6,6,36,2,12,2400,108000,600,40000,249,23700,1786683659615
IMPLOG,leaf,ForkJoinPool-102-worker-5,6,36,2,12,500,64700,500,20600,220,17700,1786683659615
IMPLOG,leaf,ForkJoinPool-102-worker-1,6,36,2,12,900,86100,500,33100,202,17800,1786683659615
IMPLOG,leaf,ForkJoinPool-102-worker-5,6,36,2,12,400,61600,500,21700,218,16400,1786683659615
IMPLOG,leaf,ForkJoinPool-102-worker-6,6,36,2,12,800,90500,500,33800,219,20500,1786683659615
IMPLOG,leaf,ForkJoinPool-102-worker-2,6,36,2,12,800,106600,600,41100,251,23000,1786683659615
IMPLOG,leaf,ForkJoinPool-102-worker-3,6,36,2,12,4000,110000,600,40200,266,24900,1786683659615
IMPLOG,leaf,ForkJoinPool-102-worker-4,6,36,2,12,800,107500,600,40800,236,23000,1786683659615
IMPLOG,leaf,ForkJoinPool-102-worker-5,6,36,2,12,500,61200,500,19500,204,14700,1786683659615
IMPLOG,leaf,ForkJoinPool-102-worker-1,6,36,2,12,3700,88000,500,33600,212,19500,1786683659615
IMPLOG,leaf,ForkJoinPool-102-worker-6,6,36,2,12,800,93000,500,34000,221,22900,1786683659615
IMPLOG,leaf,ForkJoinPool-102-worker-2,6,36,2,12,800,89000,500,32600,214,19200,1786683659615
IMPLOG,leaf,ForkJoinPool-102-worker-3,6,36,2,12,2300,89300,500,33600,211,18900,1786683659615
IMPLOG,leaf,ForkJoinPool-102-worker-4,6,36,2,12,800,88900,500,34300,168,15800,1786683659615
IMPLOG,leaf,ForkJoinPool-102-worker-5,6,36,2,12,400,58400,500,23400,154,12100,1786683659615
IMPLOG,leaf,ForkJoinPool-102-worker-1,6,36,2,12,2200,87100,500,33200,206,18400,1786683659615
IMPLOG,leaf,ForkJoinPool-102-worker-2,6,36,2,12,900,89600,500,34300,210,19000,1786683659615
IMPLOG,leaf,ForkJoinPool-102-worker-4,6,36,2,12,800,86800,500,33000,165,16200,1786683659615
IMPLOG,leaf,ForkJoinPool-102-worker-6,6,36,2,12,9800,89800,500,34800,205,20400,1786683659615
IMPLOG,leaf,ForkJoinPool-102-worker-3,6,36,2,12,800,90000,500,32400,222,19700,1786683659615
IMPLOG,leaf,ForkJoinPool-102-worker-1,6,36,2,12,700,107900,600,40700,259,23500,1786683659615
IMPLOG,leaf,ForkJoinPool-102-worker-2,6,36,2,12,800,90400,500,32500,218,19600,1786683659615
IMPLOG,leaf,ForkJoinPool-102-worker-6,6,36,2,12,2000,92500,500,33900,216,21500,1786683659615
IMPLOG,leaf,ForkJoinPool-102-worker-5,6,36,2,12,800,89400,500,32500,209,19100,1786683659615
IMPLOG,leaf,ForkJoinPool-102-worker-4,6,36,2,12,900,90400,500,32000,217,19900,1786683659615
IMPLOG,leaf,ForkJoinPool-102-worker-2,6,36,2,12,800,90500,500,33600,209,19800,1786683659615
IMPLOG,leaf,ForkJoinPool-102-worker-1,6,36,2,12,2500,100000,500,44500,220,18900,1786683659615
IMPLOG,leaf,ForkJoinPool-102-worker-5,6,36,2,12,800,91000,500,33000,209,19900,1786683659615
IMPLOG,leaf,ForkJoinPool-102-worker-6,6,36,2,12,2000,92700,500,34200,222,22700,1786683659615
IMPLOG,leaf,ForkJoinPool-102-worker-4,6,36,2,12,700,97800,500,40500,212,20800,1786683659615
IMPLOG,scan,main,6,36,2,12,783000,1786683659615
IMPLOG,leaf,ForkJoinPool-102-worker-3,6,36,2,13,600,73500,600,26100,259,18300,1786683659615
IMPLOG,leaf,ForkJoinPool-102-worker-1,6,36,2,13,1300,101400,600,38100,226,20800,1786683659615
IMPLOG,leaf,ForkJoinPool-102-worker-4,6,36,2,13,900,106200,600,40700,256,23300,1786683659615
IMPLOG,leaf,ForkJoinPool-102-worker-5,6,36,2,13,2400,95300,500,35100,220,21400,1786683659615
IMPLOG,leaf,ForkJoinPool-102-worker-2,6,36,2,13,14900,108900,600,40300,267,25500,1786683659615
IMPLOG,leaf,ForkJoinPool-102-worker-6,6,36,2,13,2300,112100,600,41700,265,25700,1786683659615
IMPLOG,leaf,ForkJoinPool-102-worker-3,6,36,2,13,700,61200,500,21300,217,16300,1786683659615
IMPLOG,leaf,ForkJoinPool-102-worker-1,6,36,2,13,8900,106700,600,38800,253,22700,1786683659615
IMPLOG,leaf,ForkJoinPool-102-worker-5,6,36,2,13,800,90500,500,33100,211,19300,1786683659616
IMPLOG,leaf,ForkJoinPool-102-worker-3,6,36,2,13,400,61200,500,22300,209,15700,1786683659616
IMPLOG,leaf,ForkJoinPool-102-worker-4,6,36,2,13,800,104700,600,39100,249,22400,1786683659616
IMPLOG,leaf,ForkJoinPool-102-worker-2,6,36,2,13,2000,109200,600,40300,267,25200,1786683659616
IMPLOG,leaf,ForkJoinPool-102-worker-6,6,36,2,13,2600,108600,600,40900,233,23100,1786683659616
IMPLOG,leaf,ForkJoinPool-102-worker-3,6,36,2,13,400,60500,500,21600,207,14300,1786683659616
IMPLOG,leaf,ForkJoinPool-102-worker-1,6,36,2,13,2200,87600,500,32800,200,18100,1786683659616
IMPLOG,leaf,ForkJoinPool-102-worker-5,6,36,2,13,2800,91600,500,33700,222,20000,1786683659616
IMPLOG,leaf,ForkJoinPool-102-worker-4,6,36,2,13,800,88200,500,34000,214,20200,1786683659616
IMPLOG,leaf,ForkJoinPool-102-worker-2,6,36,2,13,800,89900,500,34300,210,19600,1786683659616
IMPLOG,leaf,ForkJoinPool-102-worker-3,6,36,2,13,500,60800,500,22200,212,15900,1786683659616
IMPLOG,leaf,ForkJoinPool-102-worker-6,6,36,2,13,800,85200,500,33400,163,16500,1786683659616
IMPLOG,leaf,ForkJoinPool-102-worker-3,6,36,2,13,500,60500,500,21000,203,15000,1786683659616
IMPLOG,leaf,ForkJoinPool-102-worker-5,6,36,2,13,800,88700,500,32200,207,18700,1786683659616
IMPLOG,leaf,ForkJoinPool-102-worker-1,6,36,2,13,800,107200,600,40300,248,24800,1786683659616
IMPLOG,leaf,ForkJoinPool-102-worker-4,6,36,2,13,9500,88300,500,35400,209,19100,1786683659616
IMPLOG,leaf,ForkJoinPool-102-worker-2,6,36,2,13,800,91100,500,34400,222,21300,1786683659616
IMPLOG,leaf,ForkJoinPool-102-worker-6,6,36,2,13,2400,83400,500,33800,148,14100,1786683659616
IMPLOG,leaf,ForkJoinPool-102-worker-3,6,36,2,13,500,63300,500,20700,220,16300,1786683659616
IMPLOG,leaf,ForkJoinPool-102-worker-5,6,36,2,13,2000,89600,500,34300,218,19700,1786683659616
IMPLOG,leaf,ForkJoinPool-102-worker-1,6,36,2,13,800,91800,500,34200,219,21700,1786683659616
IMPLOG,leaf,ForkJoinPool-102-worker-6,6,36,2,13,800,85500,500,34000,162,16100,1786683659616
IMPLOG,leaf,ForkJoinPool-102-worker-2,6,36,2,13,2200,92300,500,34100,216,22000,1786683659616
IMPLOG,leaf,ForkJoinPool-102-worker-3,6,36,2,13,500,75600,500,28000,205,16800,1786683659616
IMPLOG,leaf,ForkJoinPool-102-worker-1,6,36,2,13,900,70200,500,24600,218,17000,1786683659616
IMPLOG,leaf,ForkJoinPool-102-worker-4,6,36,2,13,2400,75300,500,28500,202,17500,1786683659616
IMPLOG,leaf,ForkJoinPool-102-worker-5,6,36,2,13,900,91500,500,34800,200,19200,1786683659616
IMPLOG,leaf,ForkJoinPool-102-worker-6,6,36,2,13,800,90600,500,33700,220,20300,1786683659616
IMPLOG,scan,main,6,36,2,13,666900,1786683659615
IMPLOG,leaf,ForkJoinPool-102-worker-1,6,36,2,14,1100,102600,600,40600,226,21400,1786683659616
IMPLOG,leaf,ForkJoinPool-102-worker-3,6,36,2,14,6800,73800,600,24800,259,19600,1786683659616
IMPLOG,leaf,ForkJoinPool-102-worker-2,6,36,2,14,1400,109900,600,39500,267,26000,1786683659616
IMPLOG,leaf,ForkJoinPool-102-worker-4,6,36,2,14,800,109500,600,40100,256,25000,1786683659616
IMPLOG,leaf,ForkJoinPool-102-worker-6,6,36,2,14,4100,107300,600,40000,256,23000,1786683659616
IMPLOG,leaf,ForkJoinPool-102-worker-5,6,36,2,14,6700,108800,600,39700,248,24000,1786683659616
IMPLOG,leaf,ForkJoinPool-102-worker-3,6,36,2,14,1400,61000,500,20200,217,15700,1786683659616
IMPLOG,leaf,ForkJoinPool-102-worker-1,6,36,2,14,900,104700,600,39300,253,22700,1786683659616
IMPLOG,leaf,ForkJoinPool-102-worker-3,6,36,2,14,400,59800,500,19900,209,15300,1786683659616
IMPLOG,leaf,ForkJoinPool-102-worker-5,6,36,2,14,1900,90800,500,33600,219,20800,1786683659616
IMPLOG,leaf,ForkJoinPool-102-worker-2,6,36,2,14,2500,109400,600,39500,265,24900,1786683659616
IMPLOG,leaf,ForkJoinPool-102-worker-4,6,36,2,14,2700,106800,600,39700,229,22600,1786683659616
IMPLOG,leaf,ForkJoinPool-102-worker-6,6,36,2,14,800,106800,600,39000,249,22500,1786683659616
IMPLOG,leaf,ForkJoinPool-102-worker-1,6,36,2,14,700,86600,500,32700,200,18300,1786683659616
IMPLOG,leaf,ForkJoinPool-102-worker-3,6,36,2,14,400,59400,500,21000,207,14900,1786683659616
IMPLOG,leaf,ForkJoinPool-102-worker-4,6,36,2,14,800,84500,500,33800,163,16100,1786683659616
IMPLOG,leaf,ForkJoinPool-102-worker-5,6,36,2,14,800,91200,500,33600,215,20200,1786683659616
IMPLOG,leaf,ForkJoinPool-102-worker-2,6,36,2,14,2200,89000,500,33500,210,20300,1786683659616
IMPLOG,leaf,ForkJoinPool-102-worker-6,6,36,2,14,2000,89700,500,32200,214,19700,1786683659616
IMPLOG,leaf,ForkJoinPool-102-worker-3,6,36,2,14,1700,60100,500,21000,203,14400,1786683659616
IMPLOG,leaf,ForkJoinPool-102-worker-1,6,36,2,14,800,88200,500,33700,212,19300,1786683659616
IMPLOG,leaf,ForkJoinPool-102-worker-4,6,36,2,14,800,84600,500,34100,148,14400,1786683659616
IMPLOG,leaf,ForkJoinPool-102-worker-3,6,36,2,14,500,61700,500,20200,217,16400,1786683659616
IMPLOG,leaf,ForkJoinPool-102-worker-5,6,36,2,14,2200,90700,500,35100,205,19900,1786683659616
IMPLOG,leaf,ForkJoinPool-102-worker-2,6,36,2,14,800,91700,500,33600,222,21000,1786683659616
IMPLOG,leaf,ForkJoinPool-102-worker-6,6,36,2,14,800,89400,500,31200,209,18900,1786683659616
IMPLOG,leaf,ForkJoinPool-102-worker-1,6,36,2,14,2400,90800,500,34200,206,20500,1786683659616
IMPLOG,leaf,ForkJoinPool-102-worker-3,6,36,2,14,1500,64600,500,21700,219,16700,1786683659616
IMPLOG,leaf,ForkJoinPool-102-worker-4,6,36,2,14,2300,85200,500,34400,156,16500,1786683659616
IMPLOG,leaf,ForkJoinPool-102-worker-5,6,36,2,14,800,90800,500,33400,210,20700,1786683659616
IMPLOG,leaf,ForkJoinPool-102-worker-2,6,36,2,14,2300,89600,500,32500,218,20300,1786683659616
IMPLOG,leaf,ForkJoinPool-102-worker-6,6,36,2,14,800,89500,500,33900,213,20700,1786683659616
IMPLOG,leaf,ForkJoinPool-102-worker-3,6,36,2,14,500,61000,500,21300,208,14700,1786683659617
IMPLOG,leaf,ForkJoinPool-102-worker-1,6,36,2,14,900,90000,500,33900,220,20000,1786683659617
IMPLOG,leaf,ForkJoinPool-102-worker-4,6,36,2,14,800,91300,500,33700,200,20200,1786683659617
IMPLOG,leaf,ForkJoinPool-102-worker-5,6,36,2,14,2300,90400,500,33900,208,19200,1786683659617
IMPLOG,scan,main,6,36,2,14,674900,1786683659616
IMPLOG,leaf,ForkJoinPool-102-worker-1,6,36,2,15,600,101700,600,39100,227,21500,1786683659617
IMPLOG,leaf,ForkJoinPool-102-worker-3,6,36,2,15,2400,89700,500,32000,218,20700,1786683659617
IMPLOG,leaf,ForkJoinPool-102-worker-6,6,36,2,15,2400,108600,600,40000,267,24200,1786683659617
IMPLOG,leaf,ForkJoinPool-102-worker-4,6,36,2,15,2500,106500,600,38200,256,23500,1786683659617
IMPLOG,leaf,ForkJoinPool-102-worker-2,6,36,2,15,1300,107100,600,38500,259,23500,1786683659617
IMPLOG,leaf,ForkJoinPool-102-worker-5,6,36,2,15,2200,109300,600,41400,256,25500,1786683659617
IMPLOG,leaf,ForkJoinPool-102-worker-3,6,36,2,15,2100,89300,500,32000,208,19600,1786683659617
IMPLOG,leaf,ForkJoinPool-102-worker-1,6,36,2,15,2100,106600,600,39300,252,24300,1786683659617
IMPLOG,leaf,ForkJoinPool-102-worker-2,6,36,2,15,4200,94000,500,31700,217,19300,1786683659617
IMPLOG,leaf,ForkJoinPool-102-worker-6,6,36,2,15,800,108100,600,40800,263,23900,1786683659617
IMPLOG,leaf,ForkJoinPool-102-worker-4,6,36,2,15,800,106500,600,38600,251,22600,1786683659617
IMPLOG,leaf,ForkJoinPool-102-worker-5,6,36,2,15,800,107400,600,41200,229,23900,1786683659617
IMPLOG,leaf,ForkJoinPool-102-worker-3,6,36,2,15,700,90900,500,33300,210,20500,1786683659617
IMPLOG,leaf,ForkJoinPool-102-worker-1,6,36,2,15,800,87700,500,32000,201,18900,1786683659617
IMPLOG,leaf,ForkJoinPool-102-worker-2,6,36,2,15,1000,87400,500,30900,209,17600,1786683659617
IMPLOG,leaf,ForkJoinPool-102-worker-6,6,36,2,15,2300,88100,500,32600,210,19100,1786683659617
IMPLOG,leaf,ForkJoinPool-102-worker-4,6,36,2,15,2200,89700,500,33300,214,19900,1786683659617
IMPLOG,leaf,ForkJoinPool-102-worker-5,6,36,2,15,2100,85000,500,32300,163,16200,1786683659617
IMPLOG,leaf,ForkJoinPool-102-worker-3,6,36,2,15,1900,90600,500,33400,208,18700,1786683659617
IMPLOG,leaf,ForkJoinPool-102-worker-1,6,36,2,15,2200,88900,500,32200,212,19500,1786683659617
IMPLOG,leaf,ForkJoinPool-102-worker-2,6,36,2,15,900,87500,500,31200,207,18800,1786683659617
IMPLOG,leaf,ForkJoinPool-102-worker-6,6,36,2,15,800,89600,500,33400,222,21000,1786683659617
IMPLOG,leaf,ForkJoinPool-102-worker-5,6,36,2,15,800,84600,500,34800,148,15600,1786683659617
IMPLOG,leaf,ForkJoinPool-102-worker-4,6,36,2,15,2100,89200,500,33300,207,19900,1786683659617
IMPLOG,leaf,ForkJoinPool-102-worker-1,6,36,2,15,900,73600,500,26100,203,17700,1786683659617
IMPLOG,leaf,ForkJoinPool-102-worker-3,6,36,2,15,800,91100,500,33300,221,21100,1786683659617
IMPLOG,leaf,ForkJoinPool-102-worker-5,6,36,2,15,2200,85100,500,33900,157,15500,1786683659617
IMPLOG,leaf,ForkJoinPool-102-worker-6,6,36,2,15,8100,88600,500,33800,216,19600,1786683659617
IMPLOG,leaf,ForkJoinPool-102-worker-2,6,36,2,15,3500,105300,600,39100,248,22100,1786683659617
IMPLOG,leaf,ForkJoinPool-102-worker-1,6,36,2,15,2200,85800,500,31200,215,20200,1786683659617
IMPLOG,leaf,ForkJoinPool-102-worker-4,6,36,2,15,800,84300,500,29500,206,19400,1786683659617
IMPLOG,leaf,ForkJoinPool-102-worker-3,6,36,2,15,2300,89400,500,34200,205,19500,1786683659617
IMPLOG,leaf,ForkJoinPool-102-worker-5,6,36,2,15,1900,90000,500,34200,213,20600,1786683659617
IMPLOG,leaf,ForkJoinPool-102-worker-6,6,36,2,15,2500,89700,500,33100,220,20500,1786683659617
IMPLOG,leaf,ForkJoinPool-102-worker-4,6,36,2,15,1800,62300,500,20400,220,16600,1786683659617
IMPLOG,leaf,ForkJoinPool-102-worker-3,6,36,2,15,800,72600,500,25100,200,17100,1786683659617
IMPLOG,scan,main,6,36,2,15,703100,1786683659617
IMPLOG,leaf,ForkJoinPool-102-worker-1,6,36,2,16,1100,110800,600,35700,227,30400,1786683659617
IMPLOG,leaf,ForkJoinPool-102-worker-3,6,36,2,16,800,96100,500,31200,223,28900,1786683659617
IMPLOG,leaf,ForkJoinPool-102-worker-6,6,36,2,16,1200,121600,600,54000,267,24200,1786683659617
IMPLOG,leaf,ForkJoinPool-102-worker-5,6,36,2,16,1000,118800,600,39200,256,35500,1786683659617
IMPLOG,leaf,ForkJoinPool-102-worker-4,6,36,2,16,900,124300,600,41600,247,39800,1786683659617
IMPLOG,leaf,ForkJoinPool-102-worker-2,6,36,2,16,900,122300,500,34900,206,20500,1786683659617
IMPLOG,leaf,ForkJoinPool-102-worker-3,6,36,2,16,800,90500,500,32800,216,21200,1786683659618
IMPLOG,leaf,ForkJoinPool-102-worker-1,6,36,2,16,1000,105600,600,40400,252,22400,1786683659618
IMPLOG,leaf,ForkJoinPool-102-worker-4,6,36,2,16,2100,90700,500,32100,220,20700,1786683659618
IMPLOG,leaf,ForkJoinPool-102-worker-2,6,36,2,16,2400,91300,500,33300,219,20400,1786683659618
IMPLOG,leaf,ForkJoinPool-102-worker-5,6,36,2,16,2500,105700,600,41000,229,23000,1786683659618
IMPLOG,leaf,ForkJoinPool-102-worker-6,6,36,2,16,3600,108100,600,37700,268,23800,1786683659618
IMPLOG,leaf,ForkJoinPool-102-worker-3,6,36,2,16,800,89400,500,31400,210,19300,1786683659618
IMPLOG,leaf,ForkJoinPool-102-worker-1,6,36,2,16,2300,87200,500,31900,201,19000,1786683659618
IMPLOG,leaf,ForkJoinPool-102-worker-5,6,36,2,16,800,84700,500,33500,163,15200,1786683659618
IMPLOG,leaf,ForkJoinPool-102-worker-2,6,36,2,16,800,90000,500,32400,213,20000,1786683659618
IMPLOG,leaf,ForkJoinPool-102-worker-4,6,36,2,16,2100,91900,500,33800,217,22600,1786683659618
IMPLOG,leaf,ForkJoinPool-102-worker-6,6,36,2,16,2700,88400,500,30100,199,18200,1786683659618
IMPLOG,leaf,ForkJoinPool-102-worker-3,6,36,2,16,700,83400,500,33100,148,14100,1786683659618
IMPLOG,leaf,ForkJoinPool-102-worker-5,6,36,2,16,2200,59300,500,22400,158,13200,1786683659618
IMPLOG,leaf,ForkJoinPool-102-worker-1,6,36,2,16,700,89000,500,34700,211,19500,1786683659618
IMPLOG,leaf,ForkJoinPool-102-worker-2,6,36,2,16,9000,78900,500,29300,205,17900,1786683659618
IMPLOG,leaf,ForkJoinPool-102-worker-1,6,36,2,16,900,87700,500,34700,207,19300,1786683659618
IMPLOG,leaf,ForkJoinPool-102-worker-3,6,36,2,16,700,99800,600,36200,256,22200,1786683659618
IMPLOG,leaf,ForkJoinPool-102-worker-5,6,36,2,16,2100,90800,500,33700,218,21100,1786683659618
IMPLOG,leaf,ForkJoinPool-102-worker-4,6,36,2,16,1200,87900,500,32400,207,18100,1786683659618
IMPLOG,leaf,ForkJoinPool-102-worker-2,6,36,2,16,1500,104600,600,37500,258,23400,1786683659618
IMPLOG,leaf,ForkJoinPool-102-worker-6,6,36,2,16,800,90700,500,32200,214,21100,1786683659618
IMPLOG,leaf,ForkJoinPool-102-worker-1,6,36,2,16,2300,88000,500,33400,209,18300,1786683659618
IMPLOG,leaf,ForkJoinPool-102-worker-3,6,36,2,16,2300,106800,600,39800,251,23800,1786683659618
IMPLOG,leaf,ForkJoinPool-102-worker-5,6,36,2,16,800,88800,500,32800,208,19100,1786683659618
IMPLOG,leaf,ForkJoinPool-102-worker-4,6,36,2,16,900,89700,500,31700,220,19400,1786683659618
IMPLOG,leaf,ForkJoinPool-102-worker-2,6,36,2,16,800,89700,500,32800,218,20700,1786683659618
IMPLOG,leaf,ForkJoinPool-102-worker-6,6,36,2,16,2100,89700,500,33200,210,19000,1786683659618
IMPLOG,leaf,ForkJoinPool-102-worker-1,6,36,2,16,800,87700,500,32700,205,18900,1786683659618
IMPLOG,leaf,ForkJoinPool-102-worker-3,6,36,2,16,2200,63400,500,21700,208,15500,1786683659618
IMPLOG,scan,main,6,36,2,16,728200,1786683659617
IMPLOG,leaf,ForkJoinPool-102-worker-1,6,36,2,17,1000,101200,600,40500,227,19100,1786683659618
IMPLOG,leaf,ForkJoinPool-102-worker-2,6,36,2,17,3300,91200,500,35100,211,18900,1786683659618
IMPLOG,leaf,ForkJoinPool-102-worker-6,6,36,2,17,2200,88900,500,32400,208,18800,1786683659618
IMPLOG,leaf,ForkJoinPool-102-worker-3,6,36,2,17,1200,108100,600,37200,269,24400,1786683659618
IMPLOG,leaf,ForkJoinPool-102-worker-4,6,36,2,17,900,106700,600,39000,256,24700,1786683659618
IMPLOG,leaf,ForkJoinPool-102-worker-5,6,36,2,17,6300,107500,600,40500,258,23300,1786683659618
IMPLOG,leaf,ForkJoinPool-102-worker-2,6,36,2,17,700,88100,500,32800,207,20400,1786683659618
IMPLOG,leaf,ForkJoinPool-102-worker-6,6,36,2,17,2400,87300,500,32300,205,18300,1786683659618
IMPLOG,leaf,ForkJoinPool-102-worker-1,6,36,2,17,2200,104000,600,39300,253,23000,1786683659618
IMPLOG,leaf,ForkJoinPool-102-worker-5,6,36,2,17,800,89500,500,33200,219,20700,1786683659618
IMPLOG,leaf,ForkJoinPool-102-worker-3,6,36,2,17,3400,108500,600,37700,268,23200,1786683659618
IMPLOG,leaf,ForkJoinPool-102-worker-4,6,36,2,17,900,107900,600,38600,253,23500,1786683659618
IMPLOG,leaf,ForkJoinPool-102-worker-2,6,36,2,17,2500,87100,500,33600,200,19100,1786683659618
IMPLOG,leaf,ForkJoinPool-102-worker-1,6,36,2,17,900,105800,600,39800,246,22100,1786683659618
IMPLOG,leaf,ForkJoinPool-102-worker-5,6,36,2,17,700,91700,500,32900,217,21300,1786683659618
IMPLOG,leaf,ForkJoinPool-102-worker-6,6,36,2,17,2300,108400,600,41100,256,22700,1786683659618
IMPLOG,leaf,ForkJoinPool-102-worker-3,6,36,2,17,1000,85800,500,31400,209,17800,1786683659618
IMPLOG,leaf,ForkJoinPool-102-worker-4,6,36,2,17,800,90000,500,32900,214,20100,1786683659618
IMPLOG,leaf,ForkJoinPool-102-worker-2,6,36,2,17,800,90800,500,34700,220,20500,1786683659618
IMPLOG,leaf,ForkJoinPool-102-worker-1,6,36,2,17,2600,89400,500,33700,223,20500,1786683659618
IMPLOG,leaf,ForkJoinPool-102-worker-5,6,36,2,17,800,89800,500,34300,203,18700,1786683659618
IMPLOG,leaf,ForkJoinPool-102-worker-3,6,36,2,17,1000,88400,500,30500,218,18200,1786683659618
IMPLOG,leaf,ForkJoinPool-102-worker-4,6,36,2,17,800,89500,500,32900,207,19000,1786683659618
IMPLOG,leaf,ForkJoinPool-102-worker-6,6,36,2,17,800,106200,600,41100,229,23600,1786683659618
IMPLOG,leaf,ForkJoinPool-102-worker-2,6,36,2,17,2100,90600,500,34500,216,21600,1786683659619
IMPLOG,leaf,ForkJoinPool-102-worker-1,6,36,2,17,900,88100,500,34100,210,18500,1786683659619
IMPLOG,leaf,ForkJoinPool-102-worker-5,6,36,2,17,800,89000,500,32100,208,19000,1786683659619
IMPLOG,leaf,ForkJoinPool-102-worker-3,6,36,2,17,900,89100,500,33200,209,18700,1786683659619
IMPLOG,leaf,ForkJoinPool-102-worker-4,6,36,2,17,800,89400,500,30600,221,20200,1786683659619
IMPLOG,leaf,ForkJoinPool-102-worker-6,6,36,2,17,2000,85400,500,33100,162,15200,1786683659619
IMPLOG,leaf,ForkJoinPool-102-worker-5,6,36,2,17,800,66900,500,23300,213,16700,1786683659619
IMPLOG,leaf,ForkJoinPool-102-worker-2,6,36,2,17,1900,89400,500,31700,206,20100,1786683659619
IMPLOG,leaf,ForkJoinPool-102-worker-1,6,36,2,17,800,83900,500,35900,148,14300,1786683659619
IMPLOG,leaf,ForkJoinPool-102-worker-3,6,36,2,17,1000,89000,500,31500,199,18400,1786683659619
IMPLOG,leaf,ForkJoinPool-102-worker-6,6,36,2,17,800,84800,500,33900,158,15600,1786683659619
IMPLOG,leaf,ForkJoinPool-102-worker-2,6,36,2,17,800,78700,500,26500,216,18300,1786683659619
IMPLOG,scan,main,6,36,2,17,689400,1786683659618
IMPLOG,leaf,ForkJoinPool-102-worker-1,6,36,2,18,2400,101400,600,38900,227,21000,1786683659619
IMPLOG,leaf,ForkJoinPool-102-worker-3,6,36,2,18,1100,106900,600,38500,270,24700,1786683659619
IMPLOG,leaf,ForkJoinPool-102-worker-5,6,36,2,18,1000,89900,500,32600,218,20300,1786683659619
IMPLOG,leaf,ForkJoinPool-102-worker-4,6,36,2,18,800,107700,600,40800,258,24800,1786683659619
IMPLOG,leaf,ForkJoinPool-102-worker-2,6,36,2,18,3700,110100,600,40400,256,23700,1786683659619
IMPLOG,leaf,ForkJoinPool-102-worker-6,6,36,2,18,3700,110900,600,41600,256,26000,1786683659619
IMPLOG,leaf,ForkJoinPool-102-worker-1,6,36,2,18,700,103900,600,39400,253,21900,1786683659619
IMPLOG,leaf,ForkJoinPool-102-worker-5,6,36,2,18,800,89100,500,34400,209,20100,1786683659619
IMPLOG,leaf,ForkJoinPool-102-worker-3,6,36,2,18,1000,107300,600,37700,268,22800,1786683659619
IMPLOG,leaf,ForkJoinPool-102-worker-4,6,36,2,18,1000,88700,500,31300,219,21300,1786683659619
IMPLOG,leaf,ForkJoinPool-102-worker-2,6,36,2,18,800,106100,600,39900,253,24100,1786683659619
IMPLOG,leaf,ForkJoinPool-102-worker-6,6,36,2,18,2000,106300,600,40100,229,23500,1786683659619
IMPLOG,leaf,ForkJoinPool-102-worker-1,6,36,2,18,2300,86300,500,33000,200,18000,1786683659619
IMPLOG,leaf,ForkJoinPool-102-worker-5,6,36,2,18,700,89500,500,33500,210,19800,1786683659619
IMPLOG,leaf,ForkJoinPool-102-worker-3,6,36,2,18,900,87700,500,32700,209,18600,1786683659619
IMPLOG,leaf,ForkJoinPool-102-worker-4,6,36,2,18,800,88700,500,34400,208,19400,1786683659619
IMPLOG,leaf,ForkJoinPool-102-worker-6,6,36,2,18,800,83600,500,33800,162,15800,1786683659619
IMPLOG,leaf,ForkJoinPool-102-worker-2,6,36,2,18,2000,89700,500,33000,214,19500,1786683659619
IMPLOG,leaf,ForkJoinPool-102-worker-1,6,36,2,18,2600,83400,500,29900,211,17800,1786683659619
IMPLOG,leaf,ForkJoinPool-102-worker-5,6,36,2,18,1100,88500,500,33200,208,18400,1786683659619
IMPLOG,leaf,ForkJoinPool-102-worker-3,6,36,2,18,900,89100,500,31900,223,19600,1786683659619
IMPLOG,leaf,ForkJoinPool-102-worker-4,6,36,2,18,800,88000,500,32800,205,18600,1786683659619
IMPLOG,leaf,ForkJoinPool-102-worker-6,6,36,2,18,2200,83200,500,33900,148,14400,1786683659619
IMPLOG,leaf,ForkJoinPool-102-worker-2,6,36,2,18,1900,89700,500,33600,209,19600,1786683659619
IMPLOG,leaf,ForkJoinPool-102-worker-1,6,36,2,18,800,84000,500,30900,207,19000,1786683659619
IMPLOG,leaf,ForkJoinPool-102-worker-6,6,36,2,18,800,61500,500,21800,157,12300,1786683659619
IMPLOG,leaf,ForkJoinPool-102-worker-5,6,36,2,18,700,90300,500,32400,222,20500,1786683659619
IMPLOG,leaf,ForkJoinPool-102-worker-3,6,36,2,18,800,89300,500,31600,217,20000,1786683659619
IMPLOG,leaf,ForkJoinPool-102-worker-4,6,36,2,18,800,90000,500,33900,206,19600,1786683659619
IMPLOG,leaf,ForkJoinPool-102-worker-1,6,36,2,18,8900,96800,600,31000,246,21400,1786683659619
IMPLOG,leaf,ForkJoinPool-102-worker-5,6,36,2,18,800,88600,500,32500,200,19000,1786683659619
IMPLOG,leaf,ForkJoinPool-102-worker-6,6,36,2,18,5300,90100,500,32700,213,20700,1786683659619
IMPLOG,leaf,ForkJoinPool-102-worker-3,6,36,2,18,900,90700,500,32100,217,19700,1786683659619
IMPLOG,leaf,ForkJoinPool-102-worker-2,6,36,2,18,900,91300,500,32700,220,21700,1786683659619
IMPLOG,leaf,ForkJoinPool-102-worker-4,6,36,2,18,800,89800,500,33100,216,21100,1786683659619
IMPLOG,leaf,ForkJoinPool-102-worker-1,6,36,2,18,600,81300,500,29200,203,18600,1786683659619
IMPLOG,scan,main,6,36,2,18,696300,1786683659619
IMPLOG,leaf,ForkJoinPool-102-worker-4,6,36,2,19,800,90400,600,30400,227,19500,1786683659620
IMPLOG,leaf,ForkJoinPool-102-worker-5,6,36,2,19,1200,89500,500,32900,210,20500,1786683659620
IMPLOG,leaf,ForkJoinPool-102-worker-1,6,36,2,19,1000,109200,600,38800,270,25800,1786683659620
IMPLOG,leaf,ForkJoinPool-102-worker-3,6,36,2,19,900,107800,600,38500,256,25200,1786683659620
IMPLOG,leaf,ForkJoinPool-102-worker-6,6,36,2,19,1000,109300,600,40300,252,25500,1786683659620
IMPLOG,leaf,ForkJoinPool-102-worker-2,6,36,2,19,3800,107200,600,37400,258,23200,1786683659620
IMPLOG,leaf,ForkJoinPool-102-worker-4,6,36,2,19,800,94500,600,33800,253,20300,1786683659620
IMPLOG,leaf,ForkJoinPool-102-worker-5,6,36,2,19,700,89800,500,35200,209,19400,1786683659620
IMPLOG,leaf,ForkJoinPool-102-worker-2,6,36,2,19,1000,89300,500,30700,219,20200,1786683659620
IMPLOG,leaf,ForkJoinPool-102-worker-1,6,36,2,19,800,108600,600,40200,259,23800,1786683659620
IMPLOG,leaf,ForkJoinPool-102-worker-3,6,36,2,19,900,103700,600,39700,219,19700,1786683659620
IMPLOG,leaf,ForkJoinPool-102-worker-6,6,36,2,19,800,104800,600,40700,216,21700,1786683659620
IMPLOG,leaf,ForkJoinPool-102-worker-4,6,36,2,19,800,68600,500,25000,200,15700,1786683659620
IMPLOG,leaf,ForkJoinPool-102-worker-5,6,36,2,19,800,88300,500,33300,192,18000,1786683659620
IMPLOG,leaf,ForkJoinPool-102-worker-2,6,36,2,19,2600,87000,500,30100,208,19100,1786683659620
IMPLOG,leaf,ForkJoinPool-102-worker-6,6,36,2,19,800,85700,500,34500,162,15300,1786683659620
IMPLOG,leaf,ForkJoinPool-102-worker-4,6,36,2,19,700,60100,500,20300,211,14400,1786683659620
IMPLOG,leaf,ForkJoinPool-102-worker-3,6,36,2,19,6200,83400,500,34000,154,15200,1786683659620
IMPLOG,leaf,ForkJoinPool-102-worker-1,6,36,2,19,800,90500,500,33600,209,19500,1786683659620
IMPLOG,leaf,ForkJoinPool-102-worker-4,6,36,2,19,400,60900,500,20300,207,15400,1786683659620
IMPLOG,leaf,ForkJoinPool-102-worker-5,6,36,2,19,800,88800,500,31800,208,19800,1786683659620
IMPLOG,leaf,ForkJoinPool-102-worker-6,6,36,2,19,900,83400,500,34600,133,13700,1786683659620
IMPLOG,leaf,ForkJoinPool-102-worker-2,6,36,2,19,800,89500,500,32200,205,20000,1786683659620
IMPLOG,leaf,ForkJoinPool-102-worker-3,6,36,2,19,700,89500,500,32500,195,19200,1786683659620
IMPLOG,leaf,ForkJoinPool-102-worker-1,6,36,2,19,900,90300,500,33000,209,20400,1786683659620
IMPLOG,leaf,ForkJoinPool-102-worker-4,6,36,2,19,500,61200,500,20800,206,15600,1786683659620
IMPLOG,leaf,ForkJoinPool-102-worker-5,6,36,2,19,800,72400,500,23600,222,17400,1786683659620
IMPLOG,leaf,ForkJoinPool-102-worker-6,6,36,2,19,900,87400,500,34700,170,16100,1786683659620
IMPLOG,leaf,ForkJoinPool-102-worker-1,6,36,2,19,800,89300,500,32800,200,19600,1786683659620
IMPLOG,leaf,ForkJoinPool-102-worker-4,6,36,2,19,500,61400,500,21300,216,15800,1786683659620
IMPLOG,leaf,ForkJoinPool-102-worker-2,6,36,2,19,10100,88500,500,30700,204,19400,1786683659620
IMPLOG,leaf,ForkJoinPool-102-worker-3,6,36,2,19,900,88900,500,33700,193,18200,1786683659620
IMPLOG,leaf,ForkJoinPool-102-worker-5,6,36,2,19,600,101400,600,40400,185,18400,1786683659620
IMPLOG,leaf,ForkJoinPool-102-worker-6,6,36,2,19,700,88600,500,33300,194,18100,1786683659620
IMPLOG,leaf,ForkJoinPool-102-worker-1,6,36,2,19,900,89300,500,34700,203,20000,1786683659620
IMPLOG,leaf,ForkJoinPool-102-worker-3,6,36,2,19,800,65700,500,24900,177,14500,1786683659620
IMPLOG,scan,main,6,36,2,19,660800,1786683659620
IMPLOG,leaf,ForkJoinPool-102-worker-2,6,36,2,20,1300,60500,500,19900,210,15300,1786683659620
IMPLOG,leaf,ForkJoinPool-102-worker-4,6,36,2,20,700,97800,600,35100,227,21900,1786683659620
IMPLOG,leaf,ForkJoinPool-102-worker-1,6,36,2,20,1300,106100,600,37300,270,22900,1786683659620
IMPLOG,leaf,ForkJoinPool-102-worker-6,6,36,2,20,900,101300,600,40400,183,19100,1786683659620
IMPLOG,leaf,ForkJoinPool-102-worker-3,6,36,2,20,900,106900,600,39100,257,24200,1786683659620
IMPLOG,leaf,ForkJoinPool-102-worker-5,6,36,2,20,900,109100,600,40700,252,24000,1786683659620
IMPLOG,leaf,ForkJoinPool-102-worker-2,6,36,2,20,400,59500,500,17800,200,15100,1786683659620
IMPLOG,leaf,ForkJoinPool-102-worker-4,6,36,2,20,1100,106400,600,37800,253,25300,1786683659620
IMPLOG,leaf,ForkJoinPool-102-worker-2,6,36,2,20,500,59500,500,19200,209,15300,1786683659620
IMPLOG,leaf,ForkJoinPool-102-worker-6,6,36,2,20,800,87800,500,34000,179,17900,1786683659620
IMPLOG,leaf,ForkJoinPool-102-worker-1,6,36,2,20,1000,107300,600,39500,260,24100,1786683659620
IMPLOG,leaf,ForkJoinPool-102-worker-3,6,36,2,20,800,104400,600,39600,220,21000,1786683659620
IMPLOG,leaf,ForkJoinPool-102-worker-5,6,36,2,20,5700,104400,600,38500,216,21300,1786683659620
IMPLOG,leaf,ForkJoinPool-102-worker-2,6,36,2,20,600,73200,600,23800,258,18600,1786683659620
IMPLOG,leaf,ForkJoinPool-102-worker-4,6,36,2,20,900,87600,500,33900,200,19200,1786683659620
IMPLOG,leaf,ForkJoinPool-102-worker-6,6,36,2,20,800,92400,500,39100,193,18900,1786683659620
IMPLOG,leaf,ForkJoinPool-102-worker-3,6,36,2,20,800,84200,500,34000,156,14700,1786683659621
IMPLOG,leaf,ForkJoinPool-102-worker-1,6,36,2,20,900,90200,500,33700,206,18500,1786683659621
IMPLOG,leaf,ForkJoinPool-102-worker-5,6,36,2,20,800,87300,500,33700,162,15300,1786683659621
IMPLOG,leaf,ForkJoinPool-102-worker-2,6,36,2,20,900,59700,500,19100,219,14700,1786683659621
IMPLOG,leaf,ForkJoinPool-102-worker-4,6,36,2,20,1300,88200,500,32900,213,19300,1786683659621
IMPLOG,leaf,ForkJoinPool-102-worker-6,6,36,2,20,800,88500,500,33000,203,18200,1786683659621
IMPLOG,leaf,ForkJoinPool-102-worker-2,6,36,2,20,500,60100,500,22100,208,15400,1786683659621
IMPLOG,leaf,ForkJoinPool-102-worker-3,6,36,2,20,900,88100,500,34200,195,18600,1786683659621
IMPLOG,leaf,ForkJoinPool-102-worker-1,6,36,2,20,900,90300,500,31800,215,19600,1786683659621
IMPLOG,leaf,ForkJoinPool-102-worker-5,6,36,2,20,800,83800,500,36100,131,13600,1786683659621
IMPLOG,leaf,ForkJoinPool-102-worker-2,6,36,2,20,500,59400,500,19000,211,15200,1786683659621
IMPLOG,leaf,ForkJoinPool-102-worker-4,6,36,2,20,800,88100,500,31400,202,19200,1786683659621
IMPLOG,leaf,ForkJoinPool-102-worker-6,6,36,2,20,800,89500,500,33400,203,19200,1786683659621
IMPLOG,leaf,ForkJoinPool-102-worker-3,6,36,2,20,800,88800,500,32400,222,21000,1786683659621
IMPLOG,leaf,ForkJoinPool-102-worker-1,6,36,2,20,900,87500,500,33400,170,16200,1786683659621
IMPLOG,leaf,ForkJoinPool-102-worker-5,6,36,2,20,800,89300,500,33600,194,20100,1786683659621
IMPLOG,leaf,ForkJoinPool-102-worker-2,6,36,2,20,1000,63100,500,20900,209,14400,1786683659621
IMPLOG,leaf,ForkJoinPool-102-worker-4,6,36,2,20,800,77000,500,29200,191,16100,1786683659621
IMPLOG,leaf,ForkJoinPool-102-worker-3,6,36,2,20,500,83400,500,30200,208,19600,1786683659621
IMPLOG,leaf,ForkJoinPool-102-worker-6,6,36,2,20,800,88200,500,33100,209,18900,1786683659621
IMPLOG,scan,main,6,36,2,20,651100,1786683659620
IMPLOG,leaf,ForkJoinPool-102-worker-4,6,36,2,21,2400,101500,600,36700,231,22200,1786683659621
IMPLOG,leaf,ForkJoinPool-102-worker-5,6,36,2,21,2400,91600,500,35700,197,19900,1786683659621
IMPLOG,leaf,ForkJoinPool-102-worker-3,6,36,2,21,800,108200,600,39900,270,25900,1786683659621
IMPLOG,leaf,ForkJoinPool-102-worker-2,6,36,2,21,900,103300,600,39900,198,19700,1786683659621
IMPLOG,leaf,ForkJoinPool-102-worker-6,6,36,2,21,1000,107900,600,40300,251,25200,1786683659621
IMPLOG,leaf,ForkJoinPool-102-worker-1,6,36,2,21,2500,109500,600,40500,257,24900,1786683659621
IMPLOG,leaf,ForkJoinPool-102-worker-5,6,36,2,21,800,88600,500,32800,207,18700,1786683659621
IMPLOG,leaf,ForkJoinPool-102-worker-2,6,36,2,21,800,87900,500,32100,184,18100,1786683659621
IMPLOG,leaf,ForkJoinPool-102-worker-4,6,36,2,21,1000,106500,600,37600,255,23300,1786683659621
IMPLOG,leaf,ForkJoinPool-102-worker-3,6,36,2,21,800,108500,600,40800,260,23800,1786683659621
IMPLOG,leaf,ForkJoinPool-102-worker-6,6,36,2,21,800,106700,600,40800,221,22200,1786683659621
IMPLOG,leaf,ForkJoinPool-102-worker-1,6,36,2,21,800,103600,600,41600,220,20900,1786683659621
IMPLOG,leaf,ForkJoinPool-102-worker-5,6,36,2,21,800,90600,500,33500,209,21600,1786683659621
IMPLOG,leaf,ForkJoinPool-102-worker-2,6,36,2,21,700,90000,500,33500,210,20700,1786683659621
IMPLOG,leaf,ForkJoinPool-102-worker-4,6,36,2,21,800,88600,500,32400,203,19600,1786683659621
IMPLOG,leaf,ForkJoinPool-102-worker-3,6,36,2,21,800,90100,500,33300,206,20300,1786683659621
IMPLOG,leaf,ForkJoinPool-102-worker-6,6,36,2,21,700,86600,500,35900,168,16500,1786683659621
IMPLOG,leaf,ForkJoinPool-102-worker-1,6,36,2,21,800,83800,500,33900,156,14800,1786683659621
IMPLOG,leaf,ForkJoinPool-102-worker-5,6,36,2,21,1100,91600,500,34300,209,20100,1786683659621
IMPLOG,leaf,ForkJoinPool-102-worker-4,6,36,2,21,800,90100,500,31800,216,21400,1786683659621
IMPLOG,leaf,ForkJoinPool-102-worker-6,6,36,2,21,800,84200,500,34000,137,14900,1786683659621
IMPLOG,leaf,ForkJoinPool-102-worker-2,6,36,2,21,800,108200,600,38400,260,24500,1786683659621
IMPLOG,leaf,ForkJoinPool-102-worker-3,6,36,2,21,900,90700,500,33300,203,20600,1786683659621
IMPLOG,leaf,ForkJoinPool-102-worker-1,6,36,2,21,800,88400,500,32700,197,18900,1786683659621
IMPLOG,leaf,ForkJoinPool-102-worker-4,6,36,2,21,700,89700,500,33300,204,20200,1786683659621
IMPLOG,leaf,ForkJoinPool-102-worker-5,6,36,2,21,800,91900,500,32800,216,20500,1786683659621
IMPLOG,leaf,ForkJoinPool-102-worker-6,6,36,2,21,800,88800,500,34800,176,17300,1786683659621
IMPLOG,leaf,ForkJoinPool-102-worker-1,6,36,2,21,800,85700,500,29600,222,20800,1786683659621
IMPLOG,leaf,ForkJoinPool-102-worker-2,6,36,2,21,800,90200,500,33000,217,21400,1786683659621
IMPLOG,leaf,ForkJoinPool-102-worker-3,6,36,2,21,700,90300,500,32600,197,19500,1786683659621
IMPLOG,leaf,ForkJoinPool-102-worker-1,6,36,2,21,6300,60600,500,21700,209,15000,1786683659621
IMPLOG,leaf,ForkJoinPool-102-worker-4,6,36,2,21,700,88400,500,32300,209,19500,1786683659621
IMPLOG,leaf,ForkJoinPool-102-worker-2,6,36,2,21,700,84600,500,30300,190,18000,1786683659621
IMPLOG,leaf,ForkJoinPool-102-worker-5,6,36,2,21,900,92900,500,32700,214,24100,1786683659621
IMPLOG,leaf,ForkJoinPool-102-worker-3,6,36,2,21,1200,90000,500,32100,210,19200,1786683659621
IMPLOG,leaf,ForkJoinPool-102-worker-6,6,36,2,21,900,89900,500,33800,209,20100,1786683659621
IMPLOG,scan,main,6,36,2,21,652200,1786683659621
IMPLOG,leaf,ForkJoinPool-102-worker-2,6,36,2,22,1000,104600,600,39300,231,22400,1786683659622
IMPLOG,leaf,ForkJoinPool-102-worker-6,6,36,2,22,900,91200,500,34400,209,20600,1786683659622
IMPLOG,leaf,ForkJoinPool-102-worker-4,6,36,2,22,900,110300,600,40600,270,26500,1786683659622
IMPLOG,leaf,ForkJoinPool-102-worker-1,6,36,2,22,900,107400,600,39400,257,24200,1786683659622
IMPLOG,leaf,ForkJoinPool-102-worker-3,6,36,2,22,900,108000,600,38500,260,24900,1786683659622
IMPLOG,leaf,ForkJoinPool-102-worker-5,6,36,2,22,900,108700,600,38700,251,25900,1786683659622
IMPLOG,leaf,ForkJoinPool-102-worker-6,6,36,2,22,800,91100,500,32500,215,21300,1786683659622
IMPLOG,leaf,ForkJoinPool-102-worker-2,6,36,2,22,800,106800,600,39500,255,23300,1786683659622
IMPLOG,leaf,ForkJoinPool-102-worker-3,6,36,2,22,800,91200,500,32500,217,21200,1786683659622
IMPLOG,leaf,ForkJoinPool-102-worker-4,6,36,2,22,800,108500,600,39800,260,24800,1786683659622
IMPLOG,leaf,ForkJoinPool-102-worker-1,6,36,2,22,800,104700,600,40100,220,20100,1786683659622
IMPLOG,leaf,ForkJoinPool-102-worker-5,6,36,2,22,800,106800,600,41100,222,21800,1786683659622
IMPLOG,leaf,ForkJoinPool-102-worker-6,6,36,2,22,900,89800,500,33000,202,18900,1786683659622
IMPLOG,leaf,ForkJoinPool-102-worker-2,6,36,2,22,800,87800,500,32700,203,19200,1786683659622
IMPLOG,leaf,ForkJoinPool-102-worker-1,6,36,2,22,800,83600,500,31500,156,14400,1786683659622
IMPLOG,leaf,ForkJoinPool-102-worker-3,6,36,2,22,800,89500,500,32600,209,19600,1786683659622
IMPLOG,leaf,ForkJoinPool-102-worker-4,6,36,2,22,900,89000,500,31700,210,20200,1786683659622
IMPLOG,leaf,ForkJoinPool-102-worker-5,6,36,2,22,800,87500,500,34400,168,16500,1786683659622
IMPLOG,leaf,ForkJoinPool-102-worker-6,6,36,2,22,800,89700,500,33700,197,20000,1786683659622
IMPLOG,leaf,ForkJoinPool-102-worker-2,6,36,2,22,10500,89500,500,32500,216,20300,1786683659622
IMPLOG,leaf,ForkJoinPool-102-worker-1,6,36,2,22,800,88900,500,32900,197,18900,1786683659622
IMPLOG,leaf,ForkJoinPool-102-worker-3,6,36,2,22,800,89300,500,32300,214,19500,1786683659622
IMPLOG,leaf,ForkJoinPool-102-worker-4,6,36,2,22,800,90200,500,32600,209,19900,1786683659622
IMPLOG,leaf,ForkJoinPool-102-worker-5,6,36,2,22,800,84300,500,33900,137,14300,1786683659622
IMPLOG,leaf,ForkJoinPool-102-worker-6,6,36,2,22,700,69300,500,27600,176,14800,1786683659622
IMPLOG,leaf,ForkJoinPool-102-worker-2,6,36,2,22,800,88800,500,31700,204,20500,1786683659622
IMPLOG,leaf,ForkJoinPool-102-worker-1,6,36,2,22,800,91500,500,34200,222,22100,1786683659622
IMPLOG,leaf,ForkJoinPool-102-worker-3,6,36,2,22,800,89700,500,32000,209,20200,1786683659622
IMPLOG,leaf,ForkJoinPool-102-worker-4,6,36,2,22,1200,90900,500,33300,206,20200,1786683659622
IMPLOG,leaf,ForkJoinPool-102-worker-5,6,36,2,22,1000,90400,500,34500,197,19100,1786683659622
IMPLOG,leaf,ForkJoinPool-102-worker-6,6,36,2,22,700,103400,600,41600,198,19400,1786683659622
IMPLOG,leaf,ForkJoinPool-102-worker-2,6,36,2,22,2400,88000,500,33900,190,18800,1786683659622
IMPLOG,leaf,ForkJoinPool-102-worker-3,6,36,2,22,800,89900,500,33200,210,20200,1786683659622
IMPLOG,leaf,ForkJoinPool-102-worker-1,6,36,2,22,900,90300,500,33200,209,20700,1786683659622
IMPLOG,leaf,ForkJoinPool-102-worker-4,6,36,2,22,6400,87300,500,32600,207,19900,1786683659622
IMPLOG,leaf,ForkJoinPool-102-worker-5,6,36,2,22,700,63600,500,22100,184,14600,1786683659622
IMPLOG,scan,main,6,36,2,22,670700,1786683659622
IMPLOG,leaf,ForkJoinPool-102-worker-3,6,36,2,23,700,59100,500,22600,178,14200,1786683659622
IMPLOG,leaf,ForkJoinPool-102-worker-2,6,36,2,23,1200,100900,600,36400,211,18900,1786683659622
IMPLOG,leaf,ForkJoinPool-102-worker-1,6,36,2,23,900,91400,500,32300,221,21800,1786683659622
IMPLOG,leaf,ForkJoinPool-102-worker-5,6,36,2,23,800,100600,600,39200,179,17300,1786683659622
IMPLOG,leaf,ForkJoinPool-102-worker-4,6,36,2,23,1000,108900,600,39800,270,25300,1786683659622
IMPLOG,leaf,ForkJoinPool-102-worker-6,6,36,2,23,900,109900,600,40200,255,24800,1786683659622
IMPLOG,leaf,ForkJoinPool-102-worker-3,6,36,2,23,400,60000,500,19500,201,14700,1786683659622
IMPLOG,leaf,ForkJoinPool-102-worker-1,6,36,2,23,800,89900,500,32200,207,21700,1786683659622
IMPLOG,leaf,ForkJoinPool-102-worker-5,6,36,2,23,700,87700,500,34600,171,17300,1786683659622
IMPLOG,leaf,ForkJoinPool-102-worker-2,6,36,2,23,1000,103400,600,39700,231,21000,1786683659622
IMPLOG,leaf,ForkJoinPool-102-worker-3,6,36,2,23,500,73000,600,24700,257,19000,1786683659622
IMPLOG,leaf,ForkJoinPool-102-worker-4,6,36,2,23,900,108500,600,38800,252,24400,1786683659622
IMPLOG,leaf,ForkJoinPool-102-worker-6,6,36,2,23,800,105300,600,44100,201,22100,1786683659622
IMPLOG,leaf,ForkJoinPool-102-worker-3,6,36,2,23,500,72400,600,23700,236,17900,1786683659623
IMPLOG,leaf,ForkJoinPool-102-worker-2,6,36,2,23,900,86400,500,32900,186,17000,1786683659622
IMPLOG,leaf,ForkJoinPool-102-worker-1,6,36,2,23,800,93500,500,36100,207,20500,1786683659622
IMPLOG,leaf,ForkJoinPool-102-worker-5,6,36,2,23,4900,106900,600,39300,241,23400,1786683659622
IMPLOG,leaf,ForkJoinPool-102-worker-4,6,36,2,23,800,88600,500,33100,188,19100,1786683659623
IMPLOG,leaf,ForkJoinPool-102-worker-6,6,36,2,23,700,85600,500,33200,168,15900,1786683659623
IMPLOG,leaf,ForkJoinPool-102-worker-3,6,36,2,23,400,60500,500,21000,210,15200,1786683659623
IMPLOG,leaf,ForkJoinPool-102-worker-2,6,36,2,23,1000,87500,500,33000,199,17800,1786683659623
IMPLOG,leaf,ForkJoinPool-102-worker-1,6,36,2,23,800,91600,500,32100,213,21000,1786683659623
IMPLOG,leaf,ForkJoinPool-102-worker-5,6,36,2,23,800,89200,500,32200,201,19500,1786683659623
IMPLOG,leaf,ForkJoinPool-102-worker-6,6,36,2,23,800,86700,500,34500,151,15900,1786683659623
IMPLOG,leaf,ForkJoinPool-102-worker-4,6,36,2,23,800,91100,500,33300,215,21100,1786683659623
IMPLOG,leaf,ForkJoinPool-102-worker-3,6,36,2,23,400,59900,500,20400,192,14400,1786683659623
IMPLOG,leaf,ForkJoinPool-102-worker-2,6,36,2,23,900,86500,500,31500,202,18000,1786683659623
IMPLOG,leaf,ForkJoinPool-102-worker-3,6,36,2,23,400,60800,500,21600,222,15900,1786683659623
IMPLOG,leaf,ForkJoinPool-102-worker-6,6,36,2,23,2700,61800,500,23200,176,14700,1786683659623
IMPLOG,leaf,ForkJoinPool-102-worker-1,6,36,2,23,800,89700,500,34600,195,20000,1786683659623
IMPLOG,leaf,ForkJoinPool-102-worker-5,6,36,2,23,800,88900,500,32900,207,20000,1786683659623
IMPLOG,leaf,ForkJoinPool-102-worker-3,6,36,2,23,500,82000,500,29700,194,17000,1786683659623
IMPLOG,leaf,ForkJoinPool-102-worker-2,6,36,2,23,900,85400,500,29000,200,17600,1786683659623
IMPLOG,leaf,ForkJoinPool-102-worker-1,6,36,2,23,800,90300,500,32200,205,19000,1786683659623
IMPLOG,leaf,ForkJoinPool-102-worker-6,6,36,2,23,900,81600,500,28600,207,18900,1786683659623
IMPLOG,leaf,ForkJoinPool-102-worker-5,6,36,2,23,800,87600,500,33900,190,17700,1786683659623
IMPLOG,scan,main,6,36,2,23,634600,1786683659622
IMPLOG,leaf,ForkJoinPool-102-worker-4,6,36,2,24,600,60500,500,18500,207,15100,1786683659623
IMPLOG,leaf,ForkJoinPool-102-worker-2,6,36,2,24,1000,103700,600,39900,211,21100,1786683659623
IMPLOG,leaf,ForkJoinPool-102-worker-5,6,36,2,24,900,91700,500,33900,222,21300,1786683659623
IMPLOG,leaf,ForkJoinPool-102-worker-1,6,36,2,24,800,101200,600,40500,179,17800,1786683659623
IMPLOG,leaf,ForkJoinPool-102-worker-6,6,36,2,24,900,110300,600,40300,269,25900,1786683659623
IMPLOG,leaf,ForkJoinPool-102-worker-3,6,36,2,24,1200,108000,600,37600,257,23400,1786683659623
IMPLOG,leaf,ForkJoinPool-102-worker-4,6,36,2,24,400,72700,600,23200,252,17900,1786683659623
IMPLOG,leaf,ForkJoinPool-102-worker-5,6,36,2,24,700,92000,500,33000,207,20300,1786683659623
IMPLOG,leaf,ForkJoinPool-102-worker-2,6,36,2,24,800,105700,600,39000,231,22500,1786683659623
IMPLOG,leaf,ForkJoinPool-102-worker-1,6,36,2,24,900,86900,500,35500,171,16800,1786683659623
IMPLOG,leaf,ForkJoinPool-102-worker-6,6,36,2,24,2200,87700,500,35000,178,17700,1786683659623
IMPLOG,leaf,ForkJoinPool-102-worker-4,6,36,2,24,500,61300,500,21600,201,14600,1786683659623
IMPLOG,leaf,ForkJoinPool-102-worker-3,6,36,2,24,900,102800,600,39200,201,18800,1786683659623
IMPLOG,leaf,ForkJoinPool-102-worker-4,6,36,2,24,500,60300,500,21300,195,14800,1786683659623
IMPLOG,leaf,ForkJoinPool-102-worker-2,6,36,2,24,800,86300,500,32500,186,17300,1786683659623
IMPLOG,leaf,ForkJoinPool-102-worker-1,6,36,2,24,800,88200,500,35100,188,17500,1786683659623
IMPLOG,leaf,ForkJoinPool-102-worker-6,6,36,2,24,800,90900,500,34200,213,19400,1786683659623
IMPLOG,leaf,ForkJoinPool-102-worker-5,6,36,2,24,1300,107400,600,40400,257,23400,1786683659623
IMPLOG,leaf,ForkJoinPool-102-worker-3,6,36,2,24,1000,86100,500,34600,168,15700,1786683659623
IMPLOG,leaf,ForkJoinPool-102-worker-4,6,36,2,24,400,59900,500,20900,200,14600,1786683659623
IMPLOG,leaf,ForkJoinPool-102-worker-2,6,36,2,24,800,87700,500,33600,199,17700,1786683659623
IMPLOG,leaf,ForkJoinPool-102-worker-1,6,36,2,24,700,91400,500,34400,215,21000,1786683659623
IMPLOG,leaf,ForkJoinPool-102-worker-6,6,36,2,24,2000,86900,500,35800,152,15600,1786683659623
IMPLOG,leaf,ForkJoinPool-102-worker-4,6,36,2,24,500,60600,500,22200,207,15400,1786683659623
IMPLOG,leaf,ForkJoinPool-102-worker-3,6,36,2,24,900,88300,500,33700,176,16500,1786683659623
IMPLOG,leaf,ForkJoinPool-102-worker-5,6,36,2,24,1200,106200,600,39900,236,23200,1786683659623
IMPLOG,leaf,ForkJoinPool-102-worker-4,6,36,2,24,400,59300,500,20700,190,13700,1786683659623
IMPLOG,leaf,ForkJoinPool-102-worker-2,6,36,2,24,900,82900,500,30500,202,17700,1786683659623
IMPLOG,leaf,ForkJoinPool-102-worker-1,6,36,2,24,700,90400,500,33600,205,19500,1786683659623
IMPLOG,leaf,ForkJoinPool-102-worker-5,6,36,2,24,800,90100,500,32000,210,20400,1786683659623
IMPLOG,leaf,ForkJoinPool-102-worker-3,6,36,2,24,1000,88300,500,33600,192,18600,1786683659623
IMPLOG,leaf,ForkJoinPool-102-worker-6,6,36,2,24,1100,105500,600,38400,242,22500,1786683659623
IMPLOG,leaf,ForkJoinPool-102-worker-2,6,36,2,24,800,78700,500,27100,220,19000,1786683659623
IMPLOG,leaf,ForkJoinPool-102-worker-4,6,36,2,24,500,59600,500,22400,195,14100,1786683659623
IMPLOG,leaf,ForkJoinPool-102-worker-1,6,36,2,24,800,89500,500,33300,206,19500,1786683659623
IMPLOG,leaf,ForkJoinPool-102-worker-5,6,36,2,24,1200,82700,500,29700,201,17600,1786683659623
IMPLOG,scan,main,6,36,2,24,631500,1786683659623
IMPLOG,leaf,ForkJoinPool-102-worker-3,6,36,2,25,500,61600,500,19000,222,16400,1786683659624
IMPLOG,leaf,ForkJoinPool-102-worker-2,6,36,2,25,1100,102800,600,37400,211,20000,1786683659624
IMPLOG,leaf,ForkJoinPool-102-worker-4,6,36,2,25,900,100700,600,40000,179,17300,1786683659624
IMPLOG,leaf,ForkJoinPool-102-worker-1,6,36,2,25,900,108300,600,40400,257,24700,1786683659624
IMPLOG,leaf,ForkJoinPool-102-worker-6,6,36,2,25,5800,111800,600,40700,269,25800,1786683659624
IMPLOG,leaf,ForkJoinPool-102-worker-5,6,36,2,25,1000,110400,600,39600,257,26400,1786683659624
IMPLOG,leaf,ForkJoinPool-102-worker-3,6,36,2,25,500,60900,500,21500,207,15300,1786683659624
IMPLOG,leaf,ForkJoinPool-102-worker-2,6,36,2,25,1000,101700,600,36600,231,21400,1786683659624
IMPLOG,leaf,ForkJoinPool-102-worker-4,6,36,2,25,800,87000,500,33000,171,16800,1786683659624
IMPLOG,leaf,ForkJoinPool-102-worker-3,6,36,2,25,4700,60100,500,20400,207,15400,1786683659624
IMPLOG,leaf,ForkJoinPool-102-worker-1,6,36,2,25,800,106100,600,39800,236,22700,1786683659624
IMPLOG,leaf,ForkJoinPool-102-worker-5,6,36,2,25,1100,105200,600,41700,203,20400,1786683659624
IMPLOG,leaf,ForkJoinPool-102-worker-6,6,36,2,25,700,109400,600,41500,252,24300,1786683659624
IMPLOG,leaf,ForkJoinPool-102-worker-3,6,36,2,25,400,59800,500,22900,189,14400,1786683659624
IMPLOG,leaf,ForkJoinPool-102-worker-4,6,36,2,25,700,87600,500,33000,178,18000,1786683659624
IMPLOG,leaf,ForkJoinPool-102-worker-2,6,36,2,25,14400,85000,500,30900,186,16700,1786683659624
IMPLOG,leaf,ForkJoinPool-102-worker-1,6,36,2,25,800,89600,500,33200,210,20000,1786683659624
IMPLOG,leaf,ForkJoinPool-102-worker-5,6,36,2,25,800,88200,500,34900,168,17700,1786683659624
IMPLOG,leaf,ForkJoinPool-102-worker-6,6,36,2,25,800,92000,500,35600,213,20900,1786683659624
IMPLOG,leaf,ForkJoinPool-102-worker-3,6,36,2,25,400,61500,500,22700,215,15300,1786683659624
IMPLOG,leaf,ForkJoinPool-102-worker-4,6,36,2,25,700,89100,500,33700,201,19900,1786683659624
IMPLOG,leaf,ForkJoinPool-102-worker-3,6,36,2,25,500,59900,500,20600,176,14400,1786683659624
IMPLOG,leaf,ForkJoinPool-102-worker-2,6,36,2,25,2800,86900,500,30900,199,17300,1786683659624
IMPLOG,leaf,ForkJoinPool-102-worker-1,6,36,2,25,700,88400,500,34200,194,19200,1786683659624
IMPLOG,leaf,ForkJoinPool-102-worker-5,6,36,2,25,800,86800,500,34900,153,16000,1786683659624
IMPLOG,leaf,ForkJoinPool-102-worker-6,6,36,2,25,700,89100,500,32800,195,19100,1786683659624
IMPLOG,leaf,ForkJoinPool-102-worker-4,6,36,2,25,800,89300,500,33600,200,19900,1786683659624
IMPLOG,leaf,ForkJoinPool-102-worker-2,6,36,2,25,900,87600,500,31800,202,19300,1786683659624
IMPLOG,leaf,ForkJoinPool-102-worker-1,6,36,2,25,800,91400,500,33200,222,22500,1786683659624
IMPLOG,leaf,ForkJoinPool-102-worker-3,6,36,2,25,1100,91100,500,34100,205,19800,1786683659624
IMPLOG,leaf,ForkJoinPool-102-worker-5,6,36,2,25,900,88400,500,32900,190,18400,1786683659624
IMPLOG,leaf,ForkJoinPool-102-worker-6,6,36,2,25,1400,72900,600,26600,242,18500,1786683659624
IMPLOG,leaf,ForkJoinPool-102-worker-4,6,36,2,25,800,71100,500,27400,207,17600,1786683659624
IMPLOG,leaf,ForkJoinPool-102-worker-2,6,36,2,25,2500,87600,500,29800,206,18400,1786683659624
IMPLOG,leaf,ForkJoinPool-102-worker-5,6,36,2,25,700,62900,500,22100,201,15600,1786683659624
IMPLOG,leaf,ForkJoinPool-102-worker-6,6,36,2,25,500,61900,500,20700,195,15000,1786683659624
IMPLOG,scan,main,6,36,2,25,635600,1786683659624
IMPLOG,leaf,ForkJoinPool-102-worker-4,6,36,2,26,600,60400,500,20700,189,14600,1786683659624
IMPLOG,leaf,ForkJoinPool-102-worker-2,6,36,2,26,3900,103600,600,39900,211,20400,1786683659624
IMPLOG,leaf,ForkJoinPool-102-worker-1,6,36,2,26,900,110200,600,39600,269,26100,1786683659624
IMPLOG,leaf,ForkJoinPool-102-worker-5,6,36,2,26,900,107200,600,38200,257,24600,1786683659624
IMPLOG,leaf,ForkJoinPool-102-worker-6,6,36,2,26,1000,108700,600,40500,257,24200,1786683659624
IMPLOG,leaf,ForkJoinPool-102-worker-3,6,36,2,26,900,107700,600,40700,242,23500,1786683659624
IMPLOG,leaf,ForkJoinPool-102-worker-4,6,36,2,26,400,61800,500,21200,218,15700,1786683659624
IMPLOG,leaf,ForkJoinPool-102-worker-2,6,36,2,26,900,104800,600,37700,231,22000,1786683659624
IMPLOG,leaf,ForkJoinPool-102-worker-4,6,36,2,26,700,61700,500,20900,213,16200,1786683659624
IMPLOG,leaf,ForkJoinPool-102-worker-3,6,36,2,26,1000,89600,500,33500,201,19100,1786683659624
IMPLOG,leaf,ForkJoinPool-102-worker-1,6,36,2,26,700,108500,600,40200,253,24100,1786683659624
IMPLOG,leaf,ForkJoinPool-102-worker-5,6,36,2,26,700,104700,600,38700,236,21500,1786683659624
IMPLOG,leaf,ForkJoinPool-102-worker-6,6,36,2,26,800,104300,600,40600,203,19900,1786683659624
IMPLOG,leaf,ForkJoinPool-102-worker-4,6,36,2,26,500,59100,500,19700,193,14100,1786683659624
IMPLOG,leaf,ForkJoinPool-102-worker-2,6,36,2,26,2500,87200,500,32000,186,17500,1786683659624
IMPLOG,leaf,ForkJoinPool-102-worker-3,6,36,2,26,800,88200,500,31500,206,18700,1786683659624
IMPLOG,leaf,ForkJoinPool-102-worker-1,6,36,2,26,800,90000,500,33900,207,20100,1786683659624
IMPLOG,leaf,ForkJoinPool-102-worker-6,6,36,2,26,900,86400,500,34400,168,16100,1786683659624
IMPLOG,leaf,ForkJoinPool-102-worker-5,6,36,2,26,6300,89700,500,32300,210,19500,1786683659624
IMPLOG,leaf,ForkJoinPool-102-worker-4,6,36,2,26,600,60500,500,21400,153,12800,1786683659624
IMPLOG,leaf,ForkJoinPool-102-worker-2,6,36,2,26,800,89000,500,33800,199,19100,1786683659625
IMPLOG,leaf,ForkJoinPool-102-worker-3,6,36,2,26,800,89000,500,33300,195,18100,1786683659625
IMPLOG,leaf,ForkJoinPool-102-worker-6,6,36,2,26,800,88000,500,34200,176,16700,1786683659625
IMPLOG,leaf,ForkJoinPool-102-worker-1,6,36,2,26,800,92700,500,33200,222,21900,1786683659625
IMPLOG,leaf,ForkJoinPool-102-worker-5,6,36,2,26,800,88500,500,34300,194,18100,1786683659625
IMPLOG,leaf,ForkJoinPool-102-worker-2,6,36,2,26,800,89000,500,33900,202,20400,1786683659625
IMPLOG,leaf,ForkJoinPool-102-worker-3,6,36,2,26,900,102300,600,40600,179,18600,1786683659625
IMPLOG,leaf,ForkJoinPool-102-worker-1,6,36,2,26,800,90800,500,34300,207,20400,1786683659625
IMPLOG,leaf,ForkJoinPool-102-worker-5,6,36,2,26,800,91300,500,33900,222,20800,1786683659625
IMPLOG,leaf,ForkJoinPool-102-worker-4,6,36,2,26,800,89600,500,33600,200,18500,1786683659625
IMPLOG,leaf,ForkJoinPool-102-worker-6,6,36,2,26,900,89500,500,33700,179,18200,1786683659625
IMPLOG,leaf,ForkJoinPool-102-worker-2,6,36,2,26,1100,68800,500,24700,171,13900,1786683659625
IMPLOG,leaf,ForkJoinPool-102-worker-3,6,36,2,26,800,91400,500,33700,205,19600,1786683659625
IMPLOG,leaf,ForkJoinPool-102-worker-5,6,36,2,26,800,89800,500,34600,201,19400,1786683659625
IMPLOG,leaf,ForkJoinPool-102-worker-4,6,36,2,26,700,89900,500,34400,207,20000,1786683659625
IMPLOG,leaf,ForkJoinPool-102-worker-6,6,36,2,26,800,88400,500,34000,191,18700,1786683659625
IMPLOG,scan,main,6,36,2,26,652200,1786683659624
IMPLOG,leaf,ForkJoinPool-102-worker-2,6,36,2,27,900,99100,600,36500,211,19500,1786683659625
IMPLOG,leaf,ForkJoinPool-102-worker-6,6,36,2,27,2500,88600,500,32900,200,19100,1786683659625
IMPLOG,leaf,ForkJoinPool-102-worker-5,6,36,2,27,800,108200,600,38100,268,24500,1786683659625
IMPLOG,leaf,ForkJoinPool-102-worker-4,6,36,2,27,1800,108900,600,38500,258,24800,1786683659625
IMPLOG,leaf,ForkJoinPool-102-worker-3,6,36,2,27,900,106500,600,40500,235,22000,1786683659625
IMPLOG,leaf,ForkJoinPool-102-worker-1,6,36,2,27,1000,112400,600,41800,257,24300,1786683659625
IMPLOG,leaf,ForkJoinPool-102-worker-2,6,36,2,27,800,103800,600,37800,231,21300,1786683659625
IMPLOG,leaf,ForkJoinPool-102-worker-6,6,36,2,27,900,89700,500,33100,207,20100,1786683659625
IMPLOG,leaf,ForkJoinPool-102-worker-3,6,36,2,27,800,88800,500,33400,202,19400,1786683659625
IMPLOG,leaf,ForkJoinPool-102-worker-5,6,36,2,27,800,107200,600,39300,245,22500,1786683659625
IMPLOG,leaf,ForkJoinPool-102-worker-4,6,36,2,27,900,106200,600,39400,236,23200,1786683659625
IMPLOG,leaf,ForkJoinPool-102-worker-1,6,36,2,27,800,106800,600,40500,206,20800,1786683659625
IMPLOG,leaf,ForkJoinPool-102-worker-2,6,36,2,27,800,87200,500,33100,186,18000,1786683659625
IMPLOG,leaf,ForkJoinPool-102-worker-6,6,36,2,27,700,90300,500,35100,207,19600,1786683659625
IMPLOG,leaf,ForkJoinPool-102-worker-3,6,36,2,27,800,89500,500,32900,206,20100,1786683659625
IMPLOG,leaf,ForkJoinPool-102-worker-5,6,36,2,27,800,90100,500,34800,206,19600,1786683659625
IMPLOG,leaf,ForkJoinPool-102-worker-1,6,36,2,27,900,87700,500,33500,168,16800,1786683659625
IMPLOG,leaf,ForkJoinPool-102-worker-4,6,36,2,27,800,91500,500,33900,211,21500,1786683659625
IMPLOG,leaf,ForkJoinPool-102-worker-2,6,36,2,27,700,87500,500,32500,199,19000,1786683659625
IMPLOG,leaf,ForkJoinPool-102-worker-6,6,36,2,27,800,88200,500,32900,191,18500,1786683659625
IMPLOG,leaf,ForkJoinPool-102-worker-3,6,36,2,27,2500,89000,500,33800,193,19600,1786683659625
IMPLOG,leaf,ForkJoinPool-102-worker-5,6,36,2,27,800,91000,500,35100,203,20400,1786683659625
IMPLOG,leaf,ForkJoinPool-102-worker-1,6,36,2,27,800,86500,500,34500,162,15400,1786683659625
IMPLOG,leaf,ForkJoinPool-102-worker-4,6,36,2,27,800,89500,500,33400,194,19100,1786683659625
IMPLOG,leaf,ForkJoinPool-102-worker-6,6,36,2,27,800,73400,500,23700,222,18300,1786683659625
IMPLOG,leaf,ForkJoinPool-102-worker-2,6,36,2,27,800,88300,500,32800,202,19400,1786683659625
IMPLOG,leaf,ForkJoinPool-102-worker-5,6,36,2,27,800,89400,500,33200,199,18300,1786683659625
IMPLOG,leaf,ForkJoinPool-102-worker-1,6,36,2,27,800,86900,500,33700,166,16400,1786683659625
IMPLOG,leaf,ForkJoinPool-102-worker-3,6,36,2,27,800,102400,600,41700,179,17700,1786683659625
IMPLOG,leaf,ForkJoinPool-102-worker-6,6,36,2,27,500,59700,500,20200,189,13800,1786683659625
IMPLOG,leaf,ForkJoinPool-102-worker-2,6,36,2,27,800,88300,500,34900,186,18900,1786683659625
IMPLOG,leaf,ForkJoinPool-102-worker-4,6,36,2,27,1000,84500,500,29500,201,18400,1786683659625
IMPLOG,leaf,ForkJoinPool-102-worker-1,6,36,2,27,800,77900,500,31300,165,15600,1786683659625
IMPLOG,leaf,ForkJoinPool-102-worker-5,6,36,2,27,700,91900,500,32100,213,21900,1786683659625
IMPLOG,leaf,ForkJoinPool-102-worker-6,6,36,2,27,400,65900,500,23600,216,16600,1786683659625
IMPLOG,leaf,ForkJoinPool-102-worker-3,6,36,2,27,2200,89000,500,33900,186,18300,1786683659625
IMPLOG,scan,main,6,36,2,27,643100,1786683659625
IMPLOG,leaf,ForkJoinPool-102-worker-4,6,36,2,28,700,61100,500,20000,204,15000,1786683659626
IMPLOG,leaf,ForkJoinPool-102-worker-2,6,36,2,28,900,105800,600,39500,235,22000,1786683659626
IMPLOG,leaf,ForkJoinPool-102-worker-5,6,36,2,28,900,109500,600,38200,268,25500,1786683659626
IMPLOG,leaf,ForkJoinPool-102-worker-1,6,36,2,28,1100,104500,600,38600,258,22700,1786683659626
IMPLOG,leaf,ForkJoinPool-102-worker-3,6,36,2,28,900,108100,600,40400,259,23400,1786683659626
IMPLOG,leaf,ForkJoinPool-102-worker-6,6,36,2,28,1000,103600,600,40200,207,20700,1786683659626
IMPLOG,leaf,ForkJoinPool-102-worker-4,6,36,2,28,500,60800,500,19400,211,15200,1786683659626
IMPLOG,leaf,ForkJoinPool-102-worker-4,6,36,2,28,400,60100,500,21500,207,13900,1786683659626
IMPLOG,leaf,ForkJoinPool-102-worker-2,6,36,2,28,900,105900,600,39600,242,23100,1786683659626
IMPLOG,leaf,ForkJoinPool-102-worker-6,6,36,2,28,700,85600,500,32000,179,16800,1786683659626
IMPLOG,leaf,ForkJoinPool-102-worker-5,6,36,2,28,800,107100,600,39400,250,24200,1786683659626
IMPLOG,leaf,ForkJoinPool-102-worker-3,6,36,2,28,14400,105100,600,39800,211,20400,1786683659626
IMPLOG,leaf,ForkJoinPool-102-worker-1,6,36,2,28,19800,107000,600,37100,254,22600,1786683659626
IMPLOG,leaf,ForkJoinPool-102-worker-4,6,36,2,28,400,59300,500,21500,207,14200,1786683659626
IMPLOG,leaf,ForkJoinPool-102-worker-6,6,36,2,28,800,88100,500,33600,197,18800,1786683659626
IMPLOG,leaf,ForkJoinPool-102-worker-2,6,36,2,28,7700,87000,500,31600,192,17500,1786683659626
IMPLOG,leaf,ForkJoinPool-102-worker-5,6,36,2,28,800,88600,500,33200,208,19700,1786683659626
IMPLOG,leaf,ForkJoinPool-102-worker-4,6,36,2,28,400,60400,500,19300,208,15200,1786683659626
IMPLOG,leaf,ForkJoinPool-102-worker-3,6,36,2,28,6300,86300,500,34500,168,16200,1786683659626
IMPLOG,leaf,ForkJoinPool-102-worker-1,6,36,2,28,9600,87300,500,30500,211,18700,1786683659626
IMPLOG,leaf,ForkJoinPool-102-worker-4,6,36,2,28,500,60800,500,19900,222,16700,1786683659626
IMPLOG,leaf,ForkJoinPool-102-worker-6,6,36,2,28,800,89300,500,32600,209,20000,1786683659626
IMPLOG,leaf,ForkJoinPool-102-worker-2,6,36,2,28,800,88000,500,32600,209,19400,1786683659626
IMPLOG,leaf,ForkJoinPool-102-worker-5,6,36,2,28,800,88900,500,31900,203,19800,1786683659626
IMPLOG,leaf,ForkJoinPool-102-worker-3,6,36,2,28,2100,87000,500,35000,162,16400,1786683659626
IMPLOG,leaf,ForkJoinPool-102-worker-4,6,36,2,28,7200,60300,500,21100,204,14900,1786683659626
IMPLOG,leaf,ForkJoinPool-102-worker-6,6,36,2,28,800,89600,500,34300,194,20000,1786683659626
IMPLOG,leaf,ForkJoinPool-102-worker-2,6,36,2,28,2200,88400,500,32400,203,20000,1786683659626
IMPLOG,leaf,ForkJoinPool-102-worker-5,6,36,2,28,800,90100,500,31500,213,21000,1786683659626
IMPLOG,leaf,ForkJoinPool-102-worker-1,6,36,2,28,1100,105900,600,38500,252,23100,1786683659626
IMPLOG,leaf,ForkJoinPool-102-worker-3,6,36,2,28,700,87500,500,34000,166,17000,1786683659626
IMPLOG,leaf,ForkJoinPool-102-worker-4,6,36,2,28,600,58200,500,20300,190,14600,1786683659626
IMPLOG,leaf,ForkJoinPool-102-worker-2,6,36,2,28,2100,64900,500,21900,209,16300,1786683659626
IMPLOG,leaf,ForkJoinPool-102-worker-6,6,36,2,28,800,77100,500,28500,216,18300,1786683659626
IMPLOG,leaf,ForkJoinPool-102-worker-4,6,36,2,28,2200,60800,500,19400,208,15400,1786683659626
IMPLOG,leaf,ForkJoinPool-102-worker-1,6,36,2,28,3000,88000,500,32300,208,19900,1786683659626
IMPLOG,scan,main,6,36,2,28,631700,1786683659626
IMPLOG,leaf,ForkJoinPool-102-worker-6,6,36,2,29,600,73000,600,24700,259,18900,1786683659626
IMPLOG,leaf,ForkJoinPool-102-worker-2,6,36,2,29,900,103200,600,39900,235,21000,1786683659626
IMPLOG,leaf,ForkJoinPool-102-worker-3,6,36,2,29,2900,89400,500,32500,204,20100,1786683659626
IMPLOG,leaf,ForkJoinPool-102-worker-1,6,36,2,29,2500,108900,600,39000,268,25900,1786683659626
IMPLOG,leaf,ForkJoinPool-102-worker-5,6,36,2,29,900,107000,600,39100,258,24700,1786683659626
IMPLOG,leaf,ForkJoinPool-102-worker-4,6,36,2,29,1000,104700,600,36500,252,21800,1786683659626
IMPLOG,leaf,ForkJoinPool-102-worker-6,6,36,2,29,700,69600,600,25600,211,15900,1786683659626
IMPLOG,leaf,ForkJoinPool-102-worker-3,6,36,2,29,800,90200,500,32300,211,19900,1786683659626
IMPLOG,leaf,ForkJoinPool-102-worker-2,6,36,2,29,2500,105600,600,39700,242,21600,1786683659626
IMPLOG,leaf,ForkJoinPool-102-worker-4,6,36,2,29,2800,87200,500,31100,208,18100,1786683659626
IMPLOG,leaf,ForkJoinPool-102-worker-6,6,36,2,29,400,57100,500,22000,168,12000,1786683659626
IMPLOG,leaf,ForkJoinPool-102-worker-1,6,36,2,29,800,107900,600,40100,251,24900,1786683659626
IMPLOG,leaf,ForkJoinPool-102-worker-5,6,36,2,29,1000,107400,600,39800,254,23900,1786683659626
IMPLOG,leaf,ForkJoinPool-102-worker-6,6,36,2,29,700,56900,500,21900,161,12700,1786683659626
IMPLOG,leaf,ForkJoinPool-102-worker-3,6,36,2,29,2300,88900,500,33500,207,20100,1786683659626
IMPLOG,leaf,ForkJoinPool-102-worker-2,6,36,2,29,2100,87900,500,32700,192,18400,1786683659626
IMPLOG,leaf,ForkJoinPool-102-worker-4,6,36,2,29,3000,88000,500,31900,210,18900,1786683659626
IMPLOG,leaf,ForkJoinPool-102-worker-1,6,36,2,29,2200,89200,500,32400,208,20100,1786683659626
IMPLOG,leaf,ForkJoinPool-102-worker-5,6,36,2,29,700,88800,500,32700,211,20700,1786683659626
IMPLOG,leaf,ForkJoinPool-102-worker-6,6,36,2,29,400,57800,500,22600,166,12900,1786683659626
IMPLOG,leaf,ForkJoinPool-102-worker-3,6,36,2,29,800,88500,500,33700,207,19600,1786683659626
IMPLOG,leaf,ForkJoinPool-102-worker-2,6,36,2,29,800,88500,500,32500,209,19000,1786683659626
IMPLOG,leaf,ForkJoinPool-102-worker-4,6,36,2,29,900,86700,500,33600,208,19400,1786683659626
IMPLOG,leaf,ForkJoinPool-102-worker-6,6,36,2,29,500,62200,500,21800,194,15200,1786683659626
IMPLOG,leaf,ForkJoinPool-102-worker-1,6,36,2,29,800,89000,500,33300,203,18800,1786683659626
IMPLOG,leaf,ForkJoinPool-102-worker-5,6,36,2,29,7500,89800,500,34800,208,20200,1786683659626
IMPLOG,leaf,ForkJoinPool-102-worker-3,6,36,2,29,2200,73900,500,26000,222,18500,1786683659627
IMPLOG,leaf,ForkJoinPool-102-worker-6,6,36,2,29,900,60300,500,21800,216,15700,1786683659627
IMPLOG,leaf,ForkJoinPool-102-worker-2,6,36,2,29,2200,86700,500,31400,203,18700,1786683659627
IMPLOG,leaf,ForkJoinPool-102-worker-4,6,36,2,29,3200,101800,600,39100,207,17100,1786683659627
IMPLOG,leaf,ForkJoinPool-102-worker-1,6,36,2,29,2400,89200,500,32700,204,19000,1786683659627
IMPLOG,leaf,ForkJoinPool-102-worker-6,6,36,2,29,500,59900,500,20800,213,15800,1786683659627
IMPLOG,leaf,ForkJoinPool-102-worker-2,6,36,2,29,800,68200,500,25400,179,14800,1786683659627
IMPLOG,leaf,ForkJoinPool-102-worker-3,6,36,2,29,2000,89000,500,33300,197,19400,1786683659627
IMPLOG,leaf,ForkJoinPool-102-worker-5,6,36,2,29,2200,89500,500,33100,209,20200,1786683659627
IMPLOG,leaf,ForkJoinPool-102-worker-4,6,36,2,29,900,86900,500,31900,190,17400,1786683659627
IMPLOG,scan,main,6,36,2,29,626300,1786683659626
IMPLOG,leaf,ForkJoinPool-102-worker-2,6,36,2,30,800,104300,600,36800,255,24700,1786683659627
IMPLOG,leaf,ForkJoinPool-102-worker-5,6,36,2,30,2900,71400,600,26000,224,17000,1786683659627
IMPLOG,leaf,ForkJoinPool-102-worker-1,6,36,2,30,3100,105900,600,36700,268,23700,1786683659627
IMPLOG,leaf,ForkJoinPool-102-worker-6,6,36,2,30,1000,106500,600,38700,258,23900,1786683659627
IMPLOG,leaf,ForkJoinPool-102-worker-4,6,36,2,30,2300,107200,600,38400,253,23500,1786683659627
IMPLOG,leaf,ForkJoinPool-102-worker-3,6,36,2,30,900,107300,600,39200,259,23700,1786683659627
IMPLOG,leaf,ForkJoinPool-102-worker-5,6,36,2,30,500,57700,500,20800,179,12900,1786683659627
IMPLOG,leaf,ForkJoinPool-102-worker-2,6,36,2,30,2100,106900,600,40100,255,23200,1786683659627
IMPLOG,leaf,ForkJoinPool-102-worker-4,6,36,2,30,2300,89600,500,32700,213,20200,1786683659627
IMPLOG,leaf,ForkJoinPool-102-worker-1,6,36,2,30,1000,106200,600,37200,262,22700,1786683659627
IMPLOG,leaf,ForkJoinPool-102-worker-6,6,36,2,30,1100,108100,600,38800,258,24200,1786683659627
IMPLOG,leaf,ForkJoinPool-102-worker-5,6,36,2,30,1600,59100,500,20800,194,13800,1786683659627
IMPLOG,leaf,ForkJoinPool-102-worker-3,6,36,2,30,2100,107300,600,40200,237,22200,1786683659627
IMPLOG,leaf,ForkJoinPool-102-worker-5,6,36,2,30,500,60400,500,21500,218,15800,1786683659627
IMPLOG,leaf,ForkJoinPool-102-worker-2,6,36,2,30,800,89200,500,32400,209,19700,1786683659627
IMPLOG,leaf,ForkJoinPool-102-worker-4,6,36,2,30,800,89900,500,31900,217,20700,1786683659627
IMPLOG,leaf,ForkJoinPool-102-worker-1,6,36,2,30,2800,88600,500,30900,214,20100,1786683659627
IMPLOG,leaf,ForkJoinPool-102-worker-6,6,36,2,30,800,88500,500,31000,211,20700,1786683659627
IMPLOG,leaf,ForkJoinPool-102-worker-3,6,36,2,30,800,89100,500,34800,194,19200,1786683659627
IMPLOG,leaf,ForkJoinPool-102-worker-5,6,36,2,30,1900,60400,500,19500,221,16200,1786683659627
IMPLOG,leaf,ForkJoinPool-102-worker-2,6,36,2,30,2200,89100,500,31700,226,21100,1786683659627
IMPLOG,leaf,ForkJoinPool-102-worker-4,6,36,2,30,2200,89900,500,31100,217,21300,1786683659627
IMPLOG,leaf,ForkJoinPool-102-worker-1,6,36,2,30,1000,89200,500,33000,217,18900,1786683659627
IMPLOG,leaf,ForkJoinPool-102-worker-5,6,36,2,30,400,58000,500,19500,197,13300,1786683659627
IMPLOG,leaf,ForkJoinPool-102-worker-3,6,36,2,30,800,88300,500,35300,190,18400,1786683659627
IMPLOG,leaf,ForkJoinPool-102-worker-6,6,36,2,30,8900,89000,500,33100,212,20700,1786683659627
IMPLOG,leaf,ForkJoinPool-102-worker-5,6,36,2,30,400,60200,500,19600,219,16000,1786683659627
IMPLOG,leaf,ForkJoinPool-102-worker-2,6,36,2,30,800,88800,500,32700,209,19900,1786683659627
IMPLOG,leaf,ForkJoinPool-102-worker-4,6,36,2,30,800,89100,500,32400,210,19100,1786683659627
IMPLOG,leaf,ForkJoinPool-102-worker-1,6,36,2,30,2600,89300,500,31300,216,20400,1786683659627
IMPLOG,leaf,ForkJoinPool-102-worker-6,6,36,2,30,800,89700,500,32900,222,21100,1786683659627
IMPLOG,leaf,ForkJoinPool-102-worker-3,6,36,2,30,2100,89400,500,32800,196,18900,1786683659627
IMPLOG,leaf,ForkJoinPool-102-worker-5,6,36,2,30,1500,58500,500,20800,198,14200,1786683659627
IMPLOG,leaf,ForkJoinPool-102-worker-4,6,36,2,30,2200,73500,500,24800,220,18200,1786683659627
IMPLOG,leaf,ForkJoinPool-102-worker-2,6,36,2,30,2200,91000,500,32900,227,21100,1786683659627
IMPLOG,leaf,ForkJoinPool-102-worker-6,6,36,2,30,2300,85100,500,32300,212,18600,1786683659627
IMPLOG,scan,main,6,36,2,30,635100,1786683659627
IMPLOG,leaf,ForkJoinPool-102-worker-5,6,36,2,31,500,59000,500,18500,197,14200,1786683659627
IMPLOG,leaf,ForkJoinPool-102-worker-2,6,36,2,31,800,106200,600,38600,255,23800,1786683659627
IMPLOG,leaf,ForkJoinPool-102-worker-3,6,36,2,31,1000,89800,500,32200,221,20900,1786683659627
IMPLOG,leaf,ForkJoinPool-102-worker-1,6,36,2,31,2300,105700,600,39700,224,21500,1786683659627
IMPLOG,leaf,ForkJoinPool-102-worker-4,6,36,2,31,3200,122700,600,37300,259,30100,1786683659627
IMPLOG,leaf,ForkJoinPool-102-worker-5,6,36,2,31,1600,67000,500,21100,214,17300,1786683659627
IMPLOG,leaf,ForkJoinPool-102-worker-6,6,36,2,31,2200,168800,600,39500,268,85700,1786683659627
IMPLOG,leaf,ForkJoinPool-102-worker-1,6,36,2,31,800,86700,500,33000,179,16600,1786683659628
IMPLOG,leaf,ForkJoinPool-102-worker-2,6,36,2,31,800,103600,600,37900,255,22800,1786683659628
IMPLOG,leaf,ForkJoinPool-102-worker-3,6,36,2,31,2400,108100,600,39100,261,24500,1786683659628
IMPLOG,leaf,ForkJoinPool-102-worker-5,6,36,2,31,600,77800,500,25900,217,17700,1786683659628
IMPLOG,leaf,ForkJoinPool-102-worker-4,6,36,2,31,1900,88500,600,35000,237,18600,1786683659628
IMPLOG,leaf,ForkJoinPool-102-worker-6,6,36,2,31,800,87200,500,32700,194,18300,1786683659628
IMPLOG,leaf,ForkJoinPool-102-worker-1,6,36,2,31,2600,88300,500,34400,190,19000,1786683659628
IMPLOG,leaf,ForkJoinPool-102-worker-5,6,36,2,31,2300,74300,500,26800,216,16200,1786683659628
IMPLOG,leaf,ForkJoinPool-102-worker-2,6,36,2,31,2300,90700,500,33900,209,20700,1786683659628
IMPLOG,leaf,ForkJoinPool-102-worker-3,6,36,2,31,800,88700,500,32600,218,20800,1786683659628
IMPLOG,leaf,ForkJoinPool-102-worker-4,6,36,2,31,900,85100,500,27800,194,17400,1786683659628
IMPLOG,leaf,ForkJoinPool-102-worker-6,6,36,2,31,2800,88800,500,33500,196,18900,1786683659628
IMPLOG,leaf,ForkJoinPool-102-worker-5,6,36,2,31,600,61100,500,20700,198,15200,1786683659628
IMPLOG,leaf,ForkJoinPool-102-worker-2,6,36,2,31,800,79800,500,28200,226,18300,1786683659628
IMPLOG,leaf,ForkJoinPool-102-worker-3,6,36,2,31,800,98200,600,34200,257,21600,1786683659628
IMPLOG,leaf,ForkJoinPool-102-worker-1,6,36,2,31,800,127300,500,29700,219,20700,1786683659628
IMPLOG,leaf,ForkJoinPool-102-worker-2,6,36,2,31,2100,80300,500,28800,209,18700,1786683659628
IMPLOG,leaf,ForkJoinPool-102-worker-5,6,36,2,31,1100,85900,500,31300,210,19000,1786683659628
IMPLOG,leaf,ForkJoinPool-102-worker-4,6,36,2,31,8700,76900,500,28600,217,18100,1786683659628
IMPLOG,leaf,ForkJoinPool-102-worker-3,6,36,2,31,16300,107600,600,38800,258,23600,1786683659628
IMPLOG,leaf,ForkJoinPool-102-worker-6,6,36,2,31,1300,83100,500,30900,213,18200,1786683659628
IMPLOG,leaf,ForkJoinPool-102-worker-1,6,36,2,31,1200,107200,600,38100,254,23600,1786683659628
IMPLOG,leaf,ForkJoinPool-102-worker-2,6,36,2,31,2300,108800,500,26600,212,46700,1786683659628
IMPLOG,leaf,ForkJoinPool-102-worker-5,6,36,2,31,3000,69900,500,22200,220,16600,1786683659628
IMPLOG,leaf,ForkJoinPool-102-worker-6,6,36,2,31,4400,83300,500,27800,222,18800,1786683659628
IMPLOG,leaf,ForkJoinPool-102-worker-4,6,36,2,31,2300,99900,500,28000,217,18600,1786683659628
IMPLOG,leaf,ForkJoinPool-102-worker-3,6,36,2,31,900,105000,500,29400,211,19200,1786683659628
IMPLOG,leaf,ForkJoinPool-102-worker-2,6,36,2,31,1200,77900,500,27600,226,18200,1786683659628
IMPLOG,leaf,ForkJoinPool-102-worker-5,6,36,2,31,600,82100,500,23300,212,15900,1786683659628
IMPLOG,scan,main,6,36,2,31,730200,1786683659627
IMPLOG,leaf,ForkJoinPool-102-worker-6,6,36,2,32,600,60200,500,19800,217,15300,1786683659628
IMPLOG,leaf,ForkJoinPool-102-worker-2,6,36,2,32,800,102200,600,36500,255,20800,1786683659628
IMPLOG,leaf,ForkJoinPool-102-worker-4,6,36,2,32,2700,89400,500,30700,211,19800,1786683659628
IMPLOG,leaf,ForkJoinPool-102-worker-3,6,36,2,32,4200,106100,600,37300,269,22800,1786683659628
IMPLOG,leaf,ForkJoinPool-102-worker-5,6,36,2,32,900,106700,600,38600,255,23700,1786683659628
IMPLOG,leaf,ForkJoinPool-102-worker-1,6,36,2,32,2400,105700,600,36300,257,24400,1786683659628
IMPLOG,leaf,ForkJoinPool-102-worker-6,6,36,2,32,1800,60700,500,19200,217,14900,1786683659628
IMPLOG,leaf,ForkJoinPool-102-worker-4,6,36,2,32,800,89700,500,32100,220,20400,1786683659628
IMPLOG,leaf,ForkJoinPool-102-worker-6,6,36,2,32,1400,60200,500,19400,212,14600,1786683659628
IMPLOG,leaf,ForkJoinPool-102-worker-2,6,36,2,32,2100,105800,600,38000,255,22700,1786683659628
IMPLOG,leaf,ForkJoinPool-102-worker-5,6,36,2,32,10000,89100,500,32200,213,19500,1786683659628
IMPLOG,leaf,ForkJoinPool-102-worker-3,6,36,2,32,900,106300,600,38300,261,23700,1786683659628
IMPLOG,leaf,ForkJoinPool-102-worker-1,6,36,2,32,800,107500,600,39300,258,24400,1786683659628
IMPLOG,leaf,ForkJoinPool-102-worker-6,6,36,2,32,500,60200,500,18700,222,15900,1786683659628
IMPLOG,leaf,ForkJoinPool-102-worker-2,6,36,2,32,800,88600,500,32500,209,19000,1786683659628
IMPLOG,leaf,ForkJoinPool-102-worker-4,6,36,2,32,2200,91700,500,32300,226,21400,1786683659628
IMPLOG,leaf,ForkJoinPool-102-worker-5,6,36,2,32,2400,89700,500,32100,226,20500,1786683659628
IMPLOG,leaf,ForkJoinPool-102-worker-3,6,36,2,32,2900,86200,500,30200,214,18700,1786683659628
IMPLOG,leaf,ForkJoinPool-102-worker-6,6,36,2,32,1700,60500,500,21300,209,15000,1786683659628
IMPLOG,leaf,ForkJoinPool-102-worker-1,6,36,2,32,2200,87500,500,30500,211,19500,1786683659628
IMPLOG,leaf,ForkJoinPool-102-worker-2,6,36,2,32,2100,84500,600,28900,259,19200,1786683659628
IMPLOG,leaf,ForkJoinPool-102-worker-4,6,36,2,32,800,85300,500,31300,212,18800,1786683659628
IMPLOG,leaf,ForkJoinPool-102-worker-6,6,36,2,32,600,73500,600,27000,224,17500,1786683659628
IMPLOG,leaf,ForkJoinPool-102-worker-3,6,36,2,32,2600,87400,500,30600,220,18500,1786683659628
IMPLOG,leaf,ForkJoinPool-102-worker-5,6,36,2,32,2400,90100,500,32500,217,20200,1786683659628
IMPLOG,leaf,ForkJoinPool-102-worker-6,6,36,2,32,1800,57500,500,20600,179,12200,1786683659629
IMPLOG,leaf,ForkJoinPool-102-worker-4,6,36,2,32,2000,88000,500,34000,194,17900,1786683659629
IMPLOG,leaf,ForkJoinPool-102-worker-1,6,36,2,32,900,88300,500,33800,190,18200,1786683659629
IMPLOG,leaf,ForkJoinPool-102-worker-2,6,36,2,32,600,104400,600,39500,238,23000,1786683659629
IMPLOG,leaf,ForkJoinPool-102-worker-3,6,36,2,32,900,86100,500,29400,197,16800,1786683659629
IMPLOG,leaf,ForkJoinPool-102-worker-5,6,36,2,32,700,78000,500,27600,216,18300,1786683659629
IMPLOG,leaf,ForkJoinPool-102-worker-6,6,36,2,32,400,60000,500,19700,218,15900,1786683659629
IMPLOG,leaf,ForkJoinPool-102-worker-5,6,36,2,32,1700,61700,500,20500,198,15200,1786683659629
IMPLOG,leaf,ForkJoinPool-102-worker-1,6,36,2,32,2100,88800,500,34200,196,17900,1786683659629
IMPLOG,leaf,ForkJoinPool-102-worker-2,6,36,2,32,2000,89400,500,35000,194,18500,1786683659629
IMPLOG,leaf,ForkJoinPool-102-worker-3,6,36,2,32,3300,88800,500,30100,219,20200,1786683659629
IMPLOG,scan,main,6,36,2,32,649200,1786683659628
IMPLOG,leaf,ForkJoinPool-102-worker-2,6,36,2,33,2900,103800,600,37700,255,22200,1786683659629
IMPLOG,leaf,ForkJoinPool-102-worker-4,6,36,2,33,900,89100,500,31800,211,20300,1786683659629
IMPLOG,leaf,ForkJoinPool-102-worker-1,6,36,2,33,3600,61100,500,21500,217,16300,1786683659629
IMPLOG,leaf,ForkJoinPool-102-worker-6,6,36,2,33,1000,107600,600,36000,269,24400,1786683659629
IMPLOG,leaf,ForkJoinPool-102-worker-3,6,36,2,33,1000,107400,600,38700,259,23300,1786683659629
IMPLOG,leaf,ForkJoinPool-102-worker-5,6,36,2,33,900,105600,600,39200,257,23600,1786683659629
IMPLOG,leaf,ForkJoinPool-102-worker-1,6,36,2,33,500,59800,500,19200,216,16000,1786683659629
IMPLOG,leaf,ForkJoinPool-102-worker-4,6,36,2,33,900,89700,500,32500,220,20300,1786683659629
IMPLOG,leaf,ForkJoinPool-102-worker-2,6,36,2,33,800,104900,600,37500,255,22300,1786683659629
IMPLOG,leaf,ForkJoinPool-102-worker-6,6,36,2,33,800,108000,600,38800,261,24300,1786683659629
IMPLOG,leaf,ForkJoinPool-102-worker-3,6,36,2,33,900,108000,600,41400,238,23900,1786683659629
IMPLOG,leaf,ForkJoinPool-102-worker-5,6,36,2,33,800,107200,600,39100,258,22500,1786683659629
IMPLOG,leaf,ForkJoinPool-102-worker-1,6,36,2,33,1700,59500,500,20100,219,16300,1786683659629
IMPLOG,leaf,ForkJoinPool-102-worker-1,6,36,2,33,400,58200,500,20900,198,13900,1786683659629
IMPLOG,leaf,ForkJoinPool-102-worker-4,6,36,2,33,2100,91000,500,33200,226,21500,1786683659629
IMPLOG,leaf,ForkJoinPool-102-worker-2,6,36,2,33,2800,87500,500,31600,209,18800,1786683659629
IMPLOG,leaf,ForkJoinPool-102-worker-3,6,36,2,33,2200,88500,500,33700,194,19400,1786683659629
IMPLOG,leaf,ForkJoinPool-102-worker-5,6,36,2,33,2700,89500,500,30900,211,19000,1786683659629
IMPLOG,leaf,ForkJoinPool-102-worker-6,6,36,2,33,9400,88600,500,33300,214,19600,1786683659629
IMPLOG,leaf,ForkJoinPool-102-worker-1,6,36,2,33,1700,58400,500,21700,190,13800,1786683659629
IMPLOG,leaf,ForkJoinPool-102-worker-4,6,36,2,33,800,90000,500,33400,212,19600,1786683659629
IMPLOG,leaf,ForkJoinPool-102-worker-2,6,36,2,33,1000,89300,500,31300,226,20000,1786683659629
IMPLOG,leaf,ForkJoinPool-102-worker-3,6,36,2,33,800,89300,500,33100,196,20100,1786683659629
IMPLOG,leaf,ForkJoinPool-102-worker-5,6,36,2,33,700,89500,500,32600,212,19700,1786683659629
IMPLOG,leaf,ForkJoinPool-102-worker-6,6,36,2,33,2100,90200,500,32500,220,21600,1786683659629
IMPLOG,leaf,ForkJoinPool-102-worker-4,6,36,2,33,2200,89200,500,32800,222,21800,1786683659629
IMPLOG,leaf,ForkJoinPool-102-worker-2,6,36,2,33,800,87300,500,29700,209,19000,1786683659629
IMPLOG,leaf,ForkJoinPool-102-worker-6,6,36,2,33,800,86600,500,31400,197,17300,1786683659629
IMPLOG,leaf,ForkJoinPool-102-worker-1,6,36,2,33,2100,106900,600,39800,255,23600,1786683659629
IMPLOG,leaf,ForkJoinPool-102-worker-3,6,36,2,33,2800,104800,600,40100,224,20600,1786683659629
IMPLOG,leaf,ForkJoinPool-102-worker-5,6,36,2,33,2000,60500,500,20500,218,16100,1786683659629
IMPLOG,leaf,ForkJoinPool-102-worker-4,6,36,2,33,800,90000,500,33800,218,20500,1786683659629
IMPLOG,leaf,ForkJoinPool-102-worker-2,6,36,2,33,1000,86800,500,32700,192,17200,1786683659629
IMPLOG,leaf,ForkJoinPool-102-worker-6,6,36,2,33,2200,88400,500,32800,213,19200,1786683659629
IMPLOG,leaf,ForkJoinPool-102-worker-1,6,36,2,33,900,74800,500,28200,179,16400,1786683659629
IMPLOG,leaf,ForkJoinPool-102-worker-3,6,36,2,33,900,86300,500,31800,217,19400,1786683659629
IMPLOG,scan,main,6,36,2,33,663100,1786683659629
IMPLOG,leaf,ForkJoinPool-102-worker-5,6,36,2,34,1400,60700,500,19800,226,16400,1786683659629
IMPLOG,leaf,ForkJoinPool-102-worker-2,6,36,2,34,5300,104100,600,39500,244,22800,1786683659629
IMPLOG,leaf,ForkJoinPool-102-worker-3,6,36,2,34,2400,88900,500,33600,211,19400,1786683659629
IMPLOG,leaf,ForkJoinPool-102-worker-1,6,36,2,34,3200,106000,600,36900,268,22700,1786683659629
IMPLOG,leaf,ForkJoinPool-102-worker-6,6,36,2,34,2500,105700,600,38900,251,22800,1786683659629
IMPLOG,leaf,ForkJoinPool-102-worker-4,6,36,2,34,900,110000,600,39300,257,23900,1786683659629
IMPLOG,leaf,ForkJoinPool-102-worker-5,6,36,2,34,2500,60200,500,20400,209,14700,1786683659630
IMPLOG,leaf,ForkJoinPool-102-worker-3,6,36,2,34,2100,90300,500,32600,220,21400,1786683659630
IMPLOG,leaf,ForkJoinPool-102-worker-5,6,36,2,34,500,59500,500,21100,209,15700,1786683659630
IMPLOG,leaf,ForkJoinPool-102-worker-2,6,36,2,34,2200,105100,600,39800,242,23000,1786683659630
IMPLOG,leaf,ForkJoinPool-102-worker-1,6,36,2,34,900,105000,600,38400,261,22300,1786683659630
IMPLOG,leaf,ForkJoinPool-102-worker-6,6,36,2,34,800,104800,600,39700,227,21000,1786683659630
IMPLOG,leaf,ForkJoinPool-102-worker-4,6,36,2,34,2200,106800,600,39700,256,24100,1786683659630
IMPLOG,leaf,ForkJoinPool-102-worker-5,6,36,2,34,400,60300,500,20000,222,16300,1786683659630
IMPLOG,leaf,ForkJoinPool-102-worker-2,6,36,2,34,2000,69100,500,24300,205,16300,1786683659630
IMPLOG,leaf,ForkJoinPool-102-worker-3,6,36,2,34,800,88400,500,32400,211,20900,1786683659630
IMPLOG,leaf,ForkJoinPool-102-worker-1,6,36,2,34,900,88500,500,30500,214,18500,1786683659630
IMPLOG,leaf,ForkJoinPool-102-worker-6,6,36,2,34,2200,86800,500,34500,182,16800,1786683659630
IMPLOG,leaf,ForkJoinPool-102-worker-2,6,36,2,34,500,60900,500,19200,226,15200,1786683659630
IMPLOG,leaf,ForkJoinPool-102-worker-5,6,36,2,34,1700,91500,600,31500,252,21200,1786683659630
IMPLOG,leaf,ForkJoinPool-102-worker-4,6,36,2,34,1000,87800,500,31900,203,19400,1786683659630
IMPLOG,leaf,ForkJoinPool-102-worker-3,6,36,2,34,800,100600,600,40000,192,18700,1786683659630
IMPLOG,leaf,ForkJoinPool-102-worker-6,6,36,2,34,800,85400,500,32700,179,16200,1786683659630
IMPLOG,leaf,ForkJoinPool-102-worker-2,6,36,2,34,1800,57300,500,21300,176,11700,1786683659630
IMPLOG,leaf,ForkJoinPool-102-worker-1,6,36,2,34,2500,87400,500,30400,217,18300,1786683659630
IMPLOG,leaf,ForkJoinPool-102-worker-5,6,36,2,34,800,88700,500,34800,208,19800,1786683659630
IMPLOG,leaf,ForkJoinPool-102-worker-2,6,36,2,34,600,59700,500,20000,218,13900,1786683659630
IMPLOG,leaf,ForkJoinPool-102-worker-4,6,36,2,34,2200,89500,500,32800,214,21300,1786683659630
IMPLOG,leaf,ForkJoinPool-102-worker-3,6,36,2,34,7900,85300,500,33500,162,15800,1786683659630
IMPLOG,leaf,ForkJoinPool-102-worker-1,6,36,2,34,1000,85900,500,31000,193,17100,1786683659630
IMPLOG,leaf,ForkJoinPool-102-worker-6,6,36,2,34,1900,89400,500,35200,189,18800,1786683659630
IMPLOG,leaf,ForkJoinPool-102-worker-2,6,36,2,34,1500,60000,500,19400,207,14000,1786683659630
IMPLOG,leaf,ForkJoinPool-102-worker-5,6,36,2,34,2700,90600,500,32600,210,20400,1786683659630
IMPLOG,leaf,ForkJoinPool-102-worker-6,6,36,2,34,2100,64500,500,22300,216,15800,1786683659630
IMPLOG,leaf,ForkJoinPool-102-worker-4,6,36,2,34,800,85500,500,29700,222,18600,1786683659630
IMPLOG,leaf,ForkJoinPool-102-worker-1,6,36,2,34,1000,86200,500,31900,190,17300,1786683659630
IMPLOG,scan,main,6,36,2,34,631800,1786683659629
IMPLOG,leaf,ForkJoinPool-102-worker-4,6,36,2,35,6700,71200,600,23200,251,17200,1786683659630
IMPLOG,leaf,ForkJoinPool-102-worker-2,6,36,2,35,2300,101900,600,37100,244,21400,1786683659630
IMPLOG,leaf,ForkJoinPool-102-worker-5,6,36,2,35,900,88700,500,32100,210,19400,1786683659630
IMPLOG,leaf,ForkJoinPool-102-worker-3,6,36,2,35,2400,89500,500,31600,227,20300,1786683659630
IMPLOG,leaf,ForkJoinPool-102-worker-6,6,36,2,35,900,105800,600,38800,258,23000,1786683659630
IMPLOG,leaf,ForkJoinPool-102-worker-1,6,36,2,35,11400,106100,600,38100,268,22900,1786683659630
IMPLOG,leaf,ForkJoinPool-102-worker-4,6,36,2,35,1400,69900,600,24700,227,17000,1786683659630
IMPLOG,leaf,ForkJoinPool-102-worker-5,6,36,2,35,6800,90200,500,32700,220,20400,1786683659630
IMPLOG,leaf,ForkJoinPool-102-worker-3,6,36,2,35,800,89500,500,33100,209,19500,1786683659630
IMPLOG,leaf,ForkJoinPool-102-worker-2,6,36,2,35,800,105900,600,39600,242,21900,1786683659630
IMPLOG,leaf,ForkJoinPool-102-worker-4,6,36,2,35,500,58600,500,20100,182,13400,1786683659630
IMPLOG,leaf,ForkJoinPool-102-worker-6,6,36,2,35,2400,107200,600,38300,256,23800,1786683659630
IMPLOG,leaf,ForkJoinPool-102-worker-1,6,36,2,35,900,106100,600,37300,261,23400,1786683659630
IMPLOG,leaf,ForkJoinPool-102-worker-4,6,36,2,35,1500,57000,500,20000,178,12700,1786683659630
IMPLOG,leaf,ForkJoinPool-102-worker-5,6,36,2,35,2000,89100,500,33200,211,20700,1786683659630
IMPLOG,leaf,ForkJoinPool-102-worker-3,6,36,2,35,2200,89400,500,33200,209,19600,1786683659630
IMPLOG,leaf,ForkJoinPool-102-worker-2,6,36,2,35,2300,88700,500,33400,205,19400,1786683659630
IMPLOG,leaf,ForkJoinPool-102-worker-6,6,36,2,35,800,90100,500,32900,222,21200,1786683659630
IMPLOG,leaf,ForkJoinPool-102-worker-1,6,36,2,35,2600,88000,500,30300,214,19500,1786683659630
IMPLOG,leaf,ForkJoinPool-102-worker-4,6,36,2,35,400,64500,500,21800,189,14800,1786683659630
IMPLOG,leaf,ForkJoinPool-102-worker-5,6,36,2,35,800,73400,600,26900,191,15400,1786683659630
IMPLOG,leaf,ForkJoinPool-102-worker-2,6,36,2,35,800,88900,500,32000,226,19500,1786683659630
IMPLOG,leaf,ForkJoinPool-102-worker-1,6,36,2,35,900,86200,500,29700,217,18800,1786683659630
IMPLOG,leaf,ForkJoinPool-102-worker-3,6,36,2,35,2200,89900,500,36400,193,17100,1786683659630
IMPLOG,leaf,ForkJoinPool-102-worker-5,6,36,2,35,1700,56300,500,20000,162,12200,1786683659630
IMPLOG,leaf,ForkJoinPool-102-worker-4,6,36,2,35,2600,89900,500,32800,209,21300,1786683659630
IMPLOG,leaf,ForkJoinPool-102-worker-6,6,36,2,35,900,105400,600,38100,252,22400,1786683659630
IMPLOG,leaf,ForkJoinPool-102-worker-2,6,36,2,35,2100,87700,500,33800,203,19400,1786683659630
IMPLOG,leaf,ForkJoinPool-102-worker-5,6,36,2,35,500,57700,500,21200,176,12700,1786683659631
IMPLOG,leaf,ForkJoinPool-102-worker-1,6,36,2,35,2700,89000,500,32300,222,18500,1786683659631
IMPLOG,leaf,ForkJoinPool-102-worker-3,6,36,2,35,900,85300,500,31500,190,17200,1786683659631
IMPLOG,leaf,ForkJoinPool-102-worker-4,6,36,2,35,800,89400,500,32800,216,20200,1786683659631
IMPLOG,leaf,ForkJoinPool-102-worker-6,6,36,2,35,2200,88500,500,33900,208,19100,1786683659631
IMPLOG,leaf,ForkJoinPool-102-worker-5,6,36,2,35,2100,59900,500,20000,214,15800,1786683659631
IMPLOG,leaf,ForkJoinPool-102-worker-2,6,36,2,35,2100,89300,500,31400,218,21300,1786683659631
IMPLOG,leaf,ForkJoinPool-102-worker-3,6,36,2,35,2700,81500,500,29500,207,18300,1786683659631
IMPLOG,scan,main,6,36,2,35,641000,1786683659630
IMPLOG,leaf,ForkJoinPool-102-worker-4,6,36,2,36,500,71900,600,22800,254,18500,1786683659631
IMPLOG,leaf,ForkJoinPool-102-worker-2,6,36,2,36,1200,103200,600,39100,244,21300,1786683659631
IMPLOG,leaf,ForkJoinPool-102-worker-6,6,36,2,36,900,106300,600,38800,269,24100,1786683659631
IMPLOG,leaf,ForkJoinPool-102-worker-3,6,36,2,36,1000,106200,600,39100,250,23600,1786683659631
IMPLOG,leaf,ForkJoinPool-102-worker-5,6,36,2,36,2300,101400,600,39800,191,19300,1786683659631
IMPLOG,leaf,ForkJoinPool-102-worker-1,6,36,2,36,2700,106000,600,37700,258,22500,1786683659631
IMPLOG,leaf,ForkJoinPool-102-worker-4,6,36,2,36,2000,59100,500,19500,205,14500,1786683659631
IMPLOG,leaf,ForkJoinPool-102-worker-5,6,36,2,36,900,84500,500,33300,163,15100,1786683659631
IMPLOG,leaf,ForkJoinPool-102-worker-2,6,36,2,36,3300,103400,600,38900,242,21500,1786683659631
IMPLOG,leaf,ForkJoinPool-102-worker-4,6,36,2,36,500,59400,500,20000,218,15400,1786683659631
IMPLOG,leaf,ForkJoinPool-102-worker-6,6,36,2,36,2200,107400,600,40500,261,24300,1786683659631
IMPLOG,leaf,ForkJoinPool-102-worker-3,6,36,2,36,2300,105300,600,40500,221,21100,1786683659631
IMPLOG,leaf,ForkJoinPool-102-worker-1,6,36,2,36,800,107400,600,37500,256,24300,1786683659631
IMPLOG,leaf,ForkJoinPool-102-worker-4,6,36,2,36,1500,59700,500,19900,208,14500,1786683659631
IMPLOG,leaf,ForkJoinPool-102-worker-5,6,36,2,36,2200,86800,500,32000,176,16300,1786683659631
IMPLOG,leaf,ForkJoinPool-102-worker-2,6,36,2,36,2500,87100,500,30900,205,18200,1786683659631
IMPLOG,leaf,ForkJoinPool-102-worker-6,6,36,2,36,800,90200,500,34200,214,20500,1786683659631
IMPLOG,leaf,ForkJoinPool-102-worker-3,6,36,2,36,700,88700,500,35500,182,17400,1786683659631
IMPLOG,leaf,ForkJoinPool-102-worker-1,6,36,2,36,2100,88100,500,33300,212,19600,1786683659631
IMPLOG,leaf,ForkJoinPool-102-worker-4,6,36,2,36,400,60300,500,19800,226,15800,1786683659631
IMPLOG,leaf,ForkJoinPool-102-worker-5,6,36,2,36,800,89400,500,32800,211,19500,1786683659631
IMPLOG,leaf,ForkJoinPool-102-worker-2,6,36,2,36,1000,88600,500,31300,210,18500,1786683659631
IMPLOG,leaf,ForkJoinPool-102-worker-4,6,36,2,36,1500,59900,500,20500,203,14800,1786683659631
IMPLOG,leaf,ForkJoinPool-102-worker-3,6,36,2,36,900,87800,500,33100,177,17300,1786683659631
IMPLOG,leaf,ForkJoinPool-102-worker-1,6,36,2,36,800,88900,500,32600,209,19600,1786683659631
IMPLOG,leaf,ForkJoinPool-102-worker-6,6,36,2,36,7700,89300,500,32600,219,20300,1786683659631
IMPLOG,leaf,ForkJoinPool-102-worker-4,6,36,2,36,1500,60000,500,21000,222,15600,1786683659631
IMPLOG,leaf,ForkJoinPool-102-worker-5,6,36,2,36,2200,87300,500,31800,193,17400,1786683659631
IMPLOG,leaf,ForkJoinPool-102-worker-2,6,36,2,36,900,89000,500,31900,215,19100,1786683659631
IMPLOG,leaf,ForkJoinPool-102-worker-3,6,36,2,36,2300,88800,500,34400,189,18900,1786683659631
IMPLOG,leaf,ForkJoinPool-102-worker-1,6,36,2,36,2200,89200,500,31700,223,20200,1786683659631
IMPLOG,leaf,ForkJoinPool-102-worker-6,6,36,2,36,2200,87700,500,31500,210,18900,1786683659631
IMPLOG,leaf,ForkJoinPool-102-worker-4,6,36,2,36,400,57400,500,20200,191,13800,1786683659631
IMPLOG,leaf,ForkJoinPool-102-worker-5,6,36,2,36,800,89900,500,32800,224,20700,1786683659631
IMPLOG,leaf,ForkJoinPool-102-worker-2,6,36,2,36,12500,88900,500,32000,209,18900,1786683659631
IMPLOG,leaf,ForkJoinPool-102-worker-1,6,36,2,36,900,86600,500,30800,220,20100,1786683659631
IMPLOG,scan,main,6,36,2,36,626300,1786683659631
IMPLOG,leaf,ForkJoinPool-102-worker-3,6,36,2,37,600,60000,500,19100,210,15000,1786683659631
IMPLOG,leaf,ForkJoinPool-102-worker-2,6,36,2,37,1000,103600,600,39400,244,22200,1786683659631
IMPLOG,leaf,ForkJoinPool-102-worker-6,6,36,2,37,1000,89100,500,33900,210,19800,1786683659631
IMPLOG,leaf,ForkJoinPool-102-worker-5,6,36,2,37,1000,108200,600,39300,269,25400,1786683659631
IMPLOG,leaf,ForkJoinPool-102-worker-1,6,36,2,37,1200,102400,600,37100,257,21900,1786683659631
IMPLOG,leaf,ForkJoinPool-102-worker-4,6,36,2,37,3100,106000,600,39500,250,23400,1786683659631
IMPLOG,leaf,ForkJoinPool-102-worker-3,6,36,2,37,1800,59800,500,19500,220,15600,1786683659631
IMPLOG,leaf,ForkJoinPool-102-worker-6,6,36,2,37,2300,89300,500,32000,215,20200,1786683659631
IMPLOG,leaf,ForkJoinPool-102-worker-3,6,36,2,37,400,59800,500,19500,224,14700,1786683659632
IMPLOG,leaf,ForkJoinPool-102-worker-2,6,36,2,37,2700,104400,600,38700,242,22000,1786683659631
IMPLOG,leaf,ForkJoinPool-102-worker-1,6,36,2,37,2700,104500,600,36900,256,22900,1786683659631
IMPLOG,leaf,ForkJoinPool-102-worker-4,6,36,2,37,800,105800,600,40200,221,20400,1786683659631
IMPLOG,leaf,ForkJoinPool-102-worker-5,6,36,2,37,2500,111200,600,38400,261,23600,1786683659631
IMPLOG,leaf,ForkJoinPool-102-worker-3,6,36,2,37,1600,59800,500,21600,209,14800,1786683659632
IMPLOG,leaf,ForkJoinPool-102-worker-6,6,36,2,37,800,88600,500,33500,222,20500,1786683659632
IMPLOG,leaf,ForkJoinPool-102-worker-2,6,36,2,37,700,87800,500,31400,205,18600,1786683659632
IMPLOG,leaf,ForkJoinPool-102-worker-1,6,36,2,37,1000,87600,500,30900,212,18800,1786683659632
IMPLOG,leaf,ForkJoinPool-102-worker-4,6,36,2,37,2300,88000,500,34300,182,18500,1786683659632
IMPLOG,leaf,ForkJoinPool-102-worker-5,6,36,2,37,800,89400,500,33800,214,21100,1786683659632
IMPLOG,leaf,ForkJoinPool-102-worker-3,6,36,2,37,1500,61000,500,20700,209,15100,1786683659632
IMPLOG,leaf,ForkJoinPool-102-worker-6,6,36,2,37,800,87400,500,32700,191,17800,1786683659632
IMPLOG,leaf,ForkJoinPool-102-worker-2,6,36,2,37,2400,89600,500,31500,226,20800,1786683659632
IMPLOG,leaf,ForkJoinPool-102-worker-4,6,36,2,37,800,86500,500,33500,177,16600,1786683659632
IMPLOG,leaf,ForkJoinPool-102-worker-1,6,36,2,37,2700,88700,500,31500,223,19200,1786683659632
IMPLOG,leaf,ForkJoinPool-102-worker-5,6,36,2,37,2200,90400,500,33100,220,20500,1786683659632
IMPLOG,leaf,ForkJoinPool-102-worker-6,6,36,2,37,2100,69800,500,25300,189,15700,1786683659632
IMPLOG,leaf,ForkJoinPool-102-worker-2,6,36,2,37,800,87800,500,32600,203,18500,1786683659632
IMPLOG,leaf,ForkJoinPool-102-worker-5,6,36,2,37,800,87000,500,31600,193,18500,1786683659632
IMPLOG,leaf,ForkJoinPool-102-worker-6,6,36,2,37,500,58000,500,20000,175,12400,1786683659632
IMPLOG,leaf,ForkJoinPool-102-worker-3,6,36,2,37,800,100900,600,39400,191,18400,1786683659632
IMPLOG,leaf,ForkJoinPool-102-worker-1,6,36,2,37,900,106600,600,38600,254,23800,1786683659632
IMPLOG,leaf,ForkJoinPool-102-worker-4,6,36,2,37,11000,88800,500,30200,218,20200,1786683659632
IMPLOG,leaf,ForkJoinPool-102-worker-2,6,36,2,37,2100,86300,500,32800,163,14900,1786683659632
IMPLOG,leaf,ForkJoinPool-102-worker-5,6,36,2,37,800,83400,500,31500,211,18800,1786683659632
IMPLOG,leaf,ForkJoinPool-102-worker-3,6,36,2,37,800,89100,500,31700,208,20600,1786683659632
IMPLOG,leaf,ForkJoinPool-102-worker-1,6,36,2,37,2300,86700,500,31200,205,17200,1786683659632
IMPLOG,scan,main,6,36,2,37,649200,1786683659631
IMPLOG,leaf,ForkJoinPool-102-worker-6,6,36,2,38,2700,59900,500,20600,218,14500,1786683659632
IMPLOG,leaf,ForkJoinPool-102-worker-2,6,36,2,38,2400,106500,600,38900,249,22400,1786683659632
IMPLOG,leaf,ForkJoinPool-102-worker-1,6,36,2,38,900,107400,600,38100,269,24400,1786683659632
IMPLOG,leaf,ForkJoinPool-102-worker-4,6,36,2,38,2400,105500,600,38200,257,24500,1786683659632
IMPLOG,leaf,ForkJoinPool-102-worker-3,6,36,2,38,900,103300,600,41800,202,19300,1786683659632
IMPLOG,leaf,ForkJoinPool-102-worker-5,6,36,2,38,10000,106300,600,37500,253,23600,1786683659632
IMPLOG,leaf,ForkJoinPool-102-worker-6,6,36,2,38,500,60400,500,21300,220,15100,1786683659632
IMPLOG,leaf,ForkJoinPool-102-worker-6,6,36,2,38,1700,60100,500,19300,224,15100,1786683659632
IMPLOG,leaf,ForkJoinPool-102-worker-2,6,36,2,38,800,105200,600,38600,246,22200,1786683659632
IMPLOG,leaf,ForkJoinPool-102-worker-3,6,36,2,38,2200,85100,500,34300,166,14900,1786683659632
IMPLOG,leaf,ForkJoinPool-102-worker-1,6,36,2,38,7200,107700,600,39100,261,24700,1786683659632
IMPLOG,leaf,ForkJoinPool-102-worker-4,6,36,2,38,800,107800,600,39600,257,23800,1786683659632
IMPLOG,leaf,ForkJoinPool-102-worker-5,6,36,2,38,900,104400,600,38500,224,20100,1786683659632
IMPLOG,leaf,ForkJoinPool-102-worker-6,6,36,2,38,1300,59900,500,20900,209,15200,1786683659632
IMPLOG,leaf,ForkJoinPool-102-worker-2,6,36,2,38,2200,88200,500,32100,206,18800,1786683659632
IMPLOG,leaf,ForkJoinPool-102-worker-3,6,36,2,38,800,86200,500,33800,181,16900,1786683659632
IMPLOG,leaf,ForkJoinPool-102-worker-4,6,36,2,38,2700,87900,500,31900,212,18700,1786683659632
IMPLOG,leaf,ForkJoinPool-102-worker-1,6,36,2,38,2200,89400,500,32700,214,20200,1786683659632
IMPLOG,leaf,ForkJoinPool-102-worker-6,6,36,2,38,500,59400,500,20600,211,14700,1786683659632
IMPLOG,leaf,ForkJoinPool-102-worker-5,6,36,2,38,3200,85200,500,31900,186,16500,1786683659632
IMPLOG,leaf,ForkJoinPool-102-worker-2,6,36,2,38,700,90600,500,33600,226,20900,1786683659632
IMPLOG,leaf,ForkJoinPool-102-worker-3,6,36,2,38,800,89400,500,32000,213,19500,1786683659632
IMPLOG,leaf,ForkJoinPool-102-worker-1,6,36,2,38,800,90000,500,33400,220,21000,1786683659632
IMPLOG,leaf,ForkJoinPool-102-worker-4,6,36,2,38,2000,89300,500,31200,223,19600,1786683659632
IMPLOG,leaf,ForkJoinPool-102-worker-5,6,36,2,38,900,85900,500,32500,185,15200,1786683659632
IMPLOG,leaf,ForkJoinPool-102-worker-3,6,36,2,38,2200,87200,500,33800,194,18700,1786683659632
IMPLOG,leaf,ForkJoinPool-102-worker-2,6,36,2,38,2900,89100,500,32700,206,18600,1786683659632
IMPLOG,leaf,ForkJoinPool-102-worker-6,6,36,2,38,1800,62800,500,20900,222,15100,1786683659632
IMPLOG,leaf,ForkJoinPool-102-worker-1,6,36,2,38,2200,89600,500,34000,212,20000,1786683659632
IMPLOG,leaf,ForkJoinPool-102-worker-5,6,36,2,38,900,88200,500,32000,193,17100,1786683659632
IMPLOG,leaf,ForkJoinPool-102-worker-4,6,36,2,38,900,107700,600,38400,255,25500,1786683659632
IMPLOG,leaf,ForkJoinPool-102-worker-6,6,36,2,38,500,57700,500,19800,195,14800,1786683659633
IMPLOG,leaf,ForkJoinPool-102-worker-2,6,36,2,38,2000,68400,500,22800,218,17600,1786683659633
IMPLOG,leaf,ForkJoinPool-102-worker-3,6,36,2,38,900,89700,500,32200,215,20300,1786683659633
IMPLOG,leaf,ForkJoinPool-102-worker-6,6,36,2,38,1500,63500,500,22300,209,15400,1786683659633
IMPLOG,leaf,ForkJoinPool-102-worker-4,6,36,2,38,2200,78400,500,30900,208,17700,1786683659633
IMPLOG,scan,main,6,36,2,38,640400,1786683659632
IMPLOG,leaf,ForkJoinPool-102-worker-3,6,36,2,39,2000,60500,500,21000,212,14600,1786683659633
IMPLOG,leaf,ForkJoinPool-102-worker-6,6,36,2,39,1800,101600,600,37200,249,23000,1786683659633
IMPLOG,leaf,ForkJoinPool-102-worker-2,6,36,2,39,1100,106000,600,37500,269,22400,1786683659633
IMPLOG,leaf,ForkJoinPool-102-worker-1,6,36,2,39,2200,102600,600,39800,202,19600,1786683659633
IMPLOG,leaf,ForkJoinPool-102-worker-4,6,36,2,39,900,108000,600,39800,253,24100,1786683659633
IMPLOG,leaf,ForkJoinPool-102-worker-5,6,36,2,39,2700,106400,600,39000,257,24400,1786683659633
IMPLOG,leaf,ForkJoinPool-102-worker-3,6,36,2,39,400,58800,500,19400,215,15500,1786683659633
IMPLOG,leaf,ForkJoinPool-102-worker-6,6,36,2,39,800,105800,600,40000,246,21700,1786683659633
IMPLOG,leaf,ForkJoinPool-102-worker-3,6,36,2,39,1500,60500,500,18500,222,16100,1786683659633
IMPLOG,leaf,ForkJoinPool-102-worker-1,6,36,2,39,800,85900,500,33900,166,16400,1786683659633
IMPLOG,leaf,ForkJoinPool-102-worker-2,6,36,2,39,3400,105700,600,37900,261,22800,1786683659633
IMPLOG,leaf,ForkJoinPool-102-worker-4,6,36,2,39,800,105200,600,39400,224,21600,1786683659633
IMPLOG,leaf,ForkJoinPool-102-worker-5,6,36,2,39,800,107100,600,38900,256,24300,1786683659633
IMPLOG,leaf,ForkJoinPool-102-worker-3,6,36,2,39,500,58000,500,20100,195,14000,1786683659633
IMPLOG,leaf,ForkJoinPool-102-worker-1,6,36,2,39,2400,87200,500,34100,181,17100,1786683659633
IMPLOG,leaf,ForkJoinPool-102-worker-6,6,36,2,39,8500,88000,500,33400,206,19000,1786683659633
IMPLOG,leaf,ForkJoinPool-102-worker-2,6,36,2,39,1000,88800,500,31500,214,19500,1786683659633
IMPLOG,leaf,ForkJoinPool-102-worker-4,6,36,2,39,2100,88300,500,33400,186,18400,1786683659633
IMPLOG,leaf,ForkJoinPool-102-worker-3,6,36,2,39,500,58800,500,19300,185,14000,1786683659633
IMPLOG,leaf,ForkJoinPool-102-worker-5,6,36,2,39,2300,87800,500,32600,212,19600,1786683659633
IMPLOG,leaf,ForkJoinPool-102-worker-6,6,36,2,39,900,70500,500,23200,226,16500,1786683659633
IMPLOG,leaf,ForkJoinPool-102-worker-3,6,36,2,39,2100,58700,500,19900,193,14300,1786683659633
IMPLOG,leaf,ForkJoinPool-102-worker-1,6,36,2,39,800,89000,500,33600,213,19100,1786683659633
IMPLOG,leaf,ForkJoinPool-102-worker-2,6,36,2,39,700,89600,500,30900,220,20000,1786683659633
IMPLOG,leaf,ForkJoinPool-102-worker-5,6,36,2,39,700,88800,500,33000,211,19000,1786683659633
IMPLOG,leaf,ForkJoinPool-102-worker-6,6,36,2,39,2500,59900,500,21400,206,14900,1786683659633
IMPLOG,leaf,ForkJoinPool-102-worker-1,6,36,2,39,2700,87400,500,32300,194,18500,1786683659633
IMPLOG,leaf,ForkJoinPool-102-worker-3,6,36,2,39,700,88500,500,32900,218,19700,1786683659633
IMPLOG,leaf,ForkJoinPool-102-worker-4,6,36,2,39,900,89000,500,32400,223,21400,1786683659633
IMPLOG,leaf,ForkJoinPool-102-worker-6,6,36,2,39,1600,70500,600,23500,255,18000,1786683659633
IMPLOG,leaf,ForkJoinPool-102-worker-5,6,36,2,39,700,89200,500,33800,224,20300,1786683659633
IMPLOG,leaf,ForkJoinPool-102-worker-1,6,36,2,39,800,71800,500,24000,209,16500,1786683659633
IMPLOG,leaf,ForkJoinPool-102-worker-2,6,36,2,39,800,75100,500,23500,208,17100,1786683659633
IMPLOG,leaf,ForkJoinPool-102-worker-3,6,36,2,39,2400,90500,500,32700,220,21200,1786683659633
IMPLOG,leaf,ForkJoinPool-102-worker-6,6,36,2,39,500,64400,500,21400,209,15400,1786683659633
IMPLOG,leaf,ForkJoinPool-102-worker-4,6,36,2,39,2100,88700,500,31800,218,20700,1786683659633
IMPLOG,scan,main,6,36,2,39,609500,1786683659633
IMPLOG,leaf,ForkJoinPool-102-worker-3,6,36,2,40,600,58500,500,19400,185,13100,1786683659633
IMPLOG,leaf,ForkJoinPool-102-worker-6,6,36,2,40,2200,105200,600,39100,249,22600,1786683659633
IMPLOG,leaf,ForkJoinPool-102-worker-4,6,36,2,40,900,91000,600,31800,259,20200,1786683659633
IMPLOG,leaf,ForkJoinPool-102-worker-2,6,36,2,40,900,90400,500,32800,213,19500,1786683659633
IMPLOG,leaf,ForkJoinPool-102-worker-5,6,36,2,40,2300,108400,600,39200,269,25000,1786683659633
IMPLOG,leaf,ForkJoinPool-102-worker-1,6,36,2,40,900,100500,600,37900,199,19100,1786683659633
IMPLOG,leaf,ForkJoinPool-102-worker-3,6,36,2,40,1700,59100,500,20100,193,14300,1786683659633
IMPLOG,leaf,ForkJoinPool-102-worker-4,6,36,2,40,900,89300,600,32000,231,17700,1786683659633
IMPLOG,leaf,ForkJoinPool-102-worker-3,6,36,2,40,1500,59100,500,19100,189,13200,1786683659633
IMPLOG,leaf,ForkJoinPool-102-worker-1,6,36,2,40,1800,84800,500,32800,166,15100,1786683659633
IMPLOG,leaf,ForkJoinPool-102-worker-2,6,36,2,40,2800,89100,500,32100,215,20300,1786683659633
IMPLOG,leaf,ForkJoinPool-102-worker-6,6,36,2,40,800,105300,600,36100,246,21900,1786683659633
IMPLOG,leaf,ForkJoinPool-102-worker-5,6,36,2,40,800,110900,600,39400,261,27100,1786683659633
IMPLOG,leaf,ForkJoinPool-102-worker-3,6,36,2,40,500,57800,500,20900,195,13900,1786683659633
IMPLOG,leaf,ForkJoinPool-102-worker-1,6,36,2,40,800,61900,500,21000,188,14700,1786683659633
IMPLOG,leaf,ForkJoinPool-102-worker-4,6,36,2,40,2100,93300,500,29500,222,25600,1786683659633
IMPLOG,leaf,ForkJoinPool-102-worker-6,6,36,2,40,800,87400,500,32400,208,18100,1786683659633
IMPLOG,leaf,ForkJoinPool-102-worker-5,6,36,2,40,2000,89300,500,31400,215,19800,1786683659634
IMPLOG,leaf,ForkJoinPool-102-worker-3,6,36,2,40,6400,73200,500,25600,218,17300,1786683659634
IMPLOG,leaf,ForkJoinPool-102-worker-6,6,36,2,40,2100,81600,500,29900,225,20300,1786683659634
IMPLOG,leaf,ForkJoinPool-102-worker-2,6,36,2,40,700,75500,500,25200,220,16900,1786683659634
IMPLOG,leaf,ForkJoinPool-102-worker-4,6,36,2,40,900,87100,500,33000,194,18200,1786683659634
IMPLOG,leaf,ForkJoinPool-102-worker-3,6,36,2,40,800,107800,600,38600,258,25100,1786683659634
IMPLOG,leaf,ForkJoinPool-102-worker-1,6,36,2,40,2400,108500,600,40400,257,23800,1786683659634
IMPLOG,leaf,ForkJoinPool-102-worker-6,6,36,2,40,900,89200,500,32200,205,20000,1786683659634
IMPLOG,leaf,ForkJoinPool-102-worker-4,6,36,2,40,2300,88700,500,30900,218,19200,1786683659634
IMPLOG,leaf,ForkJoinPool-102-worker-2,6,36,2,40,2000,89300,500,31500,224,20500,1786683659634
IMPLOG,leaf,ForkJoinPool-102-worker-1,6,36,2,40,800,86900,500,31400,208,18700,1786683659634
IMPLOG,leaf,ForkJoinPool-102-worker-5,6,36,2,40,4100,89100,500,32200,218,21100,1786683659634
IMPLOG,leaf,ForkJoinPool-102-worker-3,6,36,2,40,2100,104400,600,37800,254,22300,1786683659634
IMPLOG,leaf,ForkJoinPool-102-worker-6,6,36,2,40,2100,86800,500,30600,217,20100,1786683659634
IMPLOG,leaf,ForkJoinPool-102-worker-4,6,36,2,40,700,86100,500,31600,208,17700,1786683659634
IMPLOG,leaf,ForkJoinPool-102-worker-5,6,36,2,40,500,62900,500,20800,223,16200,1786683659634
IMPLOG,leaf,ForkJoinPool-102-worker-3,6,36,2,40,2400,71600,500,25500,212,16700,1786683659634
IMPLOG,leaf,ForkJoinPool-102-worker-1,6,36,2,40,800,87400,500,32500,212,19700,1786683659634
IMPLOG,leaf,ForkJoinPool-102-worker-6,6,36,2,40,700,84700,500,30900,209,17800,1786683659634
IMPLOG,scan,main,6,36,2,40,727400,1786683659633
IMPLOG,leaf,ForkJoinPool-102-worker-5,6,36,2,41,2800,61400,500,21000,213,16200,1786683659634
IMPLOG,leaf,ForkJoinPool-102-worker-2,6,36,2,41,3100,68100,600,24800,198,14900,1786683659634
IMPLOG,leaf,ForkJoinPool-102-worker-6,6,36,2,41,900,105800,600,38200,247,22000,1786683659634
IMPLOG,leaf,ForkJoinPool-102-worker-1,6,36,2,41,2400,107700,600,38900,269,25500,1786683659634
IMPLOG,leaf,ForkJoinPool-102-worker-3,6,36,2,41,1300,106900,600,39200,259,25700,1786683659634
IMPLOG,leaf,ForkJoinPool-102-worker-4,6,36,2,41,14700,106800,600,36400,258,23700,1786683659634
IMPLOG,leaf,ForkJoinPool-102-worker-5,6,36,2,41,400,59700,500,22300,216,15200,1786683659634
IMPLOG,leaf,ForkJoinPool-102-worker-2,6,36,2,41,400,57100,500,21000,166,11800,1786683659634
IMPLOG,leaf,ForkJoinPool-102-worker-5,6,36,2,41,2000,60500,500,21300,222,15500,1786683659634
IMPLOG,leaf,ForkJoinPool-102-worker-2,6,36,2,41,1600,58100,500,21800,188,13500,1786683659634
IMPLOG,leaf,ForkJoinPool-102-worker-6,6,36,2,41,2900,105200,600,39300,244,22100,1786683659634
IMPLOG,leaf,ForkJoinPool-102-worker-1,6,36,2,41,800,107100,600,40400,261,22700,1786683659634
IMPLOG,leaf,ForkJoinPool-102-worker-3,6,36,2,41,3400,105700,600,39500,231,21600,1786683659634
IMPLOG,leaf,ForkJoinPool-102-worker-4,6,36,2,41,2700,106900,600,38200,253,23700,1786683659634
IMPLOG,leaf,ForkJoinPool-102-worker-5,6,36,2,41,600,57600,500,19800,194,13300,1786683659634
IMPLOG,leaf,ForkJoinPool-102-worker-2,6,36,2,41,400,59800,500,18600,217,15000,1786683659634
IMPLOG,leaf,ForkJoinPool-102-worker-6,6,36,2,41,800,86200,500,32800,206,17600,1786683659634
IMPLOG,leaf,ForkJoinPool-102-worker-1,6,36,2,41,7300,88400,500,32600,215,19100,1786683659634
IMPLOG,leaf,ForkJoinPool-102-worker-3,6,36,2,41,800,87700,500,34100,188,18400,1786683659634
IMPLOG,leaf,ForkJoinPool-102-worker-2,6,36,2,41,1400,59400,500,18800,220,15500,1786683659634
IMPLOG,leaf,ForkJoinPool-102-worker-5,6,36,2,41,5600,58800,500,23100,185,12900,1786683659634
IMPLOG,leaf,ForkJoinPool-102-worker-4,6,36,2,41,900,88100,500,32100,213,20200,1786683659634
IMPLOG,leaf,ForkJoinPool-102-worker-6,6,36,2,41,2500,88400,500,31400,225,19900,1786683659634
IMPLOG,leaf,ForkJoinPool-102-worker-1,6,36,2,41,1900,87500,500,33100,194,18000,1786683659634
IMPLOG,leaf,ForkJoinPool-102-worker-3,6,36,2,41,2300,89600,500,32900,193,19500,1786683659634
IMPLOG,leaf,ForkJoinPool-102-worker-4,6,36,2,41,2500,88000,500,31900,211,19200,1786683659634
IMPLOG,leaf,ForkJoinPool-102-worker-6,6,36,2,41,800,87400,500,32900,204,18300,1786683659634
IMPLOG,leaf,ForkJoinPool-102-worker-5,6,36,2,41,1800,84600,500,28600,217,19400,1786683659634
IMPLOG,leaf,ForkJoinPool-102-worker-4,6,36,2,41,800,88500,500,31000,223,20200,1786683659634
IMPLOG,leaf,ForkJoinPool-102-worker-2,6,36,2,41,2400,105900,600,39100,256,23600,1786683659634
IMPLOG,leaf,ForkJoinPool-102-worker-3,6,36,2,41,2500,89600,500,30600,224,21700,1786683659634
IMPLOG,leaf,ForkJoinPool-102-worker-1,6,36,2,41,900,89400,500,32900,217,20500,1786683659634
IMPLOG,leaf,ForkJoinPool-102-worker-6,6,36,2,41,2600,89500,500,32300,208,20000,1786683659634
IMPLOG,leaf,ForkJoinPool-102-worker-5,6,36,2,41,800,70700,500,25800,218,17600,1786683659635
IMPLOG,leaf,ForkJoinPool-102-worker-4,6,36,2,41,2200,65900,500,22600,208,15700,1786683659635
IMPLOG,leaf,ForkJoinPool-102-worker-2,6,36,2,41,800,82600,500,29400,209,17500,1786683659635
IMPLOG,scan,main,6,36,2,41,638200,1786683659634
IMPLOG,leaf,ForkJoinPool-102-worker-6,6,36,2,42,9200,108700,600,38900,247,25500,1786683659635
IMPLOG,leaf,ForkJoinPool-102-worker-2,6,36,2,42,2400,110500,600,40500,270,25400,1786683659635
IMPLOG,leaf,ForkJoinPool-102-worker-1,6,36,2,42,2100,60300,500,17800,225,15700,1786683659635
IMPLOG,leaf,ForkJoinPool-102-worker-3,6,36,2,42,600,60000,500,20500,217,15100,1786683659635
IMPLOG,leaf,ForkJoinPool-102-worker-4,6,36,2,42,4100,106200,600,38900,258,23700,1786683659635
IMPLOG,leaf,ForkJoinPool-102-worker-5,6,36,2,42,5200,106000,600,38600,256,23200,1786683659635
IMPLOG,leaf,ForkJoinPool-102-worker-1,6,36,2,42,400,59100,500,20000,204,15500,1786683659635
IMPLOG,leaf,ForkJoinPool-102-worker-3,6,36,2,42,1500,60500,500,19900,218,15500,1786683659635
IMPLOG,leaf,ForkJoinPool-102-worker-6,6,36,2,42,800,105500,600,40200,244,22600,1786683659635
IMPLOG,leaf,ForkJoinPool-102-worker-2,6,36,2,42,700,108300,600,39400,261,25300,1786683659635
IMPLOG,leaf,ForkJoinPool-102-worker-1,6,36,2,42,1800,59400,500,20000,206,14800,1786683659635
IMPLOG,leaf,ForkJoinPool-102-worker-5,6,36,2,42,900,88200,500,31900,209,19500,1786683659635
IMPLOG,leaf,ForkJoinPool-102-worker-3,6,36,2,42,400,59800,500,19700,224,15700,1786683659635
IMPLOG,leaf,ForkJoinPool-102-worker-4,6,36,2,42,900,107800,600,39000,253,24400,1786683659635
IMPLOG,leaf,ForkJoinPool-102-worker-2,6,36,2,42,700,90200,500,34000,215,20500,1786683659635
IMPLOG,leaf,ForkJoinPool-102-worker-1,6,36,2,42,400,60600,500,21600,213,15900,1786683659635
IMPLOG,leaf,ForkJoinPool-102-worker-6,6,36,2,42,800,106700,600,38700,259,24300,1786683659635
IMPLOG,leaf,ForkJoinPool-102-worker-3,6,36,2,42,1600,59600,500,19700,208,14600,1786683659635
IMPLOG,leaf,ForkJoinPool-102-worker-5,6,36,2,42,3000,89300,500,32100,217,20800,1786683659635
IMPLOG,leaf,ForkJoinPool-102-worker-1,6,36,2,42,500,59500,500,20700,216,15100,1786683659635
IMPLOG,leaf,ForkJoinPool-102-worker-4,6,36,2,42,2700,88800,500,32100,213,20000,1786683659635
IMPLOG,leaf,ForkJoinPool-102-worker-3,6,36,2,42,500,60200,500,21300,211,14500,1786683659635
IMPLOG,leaf,ForkJoinPool-102-worker-2,6,36,2,42,2700,90300,500,33300,220,20600,1786683659635
IMPLOG,leaf,ForkJoinPool-102-worker-6,6,36,2,42,2100,106000,600,40600,232,22800,1786683659635
IMPLOG,leaf,ForkJoinPool-102-worker-1,6,36,2,42,1500,60500,500,20200,222,15400,1786683659635
IMPLOG,leaf,ForkJoinPool-102-worker-5,6,36,2,42,2100,89400,500,33600,208,19300,1786683659635
IMPLOG,leaf,ForkJoinPool-102-worker-4,6,36,2,42,700,89500,500,31800,223,21200,1786683659635
IMPLOG,leaf,ForkJoinPool-102-worker-2,6,36,2,42,800,87200,500,32300,194,17800,1786683659635
IMPLOG,leaf,ForkJoinPool-102-worker-1,6,36,2,42,500,69200,500,25300,194,15400,1786683659635
IMPLOG,leaf,ForkJoinPool-102-worker-6,6,36,2,42,800,89100,500,35500,188,18000,1786683659635
IMPLOG,leaf,ForkJoinPool-102-worker-5,6,36,2,42,800,85900,500,33800,185,17100,1786683659635
IMPLOG,leaf,ForkJoinPool-102-worker-4,6,36,2,42,2300,76700,500,28300,188,16700,1786683659635
IMPLOG,leaf,ForkJoinPool-102-worker-3,6,36,2,42,1000,88600,500,33400,193,18200,1786683659635
IMPLOG,leaf,ForkJoinPool-102-worker-1,6,36,2,42,2200,81200,500,31500,166,15800,1786683659635
IMPLOG,leaf,ForkJoinPool-102-worker-2,6,36,2,42,2400,101600,600,40400,198,19300,1786683659635
IMPLOG,leaf,ForkJoinPool-102-worker-6,6,36,2,42,2300,86600,500,31700,217,19300,1786683659635
IMPLOG,scan,main,6,36,2,42,675800,1786683659635
IMPLOG,leaf,ForkJoinPool-102-worker-6,6,36,2,43,2100,103100,600,38200,247,22600,1786683659635
IMPLOG,leaf,ForkJoinPool-102-worker-1,6,36,2,43,1000,104500,600,37900,259,23800,1786683659635
IMPLOG,leaf,ForkJoinPool-102-worker-2,6,36,2,43,7900,104600,600,38300,270,24300,1786683659635
IMPLOG,leaf,ForkJoinPool-102-worker-4,6,36,2,43,2300,104300,600,36600,258,22900,1786683659635
IMPLOG,leaf,ForkJoinPool-102-worker-3,6,36,2,43,2100,87100,500,30300,217,19800,1786683659635
IMPLOG,leaf,ForkJoinPool-102-worker-5,6,36,2,43,2200,99100,600,38700,198,18700,1786683659635
IMPLOG,leaf,ForkJoinPool-102-worker-6,6,36,2,43,800,103400,600,37900,244,21900,1786683659635
IMPLOG,leaf,ForkJoinPool-102-worker-3,6,36,2,43,700,88000,500,33100,218,19900,1786683659635
IMPLOG,leaf,ForkJoinPool-102-worker-1,6,36,2,43,800,103100,600,38100,234,22500,1786683659635
IMPLOG,leaf,ForkJoinPool-102-worker-5,6,36,2,43,800,83000,500,31500,166,16500,1786683659635
IMPLOG,leaf,ForkJoinPool-102-worker-2,6,36,2,43,800,105100,600,37600,262,23600,1786683659635
IMPLOG,leaf,ForkJoinPool-102-worker-4,6,36,2,43,800,104400,600,38800,253,23800,1786683659635
IMPLOG,leaf,ForkJoinPool-102-worker-6,6,36,2,43,2200,86400,500,32100,206,18900,1786683659636
IMPLOG,leaf,ForkJoinPool-102-worker-3,6,36,2,43,2300,88100,500,31200,224,20500,1786683659636
IMPLOG,leaf,ForkJoinPool-102-worker-5,6,36,2,43,2500,84600,500,33300,187,17300,1786683659636
IMPLOG,leaf,ForkJoinPool-102-worker-1,6,36,2,43,3400,86500,500,32100,191,17600,1786683659636
IMPLOG,leaf,ForkJoinPool-102-worker-4,6,36,2,43,2400,86600,500,32100,213,20200,1786683659636
IMPLOG,leaf,ForkJoinPool-102-worker-2,6,36,2,43,2300,87800,500,31700,215,20800,1786683659636
IMPLOG,leaf,ForkJoinPool-102-worker-6,6,36,2,43,800,87500,500,31400,225,20300,1786683659636
IMPLOG,leaf,ForkJoinPool-102-worker-3,6,36,2,43,700,85900,500,32000,209,19000,1786683659636
IMPLOG,leaf,ForkJoinPool-102-worker-5,6,36,2,43,800,86800,500,30500,217,20100,1786683659636
IMPLOG,leaf,ForkJoinPool-102-worker-1,6,36,2,43,800,85700,500,33900,186,17100,1786683659636
IMPLOG,leaf,ForkJoinPool-102-worker-4,6,36,2,43,800,86300,500,32100,211,18800,1786683659636
IMPLOG,leaf,ForkJoinPool-102-worker-2,6,36,2,43,700,87500,500,31800,220,21000,1786683659636
IMPLOG,leaf,ForkJoinPool-102-worker-1,6,36,2,43,2200,59900,500,20500,193,13600,1786683659636
IMPLOG,leaf,ForkJoinPool-102-worker-6,6,36,2,43,2400,85900,500,31300,204,18500,1786683659636
IMPLOG,leaf,ForkJoinPool-102-worker-5,6,36,2,43,800,85200,500,30600,193,18600,1786683659636
IMPLOG,leaf,ForkJoinPool-102-worker-3,6,36,2,43,8300,88300,500,31200,223,20700,1786683659636
IMPLOG,leaf,ForkJoinPool-102-worker-2,6,36,2,43,2200,88600,500,34100,213,19700,1786683659636
IMPLOG,leaf,ForkJoinPool-102-worker-1,6,36,2,43,400,61700,500,20100,222,15000,1786683659636
IMPLOG,leaf,ForkJoinPool-102-worker-5,6,36,2,43,2000,86800,500,31300,216,20500,1786683659636
IMPLOG,leaf,ForkJoinPool-102-worker-6,6,36,2,43,700,103700,600,38000,256,23000,1786683659636
IMPLOG,leaf,ForkJoinPool-102-worker-3,6,36,2,43,900,85300,500,32500,195,18600,1786683659636
IMPLOG,leaf,ForkJoinPool-102-worker-4,6,36,2,43,2200,87600,500,31200,217,20500,1786683659636
IMPLOG,leaf,ForkJoinPool-102-worker-5,6,36,2,43,800,66200,500,23900,210,15400,1786683659636
IMPLOG,leaf,ForkJoinPool-102-worker-6,6,36,2,43,900,64600,500,22500,208,15700,1786683659636
IMPLOG,scan,main,6,36,2,43,675100,1786683659635
IMPLOG,leaf,ForkJoinPool-102-worker-6,6,36,2,44,2200,105200,600,39700,245,21900,1786683659636
IMPLOG,leaf,ForkJoinPool-102-worker-4,6,36,2,44,2800,107800,600,36800,270,25600,1786683659636
IMPLOG,leaf,ForkJoinPool-102-worker-1,6,36,2,44,2200,107800,600,40200,256,24300,1786683659636
IMPLOG,leaf,ForkJoinPool-102-worker-5,6,36,2,44,2200,107500,600,38400,258,24900,1786683659636
IMPLOG,leaf,ForkJoinPool-102-worker-3,6,36,2,44,1200,89500,500,30500,217,19700,1786683659636
IMPLOG,leaf,ForkJoinPool-102-worker-2,6,36,2,44,3900,90900,500,31900,225,21200,1786683659636
IMPLOG,leaf,ForkJoinPool-102-worker-6,6,36,2,44,800,105800,600,39000,244,22500,1786683659636
IMPLOG,leaf,ForkJoinPool-102-worker-1,6,36,2,44,5900,87900,500,32900,210,19200,1786683659636
IMPLOG,leaf,ForkJoinPool-102-worker-4,6,36,2,44,800,106900,600,39200,262,23400,1786683659636
IMPLOG,leaf,ForkJoinPool-102-worker-5,6,36,2,44,700,106400,600,39000,254,23600,1786683659636
IMPLOG,leaf,ForkJoinPool-102-worker-2,6,36,2,44,800,88200,500,32000,204,19600,1786683659636
IMPLOG,leaf,ForkJoinPool-102-worker-3,6,36,2,44,2900,89800,500,32300,218,20800,1786683659636
IMPLOG,leaf,ForkJoinPool-102-worker-6,6,36,2,44,2100,87200,500,31700,207,18700,1786683659636
IMPLOG,leaf,ForkJoinPool-102-worker-1,6,36,2,44,700,88900,500,31100,217,19400,1786683659636
IMPLOG,leaf,ForkJoinPool-102-worker-5,6,36,2,44,800,87100,500,31100,212,19600,1786683659636
IMPLOG,leaf,ForkJoinPool-102-worker-4,6,36,2,44,8400,89800,500,32800,215,20900,1786683659636
IMPLOG,leaf,ForkJoinPool-102-worker-2,6,36,2,44,2100,88600,500,33100,208,19400,1786683659636
IMPLOG,leaf,ForkJoinPool-102-worker-3,6,36,2,44,800,89400,500,31800,224,21200,1786683659636
IMPLOG,leaf,ForkJoinPool-102-worker-5,6,36,2,44,5700,60200,500,19000,211,14500,1786683659636
IMPLOG,leaf,ForkJoinPool-102-worker-6,6,36,2,44,700,89800,500,33400,209,18800,1786683659636
IMPLOG,leaf,ForkJoinPool-102-worker-4,6,36,2,44,800,90000,500,32300,220,20700,1786683659636
IMPLOG,leaf,ForkJoinPool-102-worker-5,6,36,2,44,900,90000,500,31500,223,21300,1786683659636
IMPLOG,leaf,ForkJoinPool-102-worker-6,6,36,2,44,800,89000,500,33100,213,19000,1786683659636
IMPLOG,leaf,ForkJoinPool-102-worker-1,6,36,2,44,2200,90100,500,32700,222,20700,1786683659636
IMPLOG,leaf,ForkJoinPool-102-worker-2,6,36,2,44,900,103100,600,41000,198,19300,1786683659636
IMPLOG,leaf,ForkJoinPool-102-worker-3,6,36,2,44,2300,108000,600,39600,259,24400,1786683659636
IMPLOG,leaf,ForkJoinPool-102-worker-4,6,36,2,44,2300,86700,500,32900,193,17300,1786683659636
IMPLOG,leaf,ForkJoinPool-102-worker-1,6,36,2,44,500,57600,500,18200,195,14500,1786683659636
IMPLOG,leaf,ForkJoinPool-102-worker-2,6,36,2,44,2200,86200,500,32700,166,15900,1786683659636
IMPLOG,leaf,ForkJoinPool-102-worker-6,6,36,2,44,9700,89700,500,32100,216,19900,1786683659636
IMPLOG,leaf,ForkJoinPool-102-worker-4,6,36,2,44,800,86100,500,32300,188,17500,1786683659637
IMPLOG,leaf,ForkJoinPool-102-worker-3,6,36,2,44,2000,105500,600,38900,234,21400,1786683659637
IMPLOG,leaf,ForkJoinPool-102-worker-1,6,36,2,44,2200,59300,500,19400,186,13600,1786683659637
IMPLOG,leaf,ForkJoinPool-102-worker-4,6,36,2,44,500,60500,500,20600,217,15200,1786683659637
IMPLOG,leaf,ForkJoinPool-102-worker-2,6,36,2,44,800,88500,500,34400,191,18500,1786683659637
IMPLOG,leaf,ForkJoinPool-102-worker-3,6,36,2,44,800,87700,500,32400,193,18000,1786683659637
IMPLOG,scan,main,6,36,2,44,754300,1786683659636
IMPLOG,leaf,ForkJoinPool-102-worker-6,6,36,2,45,1700,106300,600,38500,245,23700,1786683659637
IMPLOG,leaf,ForkJoinPool-102-worker-5,6,36,2,45,2600,109300,600,39400,270,26600,1786683659637
IMPLOG,leaf,ForkJoinPool-102-worker-2,6,36,2,45,600,60700,500,21400,213,15000,1786683659637
IMPLOG,leaf,ForkJoinPool-102-worker-1,6,36,2,45,1300,68300,600,26400,198,14200,1786683659637
IMPLOG,leaf,ForkJoinPool-102-worker-4,6,36,2,45,5400,107500,600,38500,258,24400,1786683659637
IMPLOG,leaf,ForkJoinPool-102-worker-3,6,36,2,45,4700,108200,600,39400,259,23800,1786683659637
IMPLOG,leaf,ForkJoinPool-102-worker-1,6,36,2,45,500,55600,500,20300,166,11800,1786683659637
IMPLOG,leaf,ForkJoinPool-102-worker-2,6,36,2,45,1400,68400,500,19600,216,14800,1786683659637
IMPLOG,leaf,ForkJoinPool-102-worker-6,6,36,2,45,2400,106800,600,37500,244,23100,1786683659637
IMPLOG,leaf,ForkJoinPool-102-worker-5,6,36,2,45,700,107900,600,38700,262,24300,1786683659637
IMPLOG,leaf,ForkJoinPool-102-worker-1,6,36,2,45,1900,57300,500,20400,188,14000,1786683659637
IMPLOG,leaf,ForkJoinPool-102-worker-2,6,36,2,45,500,58400,500,19900,222,15400,1786683659637
IMPLOG,leaf,ForkJoinPool-102-worker-3,6,36,2,45,900,103800,600,39700,235,21900,1786683659637
IMPLOG,leaf,ForkJoinPool-102-worker-4,6,36,2,45,800,104400,600,37600,254,23600,1786683659637
IMPLOG,leaf,ForkJoinPool-102-worker-6,6,36,2,45,2000,86000,500,30400,207,18700,1786683659637
IMPLOG,leaf,ForkJoinPool-102-worker-5,6,36,2,45,1900,87300,500,31000,215,20200,1786683659637
IMPLOG,leaf,ForkJoinPool-102-worker-1,6,36,2,45,500,58500,500,18700,216,15400,1786683659637
IMPLOG,leaf,ForkJoinPool-102-worker-2,6,36,2,45,1600,56700,500,20700,196,13000,1786683659637
IMPLOG,leaf,ForkJoinPool-102-worker-3,6,36,2,45,2000,86300,500,33100,191,17500,1786683659637
IMPLOG,leaf,ForkJoinPool-102-worker-4,6,36,2,45,2300,85900,500,30000,212,18900,1786683659637
IMPLOG,leaf,ForkJoinPool-102-worker-2,6,36,2,45,400,56400,500,19000,186,13200,1786683659637
IMPLOG,leaf,ForkJoinPool-102-worker-1,6,36,2,45,1600,56800,500,17900,192,13800,1786683659637
IMPLOG,leaf,ForkJoinPool-102-worker-6,6,36,2,45,800,87400,500,31900,225,20000,1786683659637
IMPLOG,leaf,ForkJoinPool-102-worker-5,6,36,2,45,1900,87800,500,31100,220,21000,1786683659637
IMPLOG,leaf,ForkJoinPool-102-worker-1,6,36,2,45,400,58400,500,19800,215,14100,1786683659637
IMPLOG,leaf,ForkJoinPool-102-worker-6,6,36,2,45,2200,65000,500,22000,204,15300,1786683659637
IMPLOG,leaf,ForkJoinPool-102-worker-3,6,36,2,45,800,86600,500,31400,194,17900,1786683659637
IMPLOG,leaf,ForkJoinPool-102-worker-4,6,36,2,45,800,87600,500,31700,211,19000,1786683659637
IMPLOG,leaf,ForkJoinPool-102-worker-1,6,36,2,45,1500,74300,500,26400,218,18100,1786683659637
IMPLOG,leaf,ForkJoinPool-102-worker-6,6,36,2,45,500,85300,600,29100,256,20400,1786683659637
IMPLOG,leaf,ForkJoinPool-102-worker-4,6,36,2,45,800,87100,500,30400,223,19100,1786683659637
IMPLOG,leaf,ForkJoinPool-102-worker-2,6,36,2,45,2200,86300,500,31700,217,19600,1786683659637
IMPLOG,leaf,ForkJoinPool-102-worker-3,6,36,2,45,1000,82600,500,30300,208,18700,1786683659637
IMPLOG,leaf,ForkJoinPool-102-worker-5,6,36,2,45,800,86600,500,31800,210,17900,1786683659637
IMPLOG,leaf,ForkJoinPool-102-worker-1,6,36,2,45,2000,78400,500,26900,224,18600,1786683659637
IMPLOG,leaf,ForkJoinPool-102-worker-6,6,36,2,45,2200,80100,500,28600,209,19800,1786683659637
IMPLOG,scan,main,6,36,2,45,681700,1786683659637
IMPLOG,leaf,ForkJoinPool-103-worker-1,6,36,3,1,2300,134100,600,63000,258,22400,1786683659644
IMPLOG,leaf,ForkJoinPool-103-worker-1,6,36,3,1,3100,111200,600,33700,265,21900,1786683659644
IMPLOG,leaf,ForkJoinPool-103-worker-1,6,36,3,1,2700,92200,500,29100,221,17700,1786683659644
IMPLOG,leaf,ForkJoinPool-103-worker-1,6,36,3,1,900,99900,500,42000,224,19500,1786683659644
IMPLOG,leaf,ForkJoinPool-103-worker-1,6,36,3,1,2200,108500,500,33600,215,19200,1786683659644
IMPLOG,leaf,ForkJoinPool-103-worker-2,6,36,3,1,2600,123600,600,47800,263,23900,1786683659644
IMPLOG,leaf,ForkJoinPool-103-worker-2,6,36,3,1,900,75600,600,23100,267,18900,1786683659644
IMPLOG,leaf,ForkJoinPool-103-worker-4,6,36,3,1,2600,82600,500,25800,214,17700,1786683659644
IMPLOG,leaf,ForkJoinPool-103-worker-2,6,36,3,1,2500,83900,500,28400,217,18900,1786683659644
IMPLOG,leaf,ForkJoinPool-103-worker-3,6,36,3,1,2700,104300,600,37900,258,23300,1786683659644
IMPLOG,leaf,ForkJoinPool-103-worker-4,6,36,3,1,900,75500,500,26100,217,17000,1786683659644
IMPLOG,leaf,ForkJoinPool-103-worker-2,6,36,3,1,800,87700,500,30700,220,19600,1786683659644
IMPLOG,leaf,ForkJoinPool-103-worker-4,6,36,3,1,2400,83600,500,28000,225,18800,1786683659644
IMPLOG,leaf,ForkJoinPool-103-worker-3,6,36,3,1,800,104300,600,37400,265,22700,1786683659644
IMPLOG,leaf,ForkJoinPool-103-worker-5,6,36,3,1,2100,108300,600,39400,260,24000,1786683659644
IMPLOG,leaf,ForkJoinPool-103-worker-1,6,36,3,1,2600,109800,600,38700,268,27000,1786683659644
IMPLOG,leaf,ForkJoinPool-103-worker-2,6,36,3,1,800,90600,500,33000,223,21100,1786683659644
IMPLOG,leaf,ForkJoinPool-103-worker-4,6,36,3,1,900,92800,500,29200,217,26000,1786683659644
IMPLOG,leaf,ForkJoinPool-103-worker-3,6,36,3,1,2700,87300,500,30800,216,20700,1786683659644
IMPLOG,leaf,ForkJoinPool-103-worker-1,6,36,3,1,800,87100,500,30600,220,20400,1786683659644
IMPLOG,leaf,ForkJoinPool-103-worker-5,6,36,3,1,800,105100,600,38000,257,23400,1786683659644
IMPLOG,leaf,ForkJoinPool-103-worker-6,6,36,3,1,1000,104500,600,36700,258,24000,1786683659644
IMPLOG,leaf,ForkJoinPool-103-worker-2,6,36,3,1,2100,89400,500,30700,213,19200,1786683659645
IMPLOG,leaf,ForkJoinPool-103-worker-4,6,36,3,1,2300,86700,500,31000,222,19700,1786683659645
IMPLOG,leaf,ForkJoinPool-103-worker-3,6,36,3,1,800,87900,500,30600,221,21500,1786683659645
IMPLOG,leaf,ForkJoinPool-103-worker-1,6,36,3,1,2000,83700,500,28600,220,20100,1786683659645
IMPLOG,leaf,ForkJoinPool-103-worker-5,6,36,3,1,800,87300,500,32300,218,19900,1786683659645
IMPLOG,leaf,ForkJoinPool-103-worker-6,6,36,3,1,2000,88200,500,31500,223,21400,1786683659645
IMPLOG,leaf,ForkJoinPool-103-worker-2,6,36,3,1,700,89000,500,30800,220,21300,1786683659645
IMPLOG,leaf,ForkJoinPool-103-worker-4,6,36,3,1,800,88200,500,32400,220,21200,1786683659645
IMPLOG,leaf,ForkJoinPool-103-worker-5,6,36,3,1,2100,89200,500,31100,220,20100,1786683659645
IMPLOG,leaf,ForkJoinPool-103-worker-6,6,36,3,1,700,90000,500,31400,226,20400,1786683659645
IMPLOG,leaf,ForkJoinPool-103-worker-2,6,36,3,1,2600,92200,500,31700,216,21100,1786683659645
IMPLOG,leaf,ForkJoinPool-103-worker-4,6,36,3,1,800,90300,500,32200,221,21600,1786683659645
IMPLOG,leaf,ForkJoinPool-103-worker-5,6,36,3,1,800,75800,500,25500,209,18500,1786683659645
IMPLOG,leaf,ForkJoinPool-103-worker-3,6,36,3,1,2000,82100,500,26400,204,18600,1786683659645
IMPLOG,scan,main,6,36,3,1,2061100,1786683659643
IMPLOG,leaf,ForkJoinPool-103-worker-1,6,36,3,2,900,104000,600,37100,258,23100,1786683659645
IMPLOG,leaf,ForkJoinPool-103-worker-2,6,36,3,2,2700,105500,600,38000,262,23800,1786683659645
IMPLOG,leaf,ForkJoinPool-103-worker-4,6,36,3,2,2800,89300,500,31400,225,20300,1786683659645
IMPLOG,leaf,ForkJoinPool-103-worker-6,6,36,3,2,2400,104500,600,37400,260,23900,1786683659645
IMPLOG,leaf,ForkJoinPool-103-worker-5,6,36,3,2,2400,107500,600,37500,259,23600,1786683659645
IMPLOG,leaf,ForkJoinPool-103-worker-3,6,36,3,2,4400,107200,600,37000,268,24200,1786683659645
IMPLOG,leaf,ForkJoinPool-103-worker-1,6,36,3,2,800,105700,600,38300,265,22300,1786683659645
IMPLOG,leaf,ForkJoinPool-103-worker-4,6,36,3,2,800,87400,500,31800,217,19200,1786683659645
IMPLOG,leaf,ForkJoinPool-103-worker-2,6,36,3,2,800,109700,600,39400,267,25700,1786683659645
IMPLOG,leaf,ForkJoinPool-103-worker-3,6,36,3,2,800,87500,500,30700,221,19200,1786683659645
IMPLOG,leaf,ForkJoinPool-103-worker-6,6,36,3,2,800,106600,600,38500,265,24500,1786683659645
IMPLOG,leaf,ForkJoinPool-103-worker-5,6,36,3,2,800,108100,600,38900,257,23800,1786683659645
IMPLOG,leaf,ForkJoinPool-103-worker-1,6,36,3,2,3600,94100,500,34000,221,21800,1786683659645
IMPLOG,leaf,ForkJoinPool-103-worker-4,6,36,3,2,2100,88600,500,33900,221,20300,1786683659645
IMPLOG,leaf,ForkJoinPool-103-worker-2,6,36,3,2,4200,90400,500,32100,217,20500,1786683659645
IMPLOG,leaf,ForkJoinPool-103-worker-3,6,36,3,2,2700,87900,500,31300,214,19500,1786683659645
IMPLOG,leaf,ForkJoinPool-103-worker-6,6,36,3,2,800,88400,500,30900,216,20500,1786683659645
IMPLOG,leaf,ForkJoinPool-103-worker-5,6,36,3,2,800,91300,500,32600,218,21500,1786683659645
IMPLOG,leaf,ForkJoinPool-103-worker-1,6,36,3,2,800,89200,500,30100,224,19600,1786683659645
IMPLOG,leaf,ForkJoinPool-103-worker-4,6,36,3,2,700,88900,500,34000,220,19500,1786683659645
IMPLOG,leaf,ForkJoinPool-103-worker-2,6,36,3,2,700,89000,500,31100,219,20100,1786683659645
IMPLOG,leaf,ForkJoinPool-103-worker-3,6,36,3,2,800,88000,500,29900,217,18500,1786683659645
IMPLOG,leaf,ForkJoinPool-103-worker-6,6,36,3,2,1900,89600,500,32700,221,20300,1786683659645
IMPLOG,leaf,ForkJoinPool-103-worker-5,6,36,3,2,1800,91900,500,32500,219,21700,1786683659645
IMPLOG,leaf,ForkJoinPool-103-worker-1,6,36,3,2,2100,88800,500,31900,216,19200,1786683659645
IMPLOG,leaf,ForkJoinPool-103-worker-4,6,36,3,2,2300,88500,500,30300,219,20200,1786683659645
IMPLOG,leaf,ForkJoinPool-103-worker-5,6,36,3,2,500,61600,500,19600,209,15100,1786683659645
IMPLOG,leaf,ForkJoinPool-103-worker-2,6,36,3,2,2100,89600,500,30600,223,20400,1786683659645
IMPLOG,leaf,ForkJoinPool-103-worker-3,6,36,3,2,2100,107600,600,38600,258,24100,1786683659645
IMPLOG,leaf,ForkJoinPool-103-worker-1,6,36,3,2,800,89500,500,30800,226,21200,1786683659645
IMPLOG,leaf,ForkJoinPool-103-worker-4,6,36,3,2,800,89300,500,30900,221,19800,1786683659645
IMPLOG,leaf,ForkJoinPool-103-worker-5,6,36,3,2,2000,89900,500,33300,216,20500,1786683659645
IMPLOG,leaf,ForkJoinPool-103-worker-6,6,36,3,2,800,89500,500,33700,216,19400,1786683659645
IMPLOG,leaf,ForkJoinPool-103-worker-2,6,36,3,2,800,96300,500,33300,223,29000,1786683659645
IMPLOG,leaf,ForkJoinPool-103-worker-3,6,36,3,2,2100,88700,500,31500,216,20000,1786683659645
IMPLOG,leaf,ForkJoinPool-103-worker-4,6,36,3,2,800,72900,500,26700,207,17000,1786683659646
IMPLOG,scan,main,6,36,3,2,718500,1786683659645
IMPLOG,leaf,ForkJoinPool-103-worker-1,6,36,3,3,700,104100,600,37200,235,22400,1786683659646
IMPLOG,leaf,ForkJoinPool-103-worker-2,6,36,3,3,1000,111100,600,42100,262,25200,1786683659646
IMPLOG,leaf,ForkJoinPool-103-worker-6,6,36,3,3,2200,109000,600,40000,260,22500,1786683659646
IMPLOG,leaf,ForkJoinPool-103-worker-5,6,36,3,3,2200,111500,600,40900,259,27700,1786683659646
IMPLOG,leaf,ForkJoinPool-103-worker-3,6,36,3,3,1300,93800,500,33400,225,20600,1786683659646
IMPLOG,leaf,ForkJoinPool-103-worker-1,6,36,3,3,800,107900,600,38300,255,24000,1786683659646
IMPLOG,leaf,ForkJoinPool-103-worker-4,6,36,3,3,4900,109300,600,40600,250,24900,1786683659646
IMPLOG,leaf,ForkJoinPool-103-worker-2,6,36,3,3,2300,108800,600,38900,267,24500,1786683659646
IMPLOG,leaf,ForkJoinPool-103-worker-6,6,36,3,3,2200,108900,600,39000,260,23700,1786683659646
IMPLOG,leaf,ForkJoinPool-103-worker-5,6,36,3,3,800,109900,600,40200,241,22800,1786683659646
IMPLOG,leaf,ForkJoinPool-103-worker-3,6,36,3,3,2700,90400,500,32700,212,20600,1786683659646
IMPLOG,leaf,ForkJoinPool-103-worker-4,6,36,3,3,800,92200,500,34000,223,21000,1786683659646
IMPLOG,leaf,ForkJoinPool-103-worker-1,6,36,3,3,15100,91100,500,33800,217,20900,1786683659646
IMPLOG,leaf,ForkJoinPool-103-worker-2,6,36,3,3,800,90000,500,33400,210,20700,1786683659646
IMPLOG,leaf,ForkJoinPool-103-worker-6,6,36,3,3,800,91100,500,33800,216,20400,1786683659646
IMPLOG,leaf,ForkJoinPool-103-worker-5,6,36,3,3,2200,87800,500,34500,184,17300,1786683659646
IMPLOG,leaf,ForkJoinPool-103-worker-3,6,36,3,3,800,92400,500,34900,221,21700,1786683659646
IMPLOG,leaf,ForkJoinPool-103-worker-4,6,36,3,3,2300,93700,500,33400,226,21600,1786683659646
IMPLOG,leaf,ForkJoinPool-103-worker-1,6,36,3,3,600,89100,500,33400,211,18500,1786683659646
IMPLOG,leaf,ForkJoinPool-103-worker-5,6,36,3,3,800,88500,500,35100,180,16400,1786683659646
IMPLOG,leaf,ForkJoinPool-103-worker-6,6,36,3,3,2300,91600,500,34400,215,20900,1786683659646
IMPLOG,leaf,ForkJoinPool-103-worker-2,6,36,3,3,11100,92000,500,33400,219,21400,1786683659646
IMPLOG,leaf,ForkJoinPool-103-worker-3,6,36,3,3,2300,91600,500,33700,214,21500,1786683659646
IMPLOG,leaf,ForkJoinPool-103-worker-4,6,36,3,3,800,92200,500,33700,212,20200,1786683659646
IMPLOG,leaf,ForkJoinPool-103-worker-1,6,36,3,3,2700,90600,500,34300,208,20700,1786683659646
IMPLOG,leaf,ForkJoinPool-103-worker-5,6,36,3,3,2100,89100,500,35700,187,18100,1786683659646
IMPLOG,leaf,ForkJoinPool-103-worker-6,6,36,3,3,700,90400,500,33000,219,20600,1786683659646
IMPLOG,leaf,ForkJoinPool-103-worker-2,6,36,3,3,700,92700,500,33500,223,21700,1786683659646
IMPLOG,leaf,ForkJoinPool-103-worker-1,6,36,3,3,800,68100,500,23200,207,16000,1786683659646
IMPLOG,leaf,ForkJoinPool-103-worker-3,6,36,3,3,2100,107000,600,38400,261,23800,1786683659646
IMPLOG,leaf,ForkJoinPool-103-worker-5,6,36,3,3,800,93300,500,33500,216,21700,1786683659646
IMPLOG,leaf,ForkJoinPool-103-worker-6,6,36,3,3,2300,89600,500,32600,212,18600,1786683659646
IMPLOG,leaf,ForkJoinPool-103-worker-4,6,36,3,3,14900,89500,500,31900,204,18700,1786683659646
IMPLOG,leaf,ForkJoinPool-103-worker-1,6,36,3,3,1700,61400,500,22000,221,15700,1786683659646
IMPLOG,leaf,ForkJoinPool-103-worker-5,6,36,3,3,800,90500,500,35600,204,19800,1786683659646
IMPLOG,leaf,ForkJoinPool-103-worker-6,6,36,3,3,800,91000,500,34500,216,21300,1786683659646
IMPLOG,scan,main,6,36,3,3,762000,1786683659646
IMPLOG,leaf,ForkJoinPool-103-worker-1,6,36,3,4,3000,107100,600,38300,235,23100,1786683659646
IMPLOG,leaf,ForkJoinPool-103-worker-2,6,36,3,4,2300,109700,600,40400,262,25000,1786683659646
IMPLOG,leaf,ForkJoinPool-103-worker-4,6,36,3,4,900,110700,600,38600,250,28000,1786683659646
IMPLOG,leaf,ForkJoinPool-103-worker-5,6,36,3,4,2100,110800,600,39600,261,25200,1786683659646
IMPLOG,leaf,ForkJoinPool-103-worker-6,6,36,3,4,4400,88000,500,32400,203,18800,1786683659647
IMPLOG,leaf,ForkJoinPool-103-worker-3,6,36,3,4,1000,106100,600,38500,260,25200,1786683659647
IMPLOG,leaf,ForkJoinPool-103-worker-1,6,36,3,4,800,105400,600,37200,255,23400,1786683659647
IMPLOG,leaf,ForkJoinPool-103-worker-4,6,36,3,4,2300,90600,500,32400,223,21000,1786683659647
IMPLOG,leaf,ForkJoinPool-103-worker-2,6,36,3,4,2100,107300,600,38100,267,24700,1786683659647
IMPLOG,leaf,ForkJoinPool-103-worker-5,6,36,3,4,2000,106700,600,38900,247,25100,1786683659647
IMPLOG,leaf,ForkJoinPool-103-worker-6,6,36,3,4,800,86000,500,32200,216,19000,1786683659647
IMPLOG,leaf,ForkJoinPool-103-worker-3,6,36,3,4,12900,105200,600,38200,255,23600,1786683659647
IMPLOG,leaf,ForkJoinPool-103-worker-1,6,36,3,4,2200,89000,500,33000,217,20800,1786683659647
IMPLOG,leaf,ForkJoinPool-103-worker-4,6,36,3,4,800,90600,500,32900,225,22000,1786683659647
IMPLOG,leaf,ForkJoinPool-103-worker-2,6,36,3,4,800,87600,500,32300,210,19800,1786683659647
IMPLOG,leaf,ForkJoinPool-103-worker-5,6,36,3,4,900,85300,500,33000,184,17500,1786683659647
IMPLOG,leaf,ForkJoinPool-103-worker-6,6,36,3,4,800,88900,500,32700,214,19700,1786683659647
IMPLOG,leaf,ForkJoinPool-103-worker-3,6,36,3,4,2400,85900,500,31800,210,19300,1786683659647
IMPLOG,leaf,ForkJoinPool-103-worker-1,6,36,3,4,800,87500,500,31800,211,19200,1786683659647
IMPLOG,leaf,ForkJoinPool-103-worker-4,6,36,3,4,2200,88200,500,30700,211,20700,1786683659647
IMPLOG,leaf,ForkJoinPool-103-worker-2,6,36,3,4,2500,89200,500,32700,222,19300,1786683659647
IMPLOG,leaf,ForkJoinPool-103-worker-5,6,36,3,4,2600,85100,500,32800,183,16500,1786683659647
IMPLOG,leaf,ForkJoinPool-103-worker-6,6,36,3,4,9500,88400,500,32200,207,20500,1786683659647
IMPLOG,leaf,ForkJoinPool-103-worker-4,6,36,3,4,700,67300,500,22800,223,17100,1786683659647
IMPLOG,leaf,ForkJoinPool-103-worker-1,6,36,3,4,2200,87000,500,30400,208,19300,1786683659647
IMPLOG,leaf,ForkJoinPool-103-worker-3,6,36,3,4,2800,87800,500,31700,215,20300,1786683659647
IMPLOG,leaf,ForkJoinPool-103-worker-2,6,36,3,4,800,86000,500,33200,187,17500,1786683659647
IMPLOG,leaf,ForkJoinPool-103-worker-4,6,36,3,4,500,75900,500,24600,224,18100,1786683659647
IMPLOG,leaf,ForkJoinPool-103-worker-6,6,36,3,4,800,105200,600,37700,261,24200,1786683659647
IMPLOG,leaf,ForkJoinPool-103-worker-1,6,36,3,4,800,87400,500,33900,219,19400,1786683659647
IMPLOG,leaf,ForkJoinPool-103-worker-3,6,36,3,4,800,89900,500,33100,222,20900,1786683659647
IMPLOG,leaf,ForkJoinPool-103-worker-2,6,36,3,4,900,79400,500,28100,207,16900,1786683659647
IMPLOG,leaf,ForkJoinPool-103-worker-5,6,36,3,4,900,88900,500,32500,212,20900,1786683659647
IMPLOG,leaf,ForkJoinPool-103-worker-4,6,36,3,4,2200,78400,500,26300,221,18000,1786683659647
IMPLOG,leaf,ForkJoinPool-103-worker-6,6,36,3,4,2500,88300,500,33400,212,20100,1786683659647
IMPLOG,leaf,ForkJoinPool-103-worker-3,6,36,3,4,1900,86800,500,31600,214,20100,1786683659647
IMPLOG,scan,main,6,36,3,4,711200,1786683659646
IMPLOG,leaf,ForkJoinPool-103-worker-4,6,36,3,5,1000,90300,500,34500,197,20200,1786683659647
IMPLOG,leaf,ForkJoinPool-103-worker-1,6,36,3,5,2000,112600,600,40400,235,25600,1786683659647
IMPLOG,leaf,ForkJoinPool-103-worker-2,6,36,3,5,3400,81900,600,25400,260,19800,1786683659647
IMPLOG,leaf,ForkJoinPool-103-worker-3,6,36,3,5,7400,110800,600,41300,262,25500,1786683659647
IMPLOG,leaf,ForkJoinPool-103-worker-5,6,36,3,5,2900,111900,600,40000,262,27100,1786683659647
IMPLOG,leaf,ForkJoinPool-103-worker-6,6,36,3,5,1200,64700,500,20900,218,16500,1786683659647
IMPLOG,leaf,ForkJoinPool-103-worker-2,6,36,3,5,400,73300,600,25400,254,18700,1786683659647
IMPLOG,leaf,ForkJoinPool-103-worker-4,6,36,3,5,2400,92300,500,34000,220,21600,1786683659647
IMPLOG,leaf,ForkJoinPool-103-worker-1,6,36,3,5,2800,108000,600,39300,255,23300,1786683659647
IMPLOG,leaf,ForkJoinPool-103-worker-6,6,36,3,5,3500,62100,500,20400,208,16800,1786683659647
IMPLOG,leaf,ForkJoinPool-103-worker-5,6,36,3,5,800,98100,600,34800,247,23800,1786683659647
IMPLOG,leaf,ForkJoinPool-103-worker-3,6,36,3,5,800,109900,600,38600,267,25500,1786683659647
IMPLOG,leaf,ForkJoinPool-103-worker-2,6,36,3,5,1600,74100,500,25800,210,17000,1786683659647
IMPLOG,leaf,ForkJoinPool-103-worker-6,6,36,3,5,1700,59800,500,21700,181,14100,1786683659647
IMPLOG,leaf,ForkJoinPool-103-worker-5,6,36,3,5,500,60700,500,23400,184,14700,1786683659647
IMPLOG,leaf,ForkJoinPool-103-worker-1,6,36,3,5,800,92200,500,32600,217,21100,1786683659647
IMPLOG,leaf,ForkJoinPool-103-worker-3,6,36,3,5,2200,90600,500,33400,210,20500,1786683659647
IMPLOG,leaf,ForkJoinPool-103-worker-6,6,36,3,5,500,70400,500,33900,187,13400,1786683659647
IMPLOG,leaf,ForkJoinPool-103-worker-4,6,36,3,5,1000,119600,600,49800,261,24700,1786683659647
IMPLOG,leaf,ForkJoinPool-103-worker-2,6,36,3,5,800,102700,500,32300,215,20700,1786683659647
IMPLOG,leaf,ForkJoinPool-103-worker-3,6,36,3,5,800,99900,500,31600,222,22000,1786683659648
IMPLOG,leaf,ForkJoinPool-103-worker-1,6,36,3,5,2200,123100,500,33800,211,53200,1786683659647
IMPLOG,leaf,ForkJoinPool-103-worker-4,6,36,3,5,900,91800,500,32500,220,21800,1786683659648
IMPLOG,leaf,ForkJoinPool-103-worker-6,6,36,3,5,2400,91600,500,33700,225,22300,1786683659648
IMPLOG,leaf,ForkJoinPool-103-worker-2,6,36,3,5,800,91000,500,31900,219,20600,1786683659648
IMPLOG,leaf,ForkJoinPool-103-worker-5,6,36,3,5,2900,109600,600,40300,250,24500,1786683659648
IMPLOG,leaf,ForkJoinPool-103-worker-3,6,36,3,5,2300,92700,500,32900,223,22300,1786683659648
IMPLOG,leaf,ForkJoinPool-103-worker-1,6,36,3,5,800,90900,500,33300,208,20400,1786683659648
IMPLOG,leaf,ForkJoinPool-103-worker-4,6,36,3,5,2300,90900,500,33200,211,20800,1786683659648
IMPLOG,leaf,ForkJoinPool-103-worker-6,6,36,3,5,800,91100,500,33500,212,20800,1786683659648
IMPLOG,leaf,ForkJoinPool-103-worker-2,6,36,3,5,2500,91900,500,32600,224,23300,1786683659648
IMPLOG,leaf,ForkJoinPool-103-worker-5,6,36,3,5,800,93500,500,34000,222,22400,1786683659648
IMPLOG,leaf,ForkJoinPool-103-worker-3,6,36,3,5,800,94500,500,33800,225,22600,1786683659648
IMPLOG,leaf,ForkJoinPool-103-worker-1,6,36,3,5,900,91600,500,33900,208,20200,1786683659648
IMPLOG,leaf,ForkJoinPool-103-worker-6,6,36,3,5,2300,94700,500,33900,214,25100,1786683659648
IMPLOG,leaf,ForkJoinPool-103-worker-5,6,36,3,5,2200,96200,500,35500,211,20300,1786683659648
IMPLOG,scan,main,6,36,3,5,729700,1786683659647
IMPLOG,leaf,ForkJoinPool-103-worker-1,6,36,3,6,5800,106700,600,39700,236,21800,1786683659648
IMPLOG,leaf,ForkJoinPool-103-worker-3,6,36,3,6,900,110800,600,40300,262,25000,1786683659648
IMPLOG,leaf,ForkJoinPool-103-worker-5,6,36,3,6,900,111000,600,39600,250,26900,1786683659648
IMPLOG,leaf,ForkJoinPool-103-worker-2,6,36,3,6,900,110900,600,41100,262,24400,1786683659648
IMPLOG,leaf,ForkJoinPool-103-worker-4,6,36,3,6,600,76600,600,26100,260,18900,1786683659648
IMPLOG,leaf,ForkJoinPool-103-worker-6,6,36,3,6,1100,65200,500,22200,222,16400,1786683659648
IMPLOG,leaf,ForkJoinPool-103-worker-6,6,36,3,6,500,63000,500,21300,223,16500,1786683659648
IMPLOG,leaf,ForkJoinPool-103-worker-4,6,36,3,6,2100,74400,600,24400,254,18200,1786683659648
IMPLOG,leaf,ForkJoinPool-103-worker-5,6,36,3,6,700,96200,500,34400,222,23400,1786683659648
IMPLOG,leaf,ForkJoinPool-103-worker-1,6,36,3,6,9900,109100,600,39800,255,25400,1786683659648
IMPLOG,leaf,ForkJoinPool-103-worker-3,6,36,3,6,2500,111800,600,39300,267,27500,1786683659648
IMPLOG,leaf,ForkJoinPool-103-worker-2,6,36,3,6,2000,110700,600,41700,247,26000,1786683659648
IMPLOG,leaf,ForkJoinPool-103-worker-6,6,36,3,6,5500,59600,500,20000,210,14800,1786683659648
IMPLOG,leaf,ForkJoinPool-103-worker-4,6,36,3,6,500,60000,500,20200,210,15800,1786683659648
IMPLOG,leaf,ForkJoinPool-103-worker-1,6,36,3,6,2100,88300,500,30900,215,19400,1786683659648
IMPLOG,leaf,ForkJoinPool-103-worker-5,6,36,3,6,2100,92400,500,34000,225,22300,1786683659648
IMPLOG,leaf,ForkJoinPool-103-worker-3,6,36,3,6,800,88700,500,32900,211,20400,1786683659648
IMPLOG,leaf,ForkJoinPool-103-worker-2,6,36,3,6,800,87900,500,32600,188,18600,1786683659648
IMPLOG,leaf,ForkJoinPool-103-worker-4,6,36,3,6,400,60100,500,20800,215,16000,1786683659648
IMPLOG,leaf,ForkJoinPool-103-worker-6,6,36,3,6,500,71500,600,24600,262,18900,1786683659648
IMPLOG,leaf,ForkJoinPool-103-worker-4,6,36,3,6,500,60300,500,20500,219,15400,1786683659648
IMPLOG,leaf,ForkJoinPool-103-worker-6,6,36,3,6,2600,60900,500,19800,220,16400,1786683659648
IMPLOG,leaf,ForkJoinPool-103-worker-5,6,36,3,6,700,88400,500,33300,197,19100,1786683659648
IMPLOG,leaf,ForkJoinPool-103-worker-1,6,36,3,6,700,88800,500,31600,211,19500,1786683659648
IMPLOG,leaf,ForkJoinPool-103-worker-2,6,36,3,6,800,87400,500,33700,182,18300,1786683659648
IMPLOG,leaf,ForkJoinPool-103-worker-3,6,36,3,6,2500,90500,500,34000,218,21100,1786683659648
IMPLOG,leaf,ForkJoinPool-103-worker-4,6,36,3,6,7600,61200,500,19300,225,16600,1786683659648
IMPLOG,leaf,ForkJoinPool-103-worker-6,6,36,3,6,400,60000,500,22300,212,15500,1786683659648
IMPLOG,leaf,ForkJoinPool-103-worker-1,6,36,3,6,800,87100,500,31600,207,19500,1786683659648
IMPLOG,leaf,ForkJoinPool-103-worker-5,6,36,3,6,2000,88400,500,33400,220,20700,1786683659648
IMPLOG,leaf,ForkJoinPool-103-worker-3,6,36,3,6,800,88400,500,33500,208,20600,1786683659648
IMPLOG,leaf,ForkJoinPool-103-worker-2,6,36,3,6,10600,84800,500,32200,191,18600,1786683659648
IMPLOG,leaf,ForkJoinPool-103-worker-6,6,36,3,6,1600,60500,500,21100,208,15800,1786683659648
IMPLOG,leaf,ForkJoinPool-103-worker-4,6,36,3,6,2000,67200,500,24000,213,17100,1786683659648
IMPLOG,leaf,ForkJoinPool-103-worker-1,6,36,3,6,2100,73400,500,25900,224,17900,1786683659648
IMPLOG,leaf,ForkJoinPool-103-worker-5,6,36,3,6,900,72400,500,24800,214,16200,1786683659648
IMPLOG,scan,main,6,36,3,6,651700,1786683659648
IMPLOG,leaf,ForkJoinPool-103-worker-2,6,36,3,7,500,59600,500,19600,222,14800,1786683659649
IMPLOG,leaf,ForkJoinPool-103-worker-6,6,36,3,7,700,60500,500,18700,225,17400,1786683659649
IMPLOG,leaf,ForkJoinPool-103-worker-1,6,36,3,7,1000,100300,600,37900,235,21400,1786683659649
IMPLOG,leaf,ForkJoinPool-103-worker-4,6,36,3,7,2300,104400,600,38100,265,24100,1786683659649
IMPLOG,leaf,ForkJoinPool-103-worker-3,6,36,3,7,2000,104800,600,38100,250,23100,1786683659649
IMPLOG,leaf,ForkJoinPool-103-worker-5,6,36,3,7,1900,108700,600,40600,262,24500,1786683659649
IMPLOG,leaf,ForkJoinPool-103-worker-2,6,36,3,7,1600,60800,500,19600,223,16900,1786683659649
IMPLOG,leaf,ForkJoinPool-103-worker-6,6,36,3,7,6800,58900,500,19300,211,15200,1786683659649
IMPLOG,leaf,ForkJoinPool-103-worker-2,6,36,3,7,400,58200,500,19800,213,14700,1786683659649
IMPLOG,leaf,ForkJoinPool-103-worker-1,6,36,3,7,900,101800,600,36400,254,23500,1786683659649
IMPLOG,leaf,ForkJoinPool-103-worker-6,6,36,3,7,1500,59000,500,18500,197,14300,1786683659649
IMPLOG,leaf,ForkJoinPool-103-worker-3,6,36,3,7,700,87000,500,31100,222,20800,1786683659649
IMPLOG,leaf,ForkJoinPool-103-worker-4,6,36,3,7,700,103600,600,37400,266,25000,1786683659649
IMPLOG,leaf,ForkJoinPool-103-worker-5,6,36,3,7,2000,104200,600,37700,248,23600,1786683659649
IMPLOG,leaf,ForkJoinPool-103-worker-6,6,36,3,7,400,60000,500,19500,221,15200,1786683659649
IMPLOG,leaf,ForkJoinPool-103-worker-2,6,36,3,7,1500,69700,600,22400,260,18100,1786683659649
IMPLOG,leaf,ForkJoinPool-103-worker-1,6,36,3,7,2000,86400,500,30900,214,19500,1786683659649
IMPLOG,leaf,ForkJoinPool-103-worker-4,6,36,3,7,2100,84100,500,33600,186,17400,1786683659649
IMPLOG,leaf,ForkJoinPool-103-worker-3,6,36,3,7,6900,84100,500,32300,182,17000,1786683659649
IMPLOG,leaf,ForkJoinPool-103-worker-6,6,36,3,7,2200,57800,500,19700,191,14200,1786683659649
IMPLOG,leaf,ForkJoinPool-103-worker-5,6,36,3,7,800,89600,500,32400,218,20700,1786683659649
IMPLOG,leaf,ForkJoinPool-103-worker-2,6,36,3,7,1400,70000,600,24100,254,17900,1786683659649
IMPLOG,leaf,ForkJoinPool-103-worker-1,6,36,3,7,800,64200,500,22900,213,15900,1786683659649
IMPLOG,leaf,ForkJoinPool-103-worker-3,6,36,3,7,2100,70900,500,25200,208,17300,1786683659649
IMPLOG,leaf,ForkJoinPool-103-worker-2,6,36,3,7,500,58200,500,20100,211,14700,1786683659649
IMPLOG,leaf,ForkJoinPool-103-worker-1,6,36,3,7,1700,69400,500,24900,207,16100,1786683659649
IMPLOG,leaf,ForkJoinPool-103-worker-3,6,36,3,7,800,100800,600,35300,262,23400,1786683659649
IMPLOG,leaf,ForkJoinPool-103-worker-2,6,36,3,7,1400,84000,500,30800,215,18900,1786683659649
IMPLOG,leaf,ForkJoinPool-103-worker-6,6,36,3,7,2100,88500,500,31900,224,21400,1786683659649
IMPLOG,leaf,ForkJoinPool-103-worker-5,6,36,3,7,2600,85800,500,31400,212,18500,1786683659649
IMPLOG,leaf,ForkJoinPool-103-worker-4,6,36,3,7,800,87600,500,33300,224,21300,1786683659649
IMPLOG,leaf,ForkJoinPool-103-worker-1,6,36,3,7,800,87500,500,32800,219,20700,1786683659649
IMPLOG,leaf,ForkJoinPool-103-worker-2,6,36,3,7,800,63900,500,22300,215,16200,1786683659649
IMPLOG,leaf,ForkJoinPool-103-worker-6,6,36,3,7,800,70300,500,26100,214,16900,1786683659649
IMPLOG,leaf,ForkJoinPool-103-worker-3,6,36,3,7,2000,87000,500,31200,219,20400,1786683659649
IMPLOG,leaf,ForkJoinPool-103-worker-5,6,36,3,7,800,84200,500,29900,208,19300,1786683659649
IMPLOG,scan,main,6,36,3,7,621000,1786683659649
IMPLOG,leaf,ForkJoinPool-103-worker-1,6,36,3,8,800,102400,600,38100,235,21200,1786683659649
IMPLOG,leaf,ForkJoinPool-103-worker-3,6,36,3,8,2300,105800,600,38500,265,24300,1786683659649
IMPLOG,leaf,ForkJoinPool-103-worker-5,6,36,3,8,1000,103700,600,38500,258,24100,1786683659649
IMPLOG,leaf,ForkJoinPool-103-worker-2,6,36,3,8,1900,105900,600,38500,262,25800,1786683659649
IMPLOG,leaf,ForkJoinPool-103-worker-4,6,36,3,8,2100,86000,500,32100,205,18800,1786683659649
IMPLOG,leaf,ForkJoinPool-103-worker-6,6,36,3,8,2100,88000,500,32200,224,20500,1786683659649
IMPLOG,leaf,ForkJoinPool-103-worker-1,6,36,3,8,2100,104200,600,38500,257,24000,1786683659649
IMPLOG,leaf,ForkJoinPool-103-worker-6,6,36,3,8,700,87600,500,32400,216,19600,1786683659649
IMPLOG,leaf,ForkJoinPool-103-worker-4,6,36,3,8,700,87000,500,31700,218,19900,1786683659649
IMPLOG,leaf,ForkJoinPool-103-worker-3,6,36,3,8,800,105200,600,38400,266,23600,1786683659649
IMPLOG,leaf,ForkJoinPool-103-worker-5,6,36,3,8,2600,104000,600,38500,254,23100,1786683659649
IMPLOG,leaf,ForkJoinPool-103-worker-2,6,36,3,8,1800,106800,600,40300,248,23700,1786683659649
IMPLOG,leaf,ForkJoinPool-103-worker-1,6,36,3,8,700,86300,500,32900,205,18800,1786683659649
IMPLOG,leaf,ForkJoinPool-103-worker-4,6,36,3,8,800,87600,500,32800,217,20600,1786683659649
IMPLOG,leaf,ForkJoinPool-103-worker-6,6,36,3,8,2000,88200,500,31500,224,21200,1786683659649
IMPLOG,leaf,ForkJoinPool-103-worker-3,6,36,3,8,2100,86900,500,31100,214,19600,1786683659649
IMPLOG,leaf,ForkJoinPool-103-worker-5,6,36,3,8,700,85900,500,31900,213,18800,1786683659649
IMPLOG,leaf,ForkJoinPool-103-worker-2,6,36,3,8,800,85400,500,32800,187,18600,1786683659649
IMPLOG,leaf,ForkJoinPool-103-worker-1,6,36,3,8,2400,86300,500,32700,213,17600,1786683659649
IMPLOG,leaf,ForkJoinPool-103-worker-6,6,36,3,8,800,86500,500,32700,215,19500,1786683659649
IMPLOG,leaf,ForkJoinPool-103-worker-4,6,36,3,8,2000,87800,500,32200,210,21100,1786683659649
IMPLOG,leaf,ForkJoinPool-103-worker-3,6,36,3,8,700,87600,500,32800,222,19900,1786683659649
IMPLOG,leaf,ForkJoinPool-103-worker-5,6,36,3,8,2400,86000,500,33000,215,19400,1786683659649
IMPLOG,leaf,ForkJoinPool-103-worker-2,6,36,3,8,2000,88200,500,34800,182,20500,1786683659649
IMPLOG,leaf,ForkJoinPool-103-worker-1,6,36,3,8,700,85700,500,31600,205,19100,1786683659650
IMPLOG,leaf,ForkJoinPool-103-worker-4,6,36,3,8,700,86200,500,33400,191,17800,1786683659650
IMPLOG,leaf,ForkJoinPool-103-worker-6,6,36,3,8,2100,87200,500,32700,219,20600,1786683659650
IMPLOG,leaf,ForkJoinPool-103-worker-3,6,36,3,8,2200,88700,500,32700,223,21000,1786683659650
IMPLOG,leaf,ForkJoinPool-103-worker-6,6,36,3,8,2400,87700,500,31400,213,19100,1786683659650
IMPLOG,leaf,ForkJoinPool-103-worker-1,6,36,3,8,700,104600,600,38800,262,25000,1786683659650
IMPLOG,leaf,ForkJoinPool-103-worker-3,6,36,3,8,1900,90800,500,32600,225,21600,1786683659650
IMPLOG,leaf,ForkJoinPool-103-worker-4,6,36,3,8,2600,106400,600,38200,251,23300,1786683659650
IMPLOG,leaf,ForkJoinPool-103-worker-2,6,36,3,8,900,87500,500,30900,211,19900,1786683659650
IMPLOG,leaf,ForkJoinPool-103-worker-5,6,36,3,8,800,87300,500,33800,219,20800,1786683659650
IMPLOG,leaf,ForkJoinPool-103-worker-6,6,36,3,8,700,68500,500,24100,208,15200,1786683659650
IMPLOG,leaf,ForkJoinPool-103-worker-3,6,36,3,8,900,67300,500,23100,222,18100,1786683659650
IMPLOG,scan,main,6,36,3,8,685300,1786683659649
IMPLOG,leaf,ForkJoinPool-103-worker-1,6,36,3,9,900,104700,600,39300,229,22100,1786683659650
IMPLOG,leaf,ForkJoinPool-103-worker-3,6,36,3,9,2300,108800,600,40800,265,24700,1786683659650
IMPLOG,leaf,ForkJoinPool-103-worker-2,6,36,3,9,1600,72500,600,25600,248,18100,1786683659650
IMPLOG,leaf,ForkJoinPool-103-worker-6,6,36,3,9,7900,79700,600,26900,258,18800,1786683659650
IMPLOG,leaf,ForkJoinPool-103-worker-4,6,36,3,9,3000,105900,600,38800,258,22700,1786683659650
IMPLOG,leaf,ForkJoinPool-103-worker-5,6,36,3,9,1400,107400,600,40100,261,24200,1786683659650
IMPLOG,leaf,ForkJoinPool-103-worker-1,6,36,3,9,7400,106300,600,39600,255,25000,1786683659650
IMPLOG,leaf,ForkJoinPool-103-worker-3,6,36,3,9,700,109300,600,39800,266,25400,1786683659650
IMPLOG,leaf,ForkJoinPool-103-worker-2,6,36,3,9,500,62900,500,22200,218,14500,1786683659650
IMPLOG,leaf,ForkJoinPool-103-worker-6,6,36,3,9,500,61600,500,20900,219,16500,1786683659650
IMPLOG,leaf,ForkJoinPool-103-worker-2,6,36,3,9,500,63000,500,21700,219,16200,1786683659650
IMPLOG,leaf,ForkJoinPool-103-worker-4,6,36,3,9,800,106100,600,40000,252,23300,1786683659650
IMPLOG,leaf,ForkJoinPool-103-worker-5,6,36,3,9,2200,106500,600,40500,239,23900,1786683659650
IMPLOG,leaf,ForkJoinPool-103-worker-1,6,36,3,9,2100,87000,500,33900,203,18600,1786683659650
IMPLOG,leaf,ForkJoinPool-103-worker-6,6,36,3,9,1900,59400,500,20400,209,14800,1786683659650
IMPLOG,leaf,ForkJoinPool-103-worker-3,6,36,3,9,2100,88700,500,33600,211,18700,1786683659650
IMPLOG,leaf,ForkJoinPool-103-worker-2,6,36,3,9,500,60700,500,22400,208,15800,1786683659650
IMPLOG,leaf,ForkJoinPool-103-worker-6,6,36,3,9,400,59700,500,21800,205,16100,1786683659650
IMPLOG,leaf,ForkJoinPool-103-worker-5,6,36,3,9,800,84200,500,32900,168,15700,1786683659650
IMPLOG,leaf,ForkJoinPool-103-worker-4,6,36,3,9,2800,88200,500,34300,213,18900,1786683659650
IMPLOG,leaf,ForkJoinPool-103-worker-1,6,36,3,9,2100,87300,500,33500,213,19400,1786683659650
IMPLOG,leaf,ForkJoinPool-103-worker-3,6,36,3,9,2000,89300,500,32100,222,19600,1786683659650
IMPLOG,leaf,ForkJoinPool-103-worker-2,6,36,3,9,5300,62200,500,20900,219,15900,1786683659650
IMPLOG,leaf,ForkJoinPool-103-worker-6,6,36,3,9,400,59300,500,20400,201,13800,1786683659650
IMPLOG,leaf,ForkJoinPool-103-worker-5,6,36,3,9,2600,85000,500,33000,157,16100,1786683659650
IMPLOG,leaf,ForkJoinPool-103-worker-2,6,36,3,9,1700,61100,500,21900,217,15300,1786683659650
IMPLOG,leaf,ForkJoinPool-103-worker-4,6,36,3,9,800,90600,500,33600,210,19900,1786683659650
IMPLOG,leaf,ForkJoinPool-103-worker-1,6,36,3,9,800,91300,500,33400,224,20900,1786683659650
IMPLOG,leaf,ForkJoinPool-103-worker-3,6,36,3,9,800,87000,500,33600,198,17700,1786683659650
IMPLOG,leaf,ForkJoinPool-103-worker-6,6,36,3,9,400,62200,500,21900,224,17300,1786683659650
IMPLOG,leaf,ForkJoinPool-103-worker-2,6,36,3,9,500,60700,500,20000,204,15700,1786683659650
IMPLOG,leaf,ForkJoinPool-103-worker-6,6,36,3,9,6000,59900,500,19300,211,15500,1786683659650
IMPLOG,leaf,ForkJoinPool-103-worker-5,6,36,3,9,800,85000,500,33100,163,15600,1786683659650
IMPLOG,leaf,ForkJoinPool-103-worker-4,6,36,3,9,2700,89200,500,31000,219,20500,1786683659650
IMPLOG,leaf,ForkJoinPool-103-worker-1,6,36,3,9,2100,88500,500,31800,212,19400,1786683659650
IMPLOG,leaf,ForkJoinPool-103-worker-3,6,36,3,9,2500,88100,500,32700,218,19400,1786683659650
IMPLOG,scan,main,6,36,3,9,628000,1786683659650
IMPLOG,leaf,ForkJoinPool-103-worker-1,6,36,3,10,2500,104800,600,39500,230,21200,1786683659650
IMPLOG,leaf,ForkJoinPool-103-worker-3,6,36,3,10,900,108600,600,39600,265,24300,1786683659650
IMPLOG,leaf,ForkJoinPool-103-worker-6,6,36,3,10,2000,106300,600,40500,248,22600,1786683659651
IMPLOG,leaf,ForkJoinPool-103-worker-5,6,36,3,10,1000,109500,600,37300,262,24700,1786683659651
IMPLOG,leaf,ForkJoinPool-103-worker-4,6,36,3,10,1100,89900,500,33100,222,19000,1786683659651
IMPLOG,leaf,ForkJoinPool-103-worker-2,6,36,3,10,4000,87500,500,33900,198,18600,1786683659651
IMPLOG,leaf,ForkJoinPool-103-worker-1,6,36,3,10,700,104400,600,37800,254,23200,1786683659651
IMPLOG,leaf,ForkJoinPool-103-worker-6,6,36,3,10,700,90100,500,35100,218,20900,1786683659651
IMPLOG,leaf,ForkJoinPool-103-worker-3,6,36,3,10,8000,107500,600,40300,268,25700,1786683659651
IMPLOG,leaf,ForkJoinPool-103-worker-5,6,36,3,10,2100,107100,600,41200,238,23200,1786683659651
IMPLOG,leaf,ForkJoinPool-103-worker-2,6,36,3,10,2300,87600,500,31700,218,18600,1786683659651
IMPLOG,leaf,ForkJoinPool-103-worker-4,6,36,3,10,12200,89100,500,32200,219,19600,1786683659651
IMPLOG,leaf,ForkJoinPool-103-worker-1,6,36,3,10,2700,85500,500,32800,202,17800,1786683659651
IMPLOG,leaf,ForkJoinPool-103-worker-6,6,36,3,10,2100,90800,500,34500,219,21000,1786683659651
IMPLOG,leaf,ForkJoinPool-103-worker-5,6,36,3,10,800,84700,500,32900,168,17100,1786683659651
IMPLOG,leaf,ForkJoinPool-103-worker-3,6,36,3,10,2100,88400,500,33500,211,18600,1786683659651
IMPLOG,leaf,ForkJoinPool-103-worker-2,6,36,3,10,800,88700,500,34900,218,20500,1786683659651
IMPLOG,leaf,ForkJoinPool-103-worker-4,6,36,3,10,800,83800,500,32600,157,15900,1786683659651
IMPLOG,leaf,ForkJoinPool-103-worker-1,6,36,3,10,800,69700,500,24000,213,17700,1786683659651
IMPLOG,leaf,ForkJoinPool-103-worker-6,6,36,3,10,800,90000,500,33400,208,19300,1786683659651
IMPLOG,leaf,ForkJoinPool-103-worker-2,6,36,3,10,2800,63800,500,24300,164,13200,1786683659651
IMPLOG,leaf,ForkJoinPool-103-worker-5,6,36,3,10,700,88300,500,33500,204,20200,1786683659651
IMPLOG,leaf,ForkJoinPool-103-worker-1,6,36,3,10,1700,67500,500,25900,201,16500,1786683659651
IMPLOG,leaf,ForkJoinPool-103-worker-6,6,36,3,10,800,99900,600,36200,258,21200,1786683659651
IMPLOG,leaf,ForkJoinPool-103-worker-4,6,36,3,10,1000,89400,500,33500,220,19600,1786683659651
IMPLOG,leaf,ForkJoinPool-103-worker-2,6,36,3,10,1000,105200,600,39900,258,22300,1786683659651
IMPLOG,leaf,ForkJoinPool-103-worker-5,6,36,3,10,5900,88400,500,33700,209,19100,1786683659651
IMPLOG,leaf,ForkJoinPool-103-worker-3,6,36,3,10,900,87900,500,32100,220,18900,1786683659651
IMPLOG,leaf,ForkJoinPool-103-worker-1,6,36,3,10,800,87700,500,33000,209,19600,1786683659651
IMPLOG,leaf,ForkJoinPool-103-worker-4,6,36,3,10,2800,89200,500,33200,212,19800,1786683659651
IMPLOG,leaf,ForkJoinPool-103-worker-2,6,36,3,10,2000,88600,500,32800,219,21100,1786683659651
IMPLOG,leaf,ForkJoinPool-103-worker-6,6,36,3,10,3200,105900,600,38300,251,22600,1786683659651
IMPLOG,leaf,ForkJoinPool-103-worker-3,6,36,3,10,2100,87600,500,31300,206,18800,1786683659651
IMPLOG,leaf,ForkJoinPool-103-worker-5,6,36,3,10,2500,87700,500,33800,213,20000,1786683659651
IMPLOG,leaf,ForkJoinPool-103-worker-1,6,36,3,10,700,89600,500,32500,224,22000,1786683659651
IMPLOG,leaf,ForkJoinPool-103-worker-4,6,36,3,10,700,69600,500,24600,210,16800,1786683659651
IMPLOG,scan,main,6,36,3,10,723300,1786683659650
IMPLOG,leaf,ForkJoinPool-103-worker-1,6,36,3,11,2500,106400,600,40000,230,23600,1786683659651
IMPLOG,leaf,ForkJoinPool-103-worker-6,6,36,3,11,2300,112300,600,41200,266,25900,1786683659651
IMPLOG,leaf,ForkJoinPool-103-worker-5,6,36,3,11,600,64500,500,22400,220,17200,1786683659651
IMPLOG,leaf,ForkJoinPool-103-worker-4,6,36,3,11,4100,112400,600,37900,256,24300,1786683659651
IMPLOG,leaf,ForkJoinPool-103-worker-2,6,36,3,11,4200,115200,600,39900,264,25400,1786683659651
IMPLOG,leaf,ForkJoinPool-103-worker-3,6,36,3,11,900,74400,600,25900,259,19100,1786683659651
IMPLOG,leaf,ForkJoinPool-103-worker-5,6,36,3,11,2400,61900,500,21200,212,15900,1786683659651
IMPLOG,leaf,ForkJoinPool-103-worker-1,6,36,3,11,800,106700,600,38800,254,25000,1786683659651
IMPLOG,leaf,ForkJoinPool-103-worker-6,6,36,3,11,800,110500,600,40200,268,25200,1786683659651
IMPLOG,leaf,ForkJoinPool-103-worker-3,6,36,3,11,3300,62500,500,22000,217,16300,1786683659651
IMPLOG,leaf,ForkJoinPool-103-worker-5,6,36,3,11,2200,62800,500,22300,226,16000,1786683659651
IMPLOG,leaf,ForkJoinPool-103-worker-4,6,36,3,11,800,107700,600,39000,251,24300,1786683659651
IMPLOG,leaf,ForkJoinPool-103-worker-2,6,36,3,11,800,107500,600,40900,235,23300,1786683659651
IMPLOG,leaf,ForkJoinPool-103-worker-1,6,36,3,11,2200,87300,500,32000,202,18500,1786683659651
IMPLOG,leaf,ForkJoinPool-103-worker-6,6,36,3,11,2000,88900,500,32500,211,19000,1786683659651
IMPLOG,leaf,ForkJoinPool-103-worker-3,6,36,3,11,1500,60800,500,22200,209,15200,1786683659651
IMPLOG,leaf,ForkJoinPool-103-worker-5,6,36,3,11,600,63800,500,23100,210,15400,1786683659651
IMPLOG,leaf,ForkJoinPool-103-worker-2,6,36,3,11,2000,85700,500,32600,168,17000,1786683659652
IMPLOG,leaf,ForkJoinPool-103-worker-4,6,36,3,11,800,89400,500,33500,214,19100,1786683659652
IMPLOG,leaf,ForkJoinPool-103-worker-3,6,36,3,11,500,60000,500,20500,209,13500,1786683659652
IMPLOG,leaf,ForkJoinPool-103-worker-5,6,36,3,11,1800,61500,500,22500,209,14800,1786683659652
IMPLOG,leaf,ForkJoinPool-103-worker-1,6,36,3,11,2100,88800,500,32300,212,19700,1786683659652
IMPLOG,leaf,ForkJoinPool-103-worker-6,6,36,3,11,800,90900,500,34000,222,20500,1786683659652
IMPLOG,leaf,ForkJoinPool-103-worker-3,6,36,3,11,1600,60800,500,19600,206,15800,1786683659652
IMPLOG,leaf,ForkJoinPool-103-worker-2,6,36,3,11,800,85100,500,36300,154,15200,1786683659652
IMPLOG,leaf,ForkJoinPool-103-worker-4,6,36,3,11,2700,91200,500,32800,222,20700,1786683659652
IMPLOG,leaf,ForkJoinPool-103-worker-1,6,36,3,11,800,89300,500,34000,201,19200,1786683659652
IMPLOG,leaf,ForkJoinPool-103-worker-6,6,36,3,11,2400,88600,500,32300,219,19600,1786683659652
IMPLOG,leaf,ForkJoinPool-103-worker-3,6,36,3,11,400,75100,500,27200,218,17400,1786683659652
IMPLOG,leaf,ForkJoinPool-103-worker-2,6,36,3,11,2200,85900,500,34100,164,16800,1786683659652
IMPLOG,leaf,ForkJoinPool-103-worker-4,6,36,3,11,1100,74600,500,27500,204,17700,1786683659652
IMPLOG,leaf,ForkJoinPool-103-worker-5,6,36,3,11,800,98100,600,37900,249,22100,1786683659652
IMPLOG,leaf,ForkJoinPool-103-worker-6,6,36,3,11,800,92400,500,33300,220,21700,1786683659652
IMPLOG,leaf,ForkJoinPool-103-worker-1,6,36,3,11,700,91200,500,33900,220,21500,1786683659652
IMPLOG,leaf,ForkJoinPool-103-worker-3,6,36,3,11,2800,87200,500,31000,205,17900,1786683659652
IMPLOG,leaf,ForkJoinPool-103-worker-4,6,36,3,11,3400,131300,500,34000,218,36800,1786683659652
IMPLOG,scan,main,6,36,3,11,773100,1786683659651
IMPLOG,leaf,ForkJoinPool-103-worker-1,6,36,3,12,2600,102000,600,37100,230,20500,1786683659653
IMPLOG,leaf,ForkJoinPool-103-worker-6,6,36,3,12,900,109300,600,40400,266,24600,1786683659653
IMPLOG,leaf,ForkJoinPool-103-worker-3,6,36,3,12,2500,107100,600,40000,256,22700,1786683659653
IMPLOG,leaf,ForkJoinPool-103-worker-5,6,36,3,12,800,109400,600,39900,265,26000,1786683659653
IMPLOG,leaf,ForkJoinPool-103-worker-4,6,36,3,12,1300,105100,600,39700,259,22200,1786683659653
IMPLOG,leaf,ForkJoinPool-103-worker-2,6,36,3,12,1300,104500,600,38900,249,21900,1786683659653
IMPLOG,leaf,ForkJoinPool-103-worker-1,6,36,3,12,800,105000,600,38500,254,22500,1786683659653
IMPLOG,leaf,ForkJoinPool-103-worker-6,6,36,3,12,2100,107200,600,40500,266,24200,1786683659653
IMPLOG,leaf,ForkJoinPool-103-worker-3,6,36,3,12,800,104000,600,40100,251,22500,1786683659653
IMPLOG,leaf,ForkJoinPool-103-worker-5,6,36,3,12,2100,105600,600,40100,236,22300,1786683659653
IMPLOG,leaf,ForkJoinPool-103-worker-4,6,36,3,12,2700,88000,500,32400,217,19500,1786683659653
IMPLOG,leaf,ForkJoinPool-103-worker-2,6,36,3,12,900,89100,500,33000,219,19600,1786683659653
IMPLOG,leaf,ForkJoinPool-103-worker-1,6,36,3,12,2100,86700,500,31000,202,18400,1786683659653
IMPLOG,leaf,ForkJoinPool-103-worker-6,6,36,3,12,900,87800,500,33200,211,19900,1786683659653
IMPLOG,leaf,ForkJoinPool-103-worker-3,6,36,3,12,2100,87600,500,32900,214,17600,1786683659653
IMPLOG,leaf,ForkJoinPool-103-worker-5,6,36,3,12,800,84500,500,34200,168,15500,1786683659653
IMPLOG,leaf,ForkJoinPool-103-worker-4,6,36,3,12,800,87800,500,33500,209,19800,1786683659653
IMPLOG,leaf,ForkJoinPool-103-worker-2,6,36,3,12,2300,89400,500,32200,221,21000,1786683659653
IMPLOG,leaf,ForkJoinPool-103-worker-1,6,36,3,12,700,87200,500,33400,212,19500,1786683659653
IMPLOG,leaf,ForkJoinPool-103-worker-5,6,36,3,12,2200,84700,500,33000,154,15400,1786683659653
IMPLOG,leaf,ForkJoinPool-103-worker-3,6,36,3,12,800,87700,500,33100,210,19200,1786683659653
IMPLOG,leaf,ForkJoinPool-103-worker-6,6,36,3,12,2600,88100,500,31000,222,19500,1786683659653
IMPLOG,leaf,ForkJoinPool-103-worker-4,6,36,3,12,800,87200,500,32300,209,18200,1786683659653
IMPLOG,leaf,ForkJoinPool-103-worker-2,6,36,3,12,800,87400,500,33600,205,19300,1786683659653
IMPLOG,leaf,ForkJoinPool-103-worker-1,6,36,3,12,2800,87100,500,32100,206,19400,1786683659653
IMPLOG,leaf,ForkJoinPool-103-worker-5,6,36,3,12,700,85000,500,34700,165,15800,1786683659653
IMPLOG,leaf,ForkJoinPool-103-worker-3,6,36,3,12,2200,87400,500,32700,218,19700,1786683659653
IMPLOG,leaf,ForkJoinPool-103-worker-6,6,36,3,12,800,88500,500,33700,216,20000,1786683659653
IMPLOG,leaf,ForkJoinPool-103-worker-4,6,36,3,12,2100,87300,500,30800,220,19700,1786683659653
IMPLOG,leaf,ForkJoinPool-103-worker-2,6,36,3,12,11000,88600,500,32500,222,20800,1786683659653
IMPLOG,leaf,ForkJoinPool-103-worker-1,6,36,3,12,800,88500,500,33100,209,19700,1786683659653
IMPLOG,leaf,ForkJoinPool-103-worker-5,6,36,3,12,800,89400,500,34000,201,19000,1786683659653
IMPLOG,leaf,ForkJoinPool-103-worker-3,6,36,3,12,800,88500,500,33600,212,19700,1786683659653
IMPLOG,leaf,ForkJoinPool-103-worker-6,6,36,3,12,8100,89900,500,32600,218,20000,1786683659653
IMPLOG,leaf,ForkJoinPool-103-worker-2,6,36,3,12,800,74500,500,27400,204,16900,1786683659653
IMPLOG,leaf,ForkJoinPool-103-worker-5,6,36,3,12,1900,68900,500,23400,220,17600,1786683659653
IMPLOG,scan,main,6,36,3,12,680900,1786683659653
IMPLOG,leaf,ForkJoinPool-103-worker-1,6,36,3,13,900,105200,600,41200,226,20000,1786683659653
IMPLOG,leaf,ForkJoinPool-103-worker-2,6,36,3,13,900,116000,600,38700,267,24900,1786683659653
IMPLOG,leaf,ForkJoinPool-103-worker-5,6,36,3,13,1900,114400,600,44200,256,25900,1786683659653
IMPLOG,leaf,ForkJoinPool-103-worker-6,6,36,3,13,4100,116900,600,43400,265,26500,1786683659653
IMPLOG,leaf,ForkJoinPool-103-worker-4,6,36,3,13,900,63400,500,20200,220,16100,1786683659653
IMPLOG,leaf,ForkJoinPool-103-worker-3,6,36,3,13,900,75100,600,26600,248,19200,1786683659653
IMPLOG,leaf,ForkJoinPool-103-worker-1,6,36,3,13,12600,106900,600,38400,253,24100,1786683659653
IMPLOG,leaf,ForkJoinPool-103-worker-2,6,36,3,13,2000,109800,600,40200,267,24500,1786683659653
IMPLOG,leaf,ForkJoinPool-103-worker-4,6,36,3,13,3100,61600,500,21100,211,16100,1786683659653
IMPLOG,leaf,ForkJoinPool-103-worker-5,6,36,3,13,2200,106100,600,38500,249,22800,1786683659653
IMPLOG,leaf,ForkJoinPool-103-worker-6,6,36,3,13,800,108100,600,39500,233,21700,1786683659653
IMPLOG,leaf,ForkJoinPool-103-worker-3,6,36,3,13,700,63300,500,21200,219,16200,1786683659653
IMPLOG,leaf,ForkJoinPool-103-worker-1,6,36,3,13,700,88700,500,32000,200,18800,1786683659653
IMPLOG,leaf,ForkJoinPool-103-worker-2,6,36,3,13,700,89700,500,34500,210,20600,1786683659653
IMPLOG,leaf,ForkJoinPool-103-worker-4,6,36,3,13,400,62600,500,22500,222,16500,1786683659653
IMPLOG,leaf,ForkJoinPool-103-worker-3,6,36,3,13,500,64200,500,21000,220,16600,1786683659654
IMPLOG,leaf,ForkJoinPool-103-worker-5,6,36,3,13,800,89700,500,32900,214,20400,1786683659653
IMPLOG,leaf,ForkJoinPool-103-worker-6,6,36,3,13,2200,85300,500,35500,163,15900,1786683659653
IMPLOG,leaf,ForkJoinPool-103-worker-4,6,36,3,13,11400,60000,500,19800,207,14800,1786683659654
IMPLOG,leaf,ForkJoinPool-103-worker-1,6,36,3,13,2400,89400,500,33800,212,19200,1786683659654
IMPLOG,leaf,ForkJoinPool-103-worker-3,6,36,3,13,1700,61100,500,22100,205,14700,1786683659654
IMPLOG,leaf,ForkJoinPool-103-worker-2,6,36,3,13,2000,90100,500,33600,222,20800,1786683659654
IMPLOG,leaf,ForkJoinPool-103-worker-6,6,36,3,13,700,84300,500,34800,148,14600,1786683659654
IMPLOG,leaf,ForkJoinPool-103-worker-5,6,36,3,13,8200,89100,500,32600,209,19200,1786683659654
IMPLOG,leaf,ForkJoinPool-103-worker-4,6,36,3,13,1600,60800,500,21000,218,14300,1786683659654
IMPLOG,leaf,ForkJoinPool-103-worker-3,6,36,3,13,400,61900,500,21400,216,15400,1786683659654
IMPLOG,leaf,ForkJoinPool-103-worker-1,6,36,3,13,800,88900,500,34300,203,19100,1786683659654
IMPLOG,leaf,ForkJoinPool-103-worker-2,6,36,3,13,800,89200,500,33500,200,19400,1786683659654
IMPLOG,leaf,ForkJoinPool-103-worker-6,6,36,3,13,800,84100,500,32800,162,16000,1786683659654
IMPLOG,leaf,ForkJoinPool-103-worker-4,6,36,3,13,500,72700,600,24300,259,18300,1786683659654
IMPLOG,leaf,ForkJoinPool-103-worker-3,6,36,3,13,2500,61700,500,21100,218,15200,1786683659654
IMPLOG,leaf,ForkJoinPool-103-worker-5,6,36,3,13,2200,89400,500,31900,209,19700,1786683659654
IMPLOG,leaf,ForkJoinPool-103-worker-1,6,36,3,13,800,90600,500,31700,217,21200,1786683659654
IMPLOG,leaf,ForkJoinPool-103-worker-2,6,36,3,13,1100,93000,500,32400,220,23100,1786683659654
IMPLOG,leaf,ForkJoinPool-103-worker-4,6,36,3,13,1600,61600,500,21400,207,15500,1786683659654
IMPLOG,leaf,ForkJoinPool-103-worker-6,6,36,3,13,2200,75500,500,27300,202,17900,1786683659654
IMPLOG,scan,main,6,36,3,13,713700,1786683659653
IMPLOG,leaf,ForkJoinPool-103-worker-1,6,36,3,14,3900,103000,600,37400,226,21000,1786683659654
IMPLOG,leaf,ForkJoinPool-103-worker-3,6,36,3,14,3500,108400,600,38600,267,25300,1786683659654
IMPLOG,leaf,ForkJoinPool-103-worker-6,6,36,3,14,2000,111500,600,40500,259,25400,1786683659654
IMPLOG,leaf,ForkJoinPool-103-worker-2,6,36,3,14,3500,108500,600,41900,256,23600,1786683659654
IMPLOG,leaf,ForkJoinPool-103-worker-5,6,36,3,14,1300,86800,500,31800,209,18800,1786683659654
IMPLOG,leaf,ForkJoinPool-103-worker-4,6,36,3,14,1300,89700,500,32400,219,20400,1786683659654
IMPLOG,leaf,ForkJoinPool-103-worker-1,6,36,3,14,800,104200,600,38900,253,23800,1786683659654
IMPLOG,leaf,ForkJoinPool-103-worker-6,6,36,3,14,2600,88300,500,31900,217,20000,1786683659654
IMPLOG,leaf,ForkJoinPool-103-worker-3,6,36,3,14,800,106400,600,39400,265,24900,1786683659654
IMPLOG,leaf,ForkJoinPool-103-worker-2,6,36,3,14,600,101200,600,35200,249,22500,1786683659654
IMPLOG,leaf,ForkJoinPool-103-worker-5,6,36,3,14,4300,86300,500,32400,207,17800,1786683659654
IMPLOG,leaf,ForkJoinPool-103-worker-4,6,36,3,14,2900,87700,500,33700,208,19900,1786683659654
IMPLOG,leaf,ForkJoinPool-103-worker-1,6,36,3,14,2300,85300,500,31100,200,17800,1786683659654
IMPLOG,leaf,ForkJoinPool-103-worker-2,6,36,3,14,1600,79000,500,27800,214,18200,1786683659654
IMPLOG,leaf,ForkJoinPool-103-worker-3,6,36,3,14,1900,88000,500,32800,210,20700,1786683659654
IMPLOG,leaf,ForkJoinPool-103-worker-4,6,36,3,14,2200,88000,500,32200,210,18800,1786683659654
IMPLOG,leaf,ForkJoinPool-103-worker-5,6,36,3,14,800,86200,500,31100,208,19300,1786683659654
IMPLOG,leaf,ForkJoinPool-103-worker-6,6,36,3,14,800,86700,500,31600,212,19700,1786683659654
IMPLOG,leaf,ForkJoinPool-103-worker-1,6,36,3,14,2000,87900,500,31700,209,19400,1786683659654
IMPLOG,leaf,ForkJoinPool-103-worker-3,6,36,3,14,800,90100,500,32400,222,21400,1786683659654
IMPLOG,leaf,ForkJoinPool-103-worker-2,6,36,3,14,2500,106500,600,38600,256,25000,1786683659654
IMPLOG,leaf,ForkJoinPool-103-worker-4,6,36,3,14,700,83000,500,32100,148,15700,1786683659654
IMPLOG,leaf,ForkJoinPool-103-worker-5,6,36,3,14,2100,89000,500,32300,206,19800,1786683659654
IMPLOG,leaf,ForkJoinPool-103-worker-6,6,36,3,14,2200,86800,500,30800,203,18800,1786683659654
IMPLOG,leaf,ForkJoinPool-103-worker-1,6,36,3,14,800,89100,500,33400,218,21400,1786683659654
IMPLOG,leaf,ForkJoinPool-103-worker-3,6,36,3,14,2200,88900,500,31000,217,21600,1786683659654
IMPLOG,leaf,ForkJoinPool-103-worker-4,6,36,3,14,2700,83100,500,32900,156,15500,1786683659654
IMPLOG,leaf,ForkJoinPool-103-worker-6,6,36,3,14,2000,82000,500,31600,163,15200,1786683659654
IMPLOG,leaf,ForkJoinPool-103-worker-5,6,36,3,14,800,89800,500,33400,220,21300,1786683659654
IMPLOG,leaf,ForkJoinPool-103-worker-2,6,36,3,14,800,104500,600,39500,229,21700,1786683659654
IMPLOG,leaf,ForkJoinPool-103-worker-6,6,36,3,14,700,65000,500,22600,219,16500,1786683659654
IMPLOG,leaf,ForkJoinPool-103-worker-3,6,36,3,14,1700,88700,500,33400,213,20700,1786683659654
IMPLOG,leaf,ForkJoinPool-103-worker-1,6,36,3,14,8500,109300,600,39100,248,23900,1786683659654
IMPLOG,leaf,ForkJoinPool-103-worker-4,6,36,3,14,800,89800,500,32400,215,21300,1786683659654
IMPLOG,leaf,ForkJoinPool-103-worker-5,6,36,3,14,800,87800,500,32100,200,19300,1786683659654
IMPLOG,leaf,ForkJoinPool-103-worker-6,6,36,3,14,1500,64900,500,22000,205,15600,1786683659655
IMPLOG,scan,main,6,36,3,14,692100,1786683659654
IMPLOG,leaf,ForkJoinPool-103-worker-1,6,36,3,15,2300,103800,600,37400,227,21000,1786683659655
IMPLOG,leaf,ForkJoinPool-103-worker-3,6,36,3,15,1000,110300,600,38500,267,26000,1786683659655
IMPLOG,leaf,ForkJoinPool-103-worker-5,6,36,3,15,10400,62000,500,21300,218,15700,1786683659655
IMPLOG,leaf,ForkJoinPool-103-worker-4,6,36,3,15,1000,108200,600,39700,256,23300,1786683659655
IMPLOG,leaf,ForkJoinPool-103-worker-6,6,36,3,15,1400,110300,600,39500,256,25300,1786683659655
IMPLOG,leaf,ForkJoinPool-103-worker-2,6,36,3,15,4100,61300,500,19600,207,14700,1786683659655
IMPLOG,leaf,ForkJoinPool-103-worker-5,6,36,3,15,800,60500,500,22000,208,15200,1786683659655
IMPLOG,leaf,ForkJoinPool-103-worker-1,6,36,3,15,800,106800,600,38000,252,24800,1786683659655
IMPLOG,leaf,ForkJoinPool-103-worker-3,6,36,3,15,2200,109700,600,39700,263,25200,1786683659655
IMPLOG,leaf,ForkJoinPool-103-worker-2,6,36,3,15,500,61000,500,19700,221,15100,1786683659655
IMPLOG,leaf,ForkJoinPool-103-worker-4,6,36,3,15,3200,106400,600,39300,251,23800,1786683659655
IMPLOG,leaf,ForkJoinPool-103-worker-6,6,36,3,15,3200,106700,600,39900,229,21900,1786683659655
IMPLOG,leaf,ForkJoinPool-103-worker-5,6,36,3,15,1600,61200,500,21500,210,15100,1786683659655
IMPLOG,leaf,ForkJoinPool-103-worker-1,6,36,3,15,2200,87300,500,33500,201,18600,1786683659655
IMPLOG,leaf,ForkJoinPool-103-worker-2,6,36,3,15,1700,60600,500,21600,214,15400,1786683659655
IMPLOG,leaf,ForkJoinPool-103-worker-3,6,36,3,15,900,89600,500,31600,210,19400,1786683659655
IMPLOG,leaf,ForkJoinPool-103-worker-6,6,36,3,15,800,84700,500,33200,163,15700,1786683659655
IMPLOG,leaf,ForkJoinPool-103-worker-4,6,36,3,15,900,89900,500,33300,208,20300,1786683659655
IMPLOG,leaf,ForkJoinPool-103-worker-1,6,36,3,15,800,88900,500,33300,212,20100,1786683659655
IMPLOG,leaf,ForkJoinPool-103-worker-2,6,36,3,15,1400,88500,600,31200,259,21000,1786683659655
IMPLOG,leaf,ForkJoinPool-103-worker-3,6,36,3,15,1000,91200,500,33400,222,21000,1786683659655
IMPLOG,leaf,ForkJoinPool-103-worker-6,6,36,3,15,800,83600,500,33300,148,14900,1786683659655
IMPLOG,leaf,ForkJoinPool-103-worker-5,6,36,3,15,900,89200,500,32200,206,20100,1786683659655
IMPLOG,leaf,ForkJoinPool-103-worker-4,6,36,3,15,2900,90200,500,33900,203,20200,1786683659655
IMPLOG,leaf,ForkJoinPool-103-worker-1,6,36,3,15,2200,89100,500,33300,209,19900,1786683659655
IMPLOG,leaf,ForkJoinPool-103-worker-2,6,36,3,15,800,90200,500,32300,217,21900,1786683659655
IMPLOG,leaf,ForkJoinPool-103-worker-3,6,36,3,15,1900,90700,500,32500,216,21600,1786683659655
IMPLOG,leaf,ForkJoinPool-103-worker-6,6,36,3,15,13800,85600,500,33400,157,15900,1786683659655
IMPLOG,leaf,ForkJoinPool-103-worker-4,6,36,3,15,800,75600,500,26700,207,17900,1786683659655
IMPLOG,leaf,ForkJoinPool-103-worker-5,6,36,3,15,900,91700,500,33400,220,21000,1786683659655
IMPLOG,leaf,ForkJoinPool-103-worker-4,6,36,3,15,1700,62800,500,21100,220,16200,1786683659655
IMPLOG,leaf,ForkJoinPool-103-worker-1,6,36,3,15,2100,107900,600,39000,248,23900,1786683659655
IMPLOG,leaf,ForkJoinPool-103-worker-3,6,36,3,15,800,90700,500,34400,213,21000,1786683659655
IMPLOG,leaf,ForkJoinPool-103-worker-6,6,36,3,15,800,92200,500,34600,215,21700,1786683659655
IMPLOG,leaf,ForkJoinPool-103-worker-5,6,36,3,15,2700,89100,500,34900,205,19900,1786683659655
IMPLOG,leaf,ForkJoinPool-103-worker-4,6,36,3,15,400,66900,500,23500,200,16200,1786683659655
IMPLOG,scan,main,6,36,3,15,709800,1786683659655
IMPLOG,leaf,ForkJoinPool-103-worker-1,6,36,3,16,1000,102000,600,36200,227,22100,1786683659655
IMPLOG,leaf,ForkJoinPool-103-worker-3,6,36,3,16,2200,107900,600,39600,267,25300,1786683659655
IMPLOG,leaf,ForkJoinPool-103-worker-6,6,36,3,16,3900,104900,600,40100,256,23300,1786683659655
IMPLOG,leaf,ForkJoinPool-103-worker-5,6,36,3,16,2100,107800,600,40700,256,25200,1786683659655
IMPLOG,leaf,ForkJoinPool-103-worker-4,6,36,3,16,3900,87800,500,33000,206,19200,1786683659655
IMPLOG,leaf,ForkJoinPool-103-worker-2,6,36,3,16,13100,88200,500,31500,218,19800,1786683659655
IMPLOG,leaf,ForkJoinPool-103-worker-1,6,36,3,16,2200,103400,600,37000,252,22400,1786683659655
IMPLOG,leaf,ForkJoinPool-103-worker-3,6,36,3,16,7800,106600,600,37200,268,24800,1786683659655
IMPLOG,leaf,ForkJoinPool-103-worker-6,6,36,3,16,800,104800,600,39600,251,23500,1786683659655
IMPLOG,leaf,ForkJoinPool-103-worker-5,6,36,3,16,2100,104200,600,38700,229,22700,1786683659655
IMPLOG,leaf,ForkJoinPool-103-worker-2,6,36,3,16,900,87400,500,31300,208,18800,1786683659656
IMPLOG,leaf,ForkJoinPool-103-worker-4,6,36,3,16,8100,89600,500,33100,219,20900,1786683659656
IMPLOG,leaf,ForkJoinPool-103-worker-1,6,36,3,16,700,86300,500,31700,201,18000,1786683659656
IMPLOG,leaf,ForkJoinPool-103-worker-3,6,36,3,16,800,87200,500,31500,210,18400,1786683659656
IMPLOG,leaf,ForkJoinPool-103-worker-5,6,36,3,16,800,82300,500,32500,163,15300,1786683659656
IMPLOG,leaf,ForkJoinPool-103-worker-6,6,36,3,16,700,88000,500,32000,214,19800,1786683659656
IMPLOG,leaf,ForkJoinPool-103-worker-4,6,36,3,16,1100,87000,500,32200,213,19900,1786683659656
IMPLOG,leaf,ForkJoinPool-103-worker-2,6,36,3,16,2500,87500,500,32200,210,19200,1786683659656
IMPLOG,leaf,ForkJoinPool-103-worker-1,6,36,3,16,800,88000,500,32100,211,20000,1786683659656
IMPLOG,leaf,ForkJoinPool-103-worker-3,6,36,3,16,2000,88700,500,32700,223,21500,1786683659656
IMPLOG,leaf,ForkJoinPool-103-worker-5,6,36,3,16,700,81700,500,32900,148,14500,1786683659656
IMPLOG,leaf,ForkJoinPool-103-worker-6,6,36,3,16,2500,86600,500,32200,207,20400,1786683659656
IMPLOG,leaf,ForkJoinPool-103-worker-2,6,36,3,16,600,86900,500,33700,208,18900,1786683659656
IMPLOG,leaf,ForkJoinPool-103-worker-4,6,36,3,16,2400,86600,500,32300,199,18800,1786683659656
IMPLOG,leaf,ForkJoinPool-103-worker-1,6,36,3,16,2100,87200,500,32500,207,19400,1786683659656
IMPLOG,leaf,ForkJoinPool-103-worker-3,6,36,3,16,800,87400,500,29600,216,19200,1786683659656
IMPLOG,leaf,ForkJoinPool-103-worker-5,6,36,3,16,7700,82800,500,32500,158,15500,1786683659656
IMPLOG,leaf,ForkJoinPool-103-worker-6,6,36,3,16,800,88200,500,32800,220,19800,1786683659656
IMPLOG,leaf,ForkJoinPool-103-worker-4,6,36,3,16,800,105400,600,38800,247,23800,1786683659656
IMPLOG,leaf,ForkJoinPool-103-worker-2,6,36,3,16,2100,105400,600,40200,258,22800,1786683659656
IMPLOG,leaf,ForkJoinPool-103-worker-1,6,36,3,16,700,86900,500,32400,209,19600,1786683659656
IMPLOG,leaf,ForkJoinPool-103-worker-3,6,36,3,16,2200,81400,500,28900,217,18900,1786683659656
IMPLOG,leaf,ForkJoinPool-103-worker-5,6,36,3,16,800,88800,500,33400,205,20000,1786683659656
IMPLOG,leaf,ForkJoinPool-103-worker-6,6,36,3,16,2200,85700,500,30900,205,19100,1786683659656
IMPLOG,leaf,ForkJoinPool-103-worker-2,6,36,3,16,1900,91500,500,33400,218,20600,1786683659656
IMPLOG,leaf,ForkJoinPool-103-worker-4,6,36,3,16,2600,92300,500,33500,220,21500,1786683659656
IMPLOG,scan,main,6,36,3,16,688400,1786683659655
IMPLOG,leaf,ForkJoinPool-103-worker-2,6,36,3,17,1000,102700,600,38300,227,20700,1786683659656
IMPLOG,leaf,ForkJoinPool-103-worker-1,6,36,3,17,1000,109400,600,39600,269,24900,1786683659656
IMPLOG,leaf,ForkJoinPool-103-worker-6,6,36,3,17,2500,94500,500,31200,223,20900,1786683659656
IMPLOG,leaf,ForkJoinPool-103-worker-5,6,36,3,17,3700,105700,600,38700,256,23900,1786683659656
IMPLOG,leaf,ForkJoinPool-103-worker-4,6,36,3,17,1200,110600,600,38900,246,23600,1786683659656
IMPLOG,leaf,ForkJoinPool-103-worker-3,6,36,3,17,4200,111900,600,38900,256,24300,1786683659656
IMPLOG,leaf,ForkJoinPool-103-worker-2,6,36,3,17,2400,103900,600,37700,253,22100,1786683659656
IMPLOG,leaf,ForkJoinPool-103-worker-6,6,36,3,17,2200,88400,500,31900,216,19000,1786683659656
IMPLOG,leaf,ForkJoinPool-103-worker-4,6,36,3,17,800,88200,500,33000,220,19700,1786683659656
IMPLOG,leaf,ForkJoinPool-103-worker-1,6,36,3,17,1900,107000,600,39500,268,24900,1786683659656
IMPLOG,leaf,ForkJoinPool-103-worker-5,6,36,3,17,800,104200,600,38100,253,23900,1786683659656
IMPLOG,leaf,ForkJoinPool-103-worker-3,6,36,3,17,900,103900,600,39200,229,21200,1786683659656
IMPLOG,leaf,ForkJoinPool-103-worker-2,6,36,3,17,800,84600,500,32100,200,17700,1786683659656
IMPLOG,leaf,ForkJoinPool-103-worker-6,6,36,3,17,800,86300,500,31300,209,19900,1786683659656
IMPLOG,leaf,ForkJoinPool-103-worker-4,6,36,3,17,2600,89600,500,33100,217,20400,1786683659656
IMPLOG,leaf,ForkJoinPool-103-worker-1,6,36,3,17,900,88100,500,32900,206,20200,1786683659656
IMPLOG,leaf,ForkJoinPool-103-worker-5,6,36,3,17,2100,87300,500,33400,214,20500,1786683659656
IMPLOG,leaf,ForkJoinPool-103-worker-3,6,36,3,17,2700,82100,500,32500,162,14700,1786683659656
IMPLOG,leaf,ForkJoinPool-103-worker-2,6,36,3,17,1400,86400,500,32700,211,18900,1786683659656
IMPLOG,leaf,ForkJoinPool-103-worker-6,6,36,3,17,900,88300,500,32200,213,20900,1786683659656
IMPLOG,leaf,ForkJoinPool-103-worker-4,6,36,3,17,800,87200,500,32400,203,18800,1786683659656
IMPLOG,leaf,ForkJoinPool-103-worker-1,6,36,3,17,800,88200,500,33400,216,19700,1786683659656
IMPLOG,leaf,ForkJoinPool-103-worker-3,6,36,3,17,700,80700,500,32900,148,14300,1786683659656
IMPLOG,leaf,ForkJoinPool-103-worker-5,6,36,3,17,1900,87600,500,32700,207,19600,1786683659656
IMPLOG,leaf,ForkJoinPool-103-worker-4,6,36,3,17,2100,64600,500,22000,218,16700,1786683659656
IMPLOG,leaf,ForkJoinPool-103-worker-2,6,36,3,17,2300,90400,500,33200,207,20200,1786683659656
IMPLOG,leaf,ForkJoinPool-103-worker-6,6,36,3,17,2000,88200,500,33400,199,18400,1786683659656
IMPLOG,leaf,ForkJoinPool-103-worker-1,6,36,3,17,700,83000,500,33700,158,15300,1786683659656
IMPLOG,leaf,ForkJoinPool-103-worker-5,6,36,3,17,800,88500,500,32600,221,19400,1786683659656
IMPLOG,leaf,ForkJoinPool-103-worker-4,6,36,3,17,500,71000,500,26600,209,16100,1786683659657
IMPLOG,leaf,ForkJoinPool-103-worker-6,6,36,3,17,800,87200,500,32400,210,18700,1786683659657
IMPLOG,leaf,ForkJoinPool-103-worker-2,6,36,3,17,800,103500,600,36300,258,23500,1786683659657
IMPLOG,leaf,ForkJoinPool-103-worker-1,6,36,3,17,2400,70400,500,24700,219,16700,1786683659657
IMPLOG,leaf,ForkJoinPool-103-worker-5,6,36,3,17,2100,82000,500,29400,208,17700,1786683659657
IMPLOG,leaf,ForkJoinPool-103-worker-3,6,36,3,17,2200,86900,500,32500,208,19200,1786683659657
IMPLOG,leaf,ForkJoinPool-103-worker-2,6,36,3,17,2200,69200,500,24600,205,16900,1786683659657
IMPLOG,scan,main,6,36,3,17,686300,1786683659656
IMPLOG,leaf,ForkJoinPool-103-worker-2,6,36,3,18,2700,98500,600,35800,227,21400,1786683659657
IMPLOG,leaf,ForkJoinPool-103-worker-3,6,36,3,18,2600,104800,600,38600,270,24500,1786683659657
IMPLOG,leaf,ForkJoinPool-103-worker-5,6,36,3,18,1000,101600,600,37200,256,22500,1786683659657
IMPLOG,leaf,ForkJoinPool-103-worker-4,6,36,3,18,900,104200,600,38500,256,24500,1786683659657
IMPLOG,leaf,ForkJoinPool-103-worker-6,6,36,3,18,4000,87100,500,33600,206,19800,1786683659657
IMPLOG,leaf,ForkJoinPool-103-worker-1,6,36,3,18,1800,87800,500,32000,218,19600,1786683659657
IMPLOG,leaf,ForkJoinPool-103-worker-2,6,36,3,18,700,100700,600,39500,253,21500,1786683659657
IMPLOG,leaf,ForkJoinPool-103-worker-1,6,36,3,18,700,84600,500,32400,209,18800,1786683659657
IMPLOG,leaf,ForkJoinPool-103-worker-6,6,36,3,18,600,85800,500,34000,216,19800,1786683659657
IMPLOG,leaf,ForkJoinPool-103-worker-3,6,36,3,18,800,103400,600,36900,268,23500,1786683659657
IMPLOG,leaf,ForkJoinPool-103-worker-5,6,36,3,18,2000,101400,600,38300,253,23300,1786683659657
IMPLOG,leaf,ForkJoinPool-103-worker-4,6,36,3,18,1800,102100,600,37900,229,22700,1786683659657
IMPLOG,leaf,ForkJoinPool-103-worker-2,6,36,3,18,2700,82900,500,31700,200,17800,1786683659657
IMPLOG,leaf,ForkJoinPool-103-worker-6,6,36,3,18,2000,85200,500,30800,213,19300,1786683659657
IMPLOG,leaf,ForkJoinPool-103-worker-1,6,36,3,18,2100,87300,500,32100,210,19400,1786683659657
IMPLOG,leaf,ForkJoinPool-103-worker-5,6,36,3,18,800,85200,500,31200,214,18800,1786683659657
IMPLOG,leaf,ForkJoinPool-103-worker-4,6,36,3,18,700,80800,500,30700,162,15000,1786683659657
IMPLOG,leaf,ForkJoinPool-103-worker-3,6,36,3,18,2700,85900,500,32100,209,19900,1786683659657
IMPLOG,leaf,ForkJoinPool-103-worker-2,6,36,3,18,800,84800,500,31900,211,19400,1786683659657
IMPLOG,leaf,ForkJoinPool-103-worker-6,6,36,3,18,800,85000,500,32200,200,17800,1786683659657
IMPLOG,leaf,ForkJoinPool-103-worker-4,6,36,3,18,1800,80600,500,32600,148,14000,1786683659657
IMPLOG,leaf,ForkJoinPool-103-worker-1,6,36,3,18,800,87200,500,32800,208,18700,1786683659657
IMPLOG,leaf,ForkJoinPool-103-worker-5,6,36,3,18,800,85500,500,29700,209,18200,1786683659657
IMPLOG,leaf,ForkJoinPool-103-worker-3,6,36,3,18,800,86200,500,30900,223,19600,1786683659657
IMPLOG,leaf,ForkJoinPool-103-worker-2,6,36,3,18,700,85700,500,30400,207,18700,1786683659657
IMPLOG,leaf,ForkJoinPool-103-worker-6,6,36,3,18,700,81000,500,32100,157,15300,1786683659657
IMPLOG,leaf,ForkJoinPool-103-worker-1,6,36,3,18,2200,84800,500,30200,222,19200,1786683659657
IMPLOG,leaf,ForkJoinPool-103-worker-3,6,36,3,18,2100,86300,500,33000,217,20900,1786683659657
IMPLOG,leaf,ForkJoinPool-103-worker-6,6,36,3,18,7900,89100,500,32800,208,19800,1786683659657
IMPLOG,leaf,ForkJoinPool-103-worker-1,6,36,3,18,700,89100,500,31500,219,20200,1786683659657
IMPLOG,leaf,ForkJoinPool-103-worker-2,6,36,3,18,8000,105900,600,37600,258,22900,1786683659657
IMPLOG,leaf,ForkJoinPool-103-worker-3,6,36,3,18,2500,103000,600,37700,246,22400,1786683659657
IMPLOG,leaf,ForkJoinPool-103-worker-4,6,36,3,18,1300,90300,500,32800,217,20200,1786683659657
IMPLOG,leaf,ForkJoinPool-103-worker-5,6,36,3,18,4300,89400,500,33500,220,20300,1786683659657
IMPLOG,leaf,ForkJoinPool-103-worker-6,6,36,3,18,800,86800,500,32000,205,18000,1786683659657
IMPLOG,leaf,ForkJoinPool-103-worker-1,6,36,3,18,2400,89700,500,35400,203,19200,1786683659657
IMPLOG,scan,main,6,36,3,18,714900,1786683659657
IMPLOG,leaf,ForkJoinPool-103-worker-2,6,36,3,19,1900,108700,600,42100,227,21500,1786683659657
IMPLOG,leaf,ForkJoinPool-103-worker-3,6,36,3,19,2400,112400,600,39400,270,25900,1786683659657
IMPLOG,leaf,ForkJoinPool-103-worker-5,6,36,3,19,600,63200,500,19300,206,16400,1786683659658
IMPLOG,leaf,ForkJoinPool-103-worker-1,6,36,3,19,700,68300,600,24800,185,13800,1786683659658
IMPLOG,leaf,ForkJoinPool-103-worker-4,6,36,3,19,1100,110400,600,40800,256,24100,1786683659658
IMPLOG,leaf,ForkJoinPool-103-worker-6,6,36,3,19,3800,112400,600,40700,252,23500,1786683659658
IMPLOG,leaf,ForkJoinPool-103-worker-2,6,36,3,19,2300,105900,600,38200,253,24400,1786683659658
IMPLOG,leaf,ForkJoinPool-103-worker-5,6,36,3,19,1600,60800,500,21900,216,15200,1786683659658
IMPLOG,leaf,ForkJoinPool-103-worker-1,6,36,3,19,400,57400,500,19800,177,13300,1786683659658
IMPLOG,leaf,ForkJoinPool-103-worker-3,6,36,3,19,800,108000,600,39700,259,24500,1786683659658
IMPLOG,leaf,ForkJoinPool-103-worker-5,6,36,3,19,400,58900,500,20800,204,14000,1786683659658
IMPLOG,leaf,ForkJoinPool-103-worker-1,6,36,3,19,1500,58500,500,21000,193,14700,1786683659658
IMPLOG,leaf,ForkJoinPool-103-worker-2,6,36,3,19,800,85200,500,32800,200,18900,1786683659658
IMPLOG,leaf,ForkJoinPool-103-worker-4,6,36,3,19,1100,102300,600,38800,219,20500,1786683659658
IMPLOG,leaf,ForkJoinPool-103-worker-6,6,36,3,19,800,104000,600,40200,216,21900,1786683659658
IMPLOG,leaf,ForkJoinPool-103-worker-3,6,36,3,19,6800,87200,500,32000,209,19700,1786683659658
IMPLOG,leaf,ForkJoinPool-103-worker-1,6,36,3,19,400,58600,500,21000,203,14300,1786683659658
IMPLOG,leaf,ForkJoinPool-103-worker-5,6,36,3,19,2100,58800,500,19200,194,14300,1786683659658
IMPLOG,leaf,ForkJoinPool-103-worker-2,6,36,3,19,700,87500,500,32000,211,18500,1786683659658
IMPLOG,leaf,ForkJoinPool-103-worker-6,6,36,3,19,700,83000,500,33500,162,14800,1786683659658
IMPLOG,leaf,ForkJoinPool-103-worker-5,6,36,3,19,500,54900,500,22300,133,10600,1786683659658
IMPLOG,leaf,ForkJoinPool-103-worker-1,6,36,3,19,1500,59100,500,20300,200,15400,1786683659658
IMPLOG,leaf,ForkJoinPool-103-worker-4,6,36,3,19,11700,81300,500,32800,154,14200,1786683659658
IMPLOG,leaf,ForkJoinPool-103-worker-3,6,36,3,19,2400,87700,500,31400,209,19900,1786683659658
IMPLOG,leaf,ForkJoinPool-103-worker-5,6,36,3,19,500,57700,500,21600,170,12200,1786683659658
IMPLOG,leaf,ForkJoinPool-103-worker-4,6,36,3,19,2200,60300,500,22100,195,14500,1786683659658
IMPLOG,leaf,ForkJoinPool-103-worker-2,6,36,3,19,2500,69300,500,22600,207,17300,1786683659658
IMPLOG,leaf,ForkJoinPool-103-worker-1,6,36,3,19,500,71200,600,24200,258,18300,1786683659658
IMPLOG,leaf,ForkJoinPool-103-worker-2,6,36,3,19,400,59200,500,21200,210,14800,1786683659658
IMPLOG,leaf,ForkJoinPool-103-worker-1,6,36,3,19,1700,58800,500,19200,219,15000,1786683659658
IMPLOG,leaf,ForkJoinPool-103-worker-4,6,36,3,19,500,82500,500,28800,222,18400,1786683659658
IMPLOG,leaf,ForkJoinPool-103-worker-5,6,36,3,19,1800,86500,500,31400,208,19200,1786683659658
IMPLOG,leaf,ForkJoinPool-103-worker-6,6,36,3,19,2400,85600,500,31000,205,19400,1786683659658
IMPLOG,leaf,ForkJoinPool-103-worker-3,6,36,3,19,2300,85900,500,33100,192,19200,1786683659658
IMPLOG,leaf,ForkJoinPool-103-worker-2,6,36,3,19,1700,61300,500,20600,209,15400,1786683659658
IMPLOG,leaf,ForkJoinPool-103-worker-4,6,36,3,19,2200,68700,500,24500,208,16500,1786683659658
IMPLOG,scan,main,6,36,3,19,663500,1786683659657
IMPLOG,leaf,ForkJoinPool-103-worker-2,6,36,3,20,2400,105200,600,41200,227,22600,1786683659658
IMPLOG,leaf,ForkJoinPool-103-worker-4,6,36,3,20,2200,110600,600,38800,270,26500,1786683659658
IMPLOG,leaf,ForkJoinPool-103-worker-1,6,36,3,20,1600,60100,500,19400,209,15300,1786683659658
IMPLOG,leaf,ForkJoinPool-103-worker-5,6,36,3,20,1400,62300,500,21800,206,15900,1786683659658
IMPLOG,leaf,ForkJoinPool-103-worker-6,6,36,3,20,1400,107800,600,37000,257,25600,1786683659658
IMPLOG,leaf,ForkJoinPool-103-worker-3,6,36,3,20,1400,109000,600,39400,252,24100,1786683659658
IMPLOG,leaf,ForkJoinPool-103-worker-2,6,36,3,20,800,105300,600,38500,253,23200,1786683659658
IMPLOG,leaf,ForkJoinPool-103-worker-1,6,36,3,20,600,60600,500,20200,209,15600,1786683659658
IMPLOG,leaf,ForkJoinPool-103-worker-4,6,36,3,20,800,109100,600,41900,260,24800,1786683659658
IMPLOG,leaf,ForkJoinPool-103-worker-5,6,36,3,20,1800,61400,500,18900,215,15500,1786683659658
IMPLOG,leaf,ForkJoinPool-103-worker-1,6,36,3,20,900,59100,500,21500,191,13900,1786683659658
IMPLOG,leaf,ForkJoinPool-103-worker-5,6,36,3,20,400,59800,500,20100,203,14900,1786683659658
IMPLOG,leaf,ForkJoinPool-103-worker-2,6,36,3,20,2300,87600,500,31400,200,19700,1786683659658
IMPLOG,leaf,ForkJoinPool-103-worker-6,6,36,3,20,4300,104100,600,39300,220,20800,1786683659658
IMPLOG,leaf,ForkJoinPool-103-worker-3,6,36,3,20,4300,106200,600,41600,216,22300,1786683659658
IMPLOG,leaf,ForkJoinPool-103-worker-4,6,36,3,20,1900,89300,500,32300,209,20800,1786683659658
IMPLOG,leaf,ForkJoinPool-103-worker-1,6,36,3,20,5600,60100,500,19700,208,15200,1786683659658
IMPLOG,leaf,ForkJoinPool-103-worker-5,6,36,3,20,600,60100,500,21400,194,14700,1786683659658
IMPLOG,leaf,ForkJoinPool-103-worker-2,6,36,3,20,800,89300,500,32600,213,19200,1786683659658
IMPLOG,leaf,ForkJoinPool-103-worker-6,6,36,3,20,900,83200,500,33700,156,14300,1786683659658
IMPLOG,leaf,ForkJoinPool-103-worker-3,6,36,3,20,800,86100,500,34700,162,16000,1786683659658
IMPLOG,leaf,ForkJoinPool-103-worker-5,6,36,3,20,1700,55100,500,20800,131,10800,1786683659658
IMPLOG,leaf,ForkJoinPool-103-worker-4,6,36,3,20,800,90400,500,34700,210,20600,1786683659658
IMPLOG,leaf,ForkJoinPool-103-worker-1,6,36,3,20,1400,62100,500,21300,195,14400,1786683659658
IMPLOG,leaf,ForkJoinPool-103-worker-2,6,36,3,20,2100,87100,500,32300,202,18700,1786683659659
IMPLOG,leaf,ForkJoinPool-103-worker-6,6,36,3,20,2200,89200,500,32000,222,20100,1786683659659
IMPLOG,leaf,ForkJoinPool-103-worker-3,6,36,3,20,2000,87200,500,35000,170,16600,1786683659659
IMPLOG,leaf,ForkJoinPool-103-worker-4,6,36,3,20,2200,89700,500,32600,200,20300,1786683659659
IMPLOG,leaf,ForkJoinPool-103-worker-2,6,36,3,20,1900,107400,600,38800,258,24700,1786683659659
IMPLOG,leaf,ForkJoinPool-103-worker-5,6,36,3,20,900,85900,500,32200,179,17400,1786683659659
IMPLOG,leaf,ForkJoinPool-103-worker-4,6,36,3,20,2000,88400,500,34100,193,18900,1786683659659
IMPLOG,leaf,ForkJoinPool-103-worker-6,6,36,3,20,2300,89000,500,32500,208,19400,1786683659659
IMPLOG,leaf,ForkJoinPool-103-worker-1,6,36,3,20,800,99800,600,39300,183,18300,1786683659659
IMPLOG,leaf,ForkJoinPool-103-worker-3,6,36,3,20,2400,89200,500,33600,203,19700,1786683659659
IMPLOG,leaf,ForkJoinPool-103-worker-2,6,36,3,20,800,72500,500,25400,219,17200,1786683659659
IMPLOG,leaf,ForkJoinPool-103-worker-5,6,36,3,20,2200,72500,500,24900,211,17500,1786683659659
IMPLOG,scan,main,6,36,3,20,702800,1786683659658
IMPLOG,leaf,ForkJoinPool-103-worker-2,6,36,3,21,2700,106200,600,37900,231,23300,1786683659659
IMPLOG,leaf,ForkJoinPool-103-worker-6,6,36,3,21,900,110800,600,40000,270,25500,1786683659659
IMPLOG,leaf,ForkJoinPool-103-worker-3,6,36,3,21,700,68400,600,25100,198,15500,1786683659659
IMPLOG,leaf,ForkJoinPool-103-worker-1,6,36,3,21,500,73500,600,24000,260,19800,1786683659659
IMPLOG,leaf,ForkJoinPool-103-worker-4,6,36,3,21,1400,108600,600,41700,251,24200,1786683659659
IMPLOG,leaf,ForkJoinPool-103-worker-5,6,36,3,21,1400,108200,600,38900,257,24400,1786683659659
IMPLOG,leaf,ForkJoinPool-103-worker-2,6,36,3,21,800,106000,600,37600,255,23200,1786683659659
IMPLOG,leaf,ForkJoinPool-103-worker-3,6,36,3,21,1600,59500,500,22600,184,15000,1786683659659
IMPLOG,leaf,ForkJoinPool-103-worker-6,6,36,3,21,2700,107500,600,40000,260,24400,1786683659659
IMPLOG,leaf,ForkJoinPool-103-worker-1,6,36,3,21,1700,60600,500,19600,217,16400,1786683659659
IMPLOG,leaf,ForkJoinPool-103-worker-3,6,36,3,21,500,60700,500,21400,197,14700,1786683659659
IMPLOG,leaf,ForkJoinPool-103-worker-1,6,36,3,21,400,59900,500,21300,209,15500,1786683659659
IMPLOG,leaf,ForkJoinPool-103-worker-5,6,36,3,21,800,104000,600,39200,220,20000,1786683659659
IMPLOG,leaf,ForkJoinPool-103-worker-4,6,36,3,21,3300,106000,600,41300,221,21100,1786683659659
IMPLOG,leaf,ForkJoinPool-103-worker-2,6,36,3,21,800,88500,500,33000,203,19700,1786683659659
IMPLOG,leaf,ForkJoinPool-103-worker-6,6,36,3,21,800,88300,500,32300,210,19900,1786683659659
IMPLOG,leaf,ForkJoinPool-103-worker-3,6,36,3,21,1500,60100,500,21100,207,15100,1786683659659
IMPLOG,leaf,ForkJoinPool-103-worker-1,6,36,3,21,2100,60600,500,18500,214,16400,1786683659659
IMPLOG,leaf,ForkJoinPool-103-worker-5,6,36,3,21,2200,83600,500,33600,156,15600,1786683659659
IMPLOG,leaf,ForkJoinPool-103-worker-4,6,36,3,21,800,85800,500,34400,168,16000,1786683659659
IMPLOG,leaf,ForkJoinPool-103-worker-3,6,36,3,21,500,60200,500,20500,206,15600,1786683659659
IMPLOG,leaf,ForkJoinPool-103-worker-6,6,36,3,21,800,89300,500,31400,209,19900,1786683659659
IMPLOG,leaf,ForkJoinPool-103-worker-2,6,36,3,21,1900,89900,500,32200,216,20500,1786683659659
IMPLOG,leaf,ForkJoinPool-103-worker-1,6,36,3,21,400,59900,500,19400,204,15900,1786683659659
IMPLOG,leaf,ForkJoinPool-103-worker-3,6,36,3,21,400,61500,500,22200,209,15700,1786683659659
IMPLOG,leaf,ForkJoinPool-103-worker-1,6,36,3,21,1500,61100,500,20800,197,15900,1786683659659
IMPLOG,leaf,ForkJoinPool-103-worker-4,6,36,3,21,800,83900,500,36200,137,15500,1786683659659
IMPLOG,leaf,ForkJoinPool-103-worker-5,6,36,3,21,800,88100,500,33200,197,18200,1786683659659
IMPLOG,leaf,ForkJoinPool-103-worker-2,6,36,3,21,900,90000,500,33400,203,20200,1786683659659
IMPLOG,leaf,ForkJoinPool-103-worker-6,6,36,3,21,2200,91800,500,33000,216,21700,1786683659659
IMPLOG,leaf,ForkJoinPool-103-worker-3,6,36,3,21,1500,59500,500,22900,176,13000,1786683659659
IMPLOG,leaf,ForkJoinPool-103-worker-1,6,36,3,21,1500,60400,500,19300,209,15600,1786683659659
IMPLOG,leaf,ForkJoinPool-103-worker-5,6,36,3,21,2900,71000,500,22900,222,18100,1786683659659
IMPLOG,leaf,ForkJoinPool-103-worker-2,6,36,3,21,2100,70100,500,26200,190,14900,1786683659659
IMPLOG,leaf,ForkJoinPool-103-worker-3,6,36,3,21,500,60600,500,20400,210,15600,1786683659659
IMPLOG,leaf,ForkJoinPool-103-worker-1,6,36,3,21,400,69500,500,23200,209,17300,1786683659659
IMPLOG,scan,main,6,36,3,21,667100,1786683659659
IMPLOG,leaf,ForkJoinPool-103-worker-2,6,36,3,22,3200,109000,600,40200,231,22000,1786683659659
IMPLOG,leaf,ForkJoinPool-103-worker-4,6,36,3,22,3000,91700,500,29700,209,16800,1786683659660
IMPLOG,leaf,ForkJoinPool-103-worker-5,6,36,3,22,4100,111600,600,40600,270,26400,1786683659660
IMPLOG,leaf,ForkJoinPool-103-worker-3,6,36,3,22,2400,106400,600,38200,257,25200,1786683659660
IMPLOG,leaf,ForkJoinPool-103-worker-1,6,36,3,22,2300,109300,600,38500,251,25100,1786683659660
IMPLOG,leaf,ForkJoinPool-103-worker-6,6,36,3,22,1100,80400,500,27600,197,16400,1786683659660
IMPLOG,leaf,ForkJoinPool-103-worker-4,6,36,3,22,800,59900,500,20700,210,14900,1786683659660
IMPLOG,leaf,ForkJoinPool-103-worker-2,6,36,3,22,800,107100,600,37800,255,22700,1786683659660
IMPLOG,leaf,ForkJoinPool-103-worker-3,6,36,3,22,800,101500,600,38200,220,19500,1786683659660
IMPLOG,leaf,ForkJoinPool-103-worker-5,6,36,3,22,800,109000,600,40000,260,25600,1786683659660
IMPLOG,leaf,ForkJoinPool-103-worker-4,6,36,3,22,1700,58900,500,21600,190,13500,1786683659660
IMPLOG,leaf,ForkJoinPool-103-worker-6,6,36,3,22,1000,81600,500,27200,222,19000,1786683659660
IMPLOG,leaf,ForkJoinPool-103-worker-1,6,36,3,22,800,129200,600,37000,222,19900,1786683659660
IMPLOG,leaf,ForkJoinPool-103-worker-4,6,36,3,22,400,74200,500,24500,209,16300,1786683659660
IMPLOG,leaf,ForkJoinPool-103-worker-5,6,36,3,22,2200,86200,500,29300,210,18500,1786683659660
IMPLOG,leaf,ForkJoinPool-103-worker-2,6,36,3,22,2400,108000,500,30200,203,40000,1786683659660
IMPLOG,leaf,ForkJoinPool-103-worker-6,6,36,3,22,13800,85100,600,30500,198,15800,1786683659660
IMPLOG,leaf,ForkJoinPool-103-worker-3,6,36,3,22,700,113900,500,62300,156,13500,1786683659660
IMPLOG,leaf,ForkJoinPool-103-worker-1,6,36,3,22,4100,75300,500,30800,168,14400,1786683659660
IMPLOG,leaf,ForkJoinPool-103-worker-5,6,36,3,22,900,75000,500,26500,209,17500,1786683659660
IMPLOG,leaf,ForkJoinPool-103-worker-2,6,36,3,22,1000,76600,500,25300,216,17700,1786683659660
IMPLOG,leaf,ForkJoinPool-103-worker-4,6,36,3,22,7800,107500,600,51400,260,21600,1786683659660
IMPLOG,leaf,ForkJoinPool-103-worker-1,6,36,3,22,2300,77200,500,30600,137,12400,1786683659660
IMPLOG,leaf,ForkJoinPool-103-worker-6,6,36,3,22,2900,87700,500,32900,184,17900,1786683659660
IMPLOG,leaf,ForkJoinPool-103-worker-3,6,36,3,22,2800,88200,500,32400,204,19400,1786683659660
IMPLOG,leaf,ForkJoinPool-103-worker-2,6,36,3,22,2100,60500,500,20700,209,15600,1786683659660
IMPLOG,leaf,ForkJoinPool-103-worker-5,6,36,3,22,900,99900,500,32500,206,42700,1786683659660
IMPLOG,leaf,ForkJoinPool-103-worker-1,6,36,3,22,600,61800,500,22300,176,13900,1786683659660
IMPLOG,leaf,ForkJoinPool-103-worker-4,6,36,3,22,3600,78500,500,25300,217,17800,1786683659660
IMPLOG,leaf,ForkJoinPool-103-worker-3,6,36,3,22,800,74700,500,26800,214,17200,1786683659660
IMPLOG,leaf,ForkJoinPool-103-worker-2,6,36,3,22,1300,86800,500,32500,207,20000,1786683659660
IMPLOG,leaf,ForkJoinPool-103-worker-6,6,36,3,22,800,122100,500,32600,197,51900,1786683659660
IMPLOG,leaf,ForkJoinPool-103-worker-1,6,36,3,22,2000,67400,500,23100,202,14300,1786683659660
IMPLOG,leaf,ForkJoinPool-103-worker-5,6,36,3,22,7700,75400,500,28500,209,18800,1786683659660
IMPLOG,leaf,ForkJoinPool-103-worker-3,6,36,3,22,1900,67700,500,25500,197,16700,1786683659660
IMPLOG,leaf,ForkJoinPool-103-worker-6,6,36,3,22,1000,71900,500,25500,215,17300,1786683659660
IMPLOG,scan,main,6,36,3,22,702500,1786683659659
IMPLOG,leaf,ForkJoinPool-103-worker-2,6,36,3,23,800,83000,600,32000,211,17700,1786683659660
IMPLOG,leaf,ForkJoinPool-103-worker-5,6,36,3,23,1000,94900,600,33000,270,22800,1786683659660
IMPLOG,leaf,ForkJoinPool-103-worker-6,6,36,3,23,2100,107800,600,39500,257,23700,1786683659660
IMPLOG,leaf,ForkJoinPool-103-worker-1,6,36,3,23,800,107500,600,38400,255,24700,1786683659660
IMPLOG,leaf,ForkJoinPool-103-worker-3,6,36,3,23,1300,88400,500,34200,200,19900,1786683659660
IMPLOG,leaf,ForkJoinPool-103-worker-2,6,36,3,23,2100,83200,600,33100,231,18500,1786683659660
IMPLOG,leaf,ForkJoinPool-103-worker-4,6,36,3,23,1300,99200,600,40100,179,18000,1786683659660
IMPLOG,leaf,ForkJoinPool-103-worker-5,6,36,3,23,2200,95200,600,33600,252,21600,1786683659660
IMPLOG,leaf,ForkJoinPool-103-worker-6,6,36,3,23,800,103200,600,38800,236,22200,1786683659660
IMPLOG,leaf,ForkJoinPool-103-worker-2,6,36,3,23,600,68500,500,26900,186,14800,1786683659660
IMPLOG,leaf,ForkJoinPool-103-worker-1,6,36,3,23,8600,101900,600,39700,201,19700,1786683659660
IMPLOG,leaf,ForkJoinPool-103-worker-3,6,36,3,23,3800,87700,500,34200,207,19800,1786683659660
IMPLOG,leaf,ForkJoinPool-103-worker-4,6,36,3,23,2600,84200,500,32600,171,15500,1786683659660
IMPLOG,leaf,ForkJoinPool-103-worker-5,6,36,3,23,700,79000,500,26800,207,17100,1786683659660
IMPLOG,leaf,ForkJoinPool-103-worker-2,6,36,3,23,600,70100,500,25400,199,14900,1786683659660
IMPLOG,leaf,ForkJoinPool-103-worker-1,6,36,3,23,2000,84400,500,33300,168,15900,1786683659660
IMPLOG,leaf,ForkJoinPool-103-worker-6,6,36,3,23,2300,92600,500,32000,210,19700,1786683659660
IMPLOG,leaf,ForkJoinPool-103-worker-3,6,36,3,23,800,87800,500,32700,205,19500,1786683659660
IMPLOG,leaf,ForkJoinPool-103-worker-4,6,36,3,23,800,84400,500,32800,178,15300,1786683659660
IMPLOG,leaf,ForkJoinPool-103-worker-5,6,36,3,23,2100,79800,500,26900,221,17900,1786683659660
IMPLOG,leaf,ForkJoinPool-103-worker-2,6,36,3,23,1800,69900,500,21100,202,14000,1786683659661
IMPLOG,leaf,ForkJoinPool-103-worker-1,6,36,3,23,800,84900,500,35000,151,14600,1786683659661
IMPLOG,leaf,ForkJoinPool-103-worker-6,6,36,3,23,800,85900,500,31900,192,16800,1786683659661
IMPLOG,leaf,ForkJoinPool-103-worker-3,6,36,3,23,800,86300,500,33400,190,18500,1786683659661
IMPLOG,leaf,ForkJoinPool-103-worker-4,6,36,3,23,1900,86700,500,30500,201,18600,1786683659661
IMPLOG,leaf,ForkJoinPool-103-worker-5,6,36,3,23,700,78400,500,27000,207,17000,1786683659661
IMPLOG,leaf,ForkJoinPool-103-worker-2,6,36,3,23,600,87300,600,29300,241,18500,1786683659661
IMPLOG,leaf,ForkJoinPool-103-worker-1,6,36,3,23,2200,86800,500,33300,176,17300,1786683659661
IMPLOG,leaf,ForkJoinPool-103-worker-6,6,36,3,23,700,88200,500,32500,222,20700,1786683659661
IMPLOG,leaf,ForkJoinPool-103-worker-4,6,36,3,23,800,88000,500,32000,194,18900,1786683659661
IMPLOG,leaf,ForkJoinPool-103-worker-3,6,36,3,23,2100,89500,500,32200,207,19600,1786683659661
IMPLOG,leaf,ForkJoinPool-103-worker-5,6,36,3,23,800,94500,500,44600,188,16200,1786683659661
IMPLOG,leaf,ForkJoinPool-103-worker-2,6,36,3,23,1900,93400,500,41000,201,16700,1786683659661
IMPLOG,leaf,ForkJoinPool-103-worker-1,6,36,3,23,800,94200,500,34000,213,21600,1786683659661
IMPLOG,leaf,ForkJoinPool-103-worker-6,6,36,3,23,2100,92700,500,35700,195,19300,1786683659661
IMPLOG,leaf,ForkJoinPool-103-worker-4,6,36,3,23,11100,76100,500,26100,215,16700,1786683659661
IMPLOG,scan,main,6,36,3,23,685200,1786683659660
IMPLOG,leaf,ForkJoinPool-103-worker-2,6,36,3,24,1800,101900,600,37900,211,20400,1786683659661
IMPLOG,leaf,ForkJoinPool-103-worker-5,6,36,3,24,3000,90600,600,33500,269,23000,1786683659661
IMPLOG,leaf,ForkJoinPool-103-worker-4,6,36,3,24,2400,92800,600,33900,257,22000,1786683659661
IMPLOG,leaf,ForkJoinPool-103-worker-1,6,36,3,24,2400,106400,600,38700,257,23100,1786683659661
IMPLOG,leaf,ForkJoinPool-103-worker-3,6,36,3,24,1300,87600,500,35500,200,19300,1786683659661
IMPLOG,leaf,ForkJoinPool-103-worker-6,6,36,3,24,1300,99500,600,39000,179,17000,1786683659661
IMPLOG,leaf,ForkJoinPool-103-worker-5,6,36,3,24,600,72700,600,24600,252,18600,1786683659661
IMPLOG,leaf,ForkJoinPool-103-worker-4,6,36,3,24,1100,88500,600,36400,201,17300,1786683659661
IMPLOG,leaf,ForkJoinPool-103-worker-2,6,36,3,24,10700,102200,600,38000,231,20000,1786683659661
IMPLOG,leaf,ForkJoinPool-103-worker-1,6,36,3,24,2000,103300,600,39100,236,22000,1786683659661
IMPLOG,leaf,ForkJoinPool-103-worker-5,6,36,3,24,1800,58500,500,18800,207,15300,1786683659661
IMPLOG,leaf,ForkJoinPool-103-worker-3,6,36,3,24,3900,88000,500,33200,207,18800,1786683659661
IMPLOG,leaf,ForkJoinPool-103-worker-6,6,36,3,24,3000,84100,500,32200,171,16700,1786683659661
IMPLOG,leaf,ForkJoinPool-103-worker-4,6,36,3,24,2400,72500,500,27400,168,12900,1786683659661
IMPLOG,leaf,ForkJoinPool-103-worker-5,6,36,3,24,1400,59900,500,20800,222,15600,1786683659661
IMPLOG,leaf,ForkJoinPool-103-worker-2,6,36,3,24,2200,84300,500,31800,186,17700,1786683659661
IMPLOG,leaf,ForkJoinPool-103-worker-1,6,36,3,24,800,87000,500,30600,210,19600,1786683659661
IMPLOG,leaf,ForkJoinPool-103-worker-3,6,36,3,24,800,88000,500,33600,205,18800,1786683659661
IMPLOG,leaf,ForkJoinPool-103-worker-6,6,36,3,24,800,85400,500,33000,178,17100,1786683659661
IMPLOG,leaf,ForkJoinPool-103-worker-4,6,36,3,24,700,71400,500,26300,152,13200,1786683659661
IMPLOG,leaf,ForkJoinPool-103-worker-5,6,36,3,24,500,58800,500,20100,207,14700,1786683659661
IMPLOG,leaf,ForkJoinPool-103-worker-2,6,36,3,24,900,85800,500,31100,199,17300,1786683659661
IMPLOG,leaf,ForkJoinPool-103-worker-1,6,36,3,24,2200,86100,500,32500,192,17900,1786683659661
IMPLOG,leaf,ForkJoinPool-103-worker-5,6,36,3,24,1400,57400,500,21300,188,13400,1786683659661
IMPLOG,leaf,ForkJoinPool-103-worker-3,6,36,3,24,2400,86200,500,34200,190,18100,1786683659661
IMPLOG,leaf,ForkJoinPool-103-worker-4,6,36,3,24,2100,74500,500,28600,176,14300,1786683659661
IMPLOG,leaf,ForkJoinPool-103-worker-6,6,36,3,24,1900,86600,500,33100,201,19000,1786683659661
IMPLOG,leaf,ForkJoinPool-103-worker-2,6,36,3,24,2100,86100,500,30600,202,18000,1786683659661
IMPLOG,leaf,ForkJoinPool-103-worker-5,6,36,3,24,500,67800,500,23600,215,16500,1786683659661
IMPLOG,leaf,ForkJoinPool-103-worker-1,6,36,3,24,800,89300,500,32100,220,21400,1786683659661
IMPLOG,leaf,ForkJoinPool-103-worker-4,6,36,3,24,2200,74300,500,28900,195,16200,1786683659661
IMPLOG,leaf,ForkJoinPool-103-worker-3,6,36,3,24,2100,87900,500,33500,213,19900,1786683659661
IMPLOG,leaf,ForkJoinPool-103-worker-6,6,36,3,24,2600,104200,600,39500,242,23500,1786683659661
IMPLOG,leaf,ForkJoinPool-103-worker-2,6,36,3,24,800,86900,500,30700,206,18500,1786683659661
IMPLOG,leaf,ForkJoinPool-103-worker-1,6,36,3,24,2200,80500,500,31300,195,16800,1786683659661
IMPLOG,leaf,ForkJoinPool-103-worker-3,6,36,3,24,800,67200,500,24100,201,14900,1786683659661
IMPLOG,scan,main,6,36,3,24,630600,1786683659661
IMPLOG,leaf,ForkJoinPool-103-worker-2,6,36,3,25,900,103600,600,28800,211,18400,1786683659662
IMPLOG,leaf,ForkJoinPool-103-worker-6,6,36,3,25,1200,111500,600,38400,269,24900,1786683659662
IMPLOG,leaf,ForkJoinPool-103-worker-1,6,36,3,25,3800,111300,600,41500,257,25300,1786683659662
IMPLOG,leaf,ForkJoinPool-103-worker-4,6,36,3,25,900,73300,600,23800,242,17700,1786683659662
IMPLOG,leaf,ForkJoinPool-103-worker-5,6,36,3,25,6400,89500,500,31300,206,19500,1786683659662
IMPLOG,leaf,ForkJoinPool-103-worker-2,6,36,3,25,2700,89700,600,33600,231,19700,1786683659662
IMPLOG,leaf,ForkJoinPool-103-worker-3,6,36,3,25,5300,110900,600,41800,257,25600,1786683659662
IMPLOG,leaf,ForkJoinPool-103-worker-4,6,36,3,25,3200,59300,500,21600,201,15100,1786683659662
IMPLOG,leaf,ForkJoinPool-103-worker-6,6,36,3,25,2500,109500,600,40300,252,25200,1786683659662
IMPLOG,leaf,ForkJoinPool-103-worker-1,6,36,3,25,800,105700,600,37800,236,21600,1786683659662
IMPLOG,leaf,ForkJoinPool-103-worker-2,6,36,3,25,800,73200,500,25300,186,14900,1786683659662
IMPLOG,leaf,ForkJoinPool-103-worker-5,6,36,3,25,900,89800,500,33100,195,18400,1786683659662
IMPLOG,leaf,ForkJoinPool-103-worker-3,6,36,3,25,800,110800,600,40000,203,20600,1786683659662
IMPLOG,leaf,ForkJoinPool-103-worker-6,6,36,3,25,800,92000,500,32800,207,21600,1786683659662
IMPLOG,leaf,ForkJoinPool-103-worker-1,6,36,3,25,2200,95600,500,32200,210,21200,1786683659662
IMPLOG,leaf,ForkJoinPool-103-worker-2,6,36,3,25,2400,99900,500,38200,199,14800,1786683659662
IMPLOG,leaf,ForkJoinPool-103-worker-5,6,36,3,25,800,109600,600,40700,179,23700,1786683659662
IMPLOG,leaf,ForkJoinPool-103-worker-4,6,36,3,25,900,60800,500,18700,202,14800,1786683659662
IMPLOG,leaf,ForkJoinPool-103-worker-3,6,36,3,25,12700,87200,500,35000,168,16200,1786683659662
IMPLOG,leaf,ForkJoinPool-103-worker-1,6,36,3,25,1300,86500,500,32000,194,17800,1786683659662
IMPLOG,leaf,ForkJoinPool-103-worker-6,6,36,3,25,25500,91900,500,32400,222,22600,1786683659662
IMPLOG,leaf,ForkJoinPool-103-worker-2,6,36,3,25,2100,76900,500,30200,189,17000,1786683659662
IMPLOG,leaf,ForkJoinPool-103-worker-4,6,36,3,25,3200,62500,500,22100,213,16200,1786683659662
IMPLOG,leaf,ForkJoinPool-103-worker-5,6,36,3,25,800,87700,500,35200,171,15900,1786683659662
IMPLOG,leaf,ForkJoinPool-103-worker-3,6,36,3,25,800,84000,500,34900,153,15400,1786683659662
IMPLOG,leaf,ForkJoinPool-103-worker-1,6,36,3,25,2300,90300,500,33000,222,20500,1786683659662
IMPLOG,leaf,ForkJoinPool-103-worker-2,6,36,3,25,700,76800,500,28800,215,17800,1786683659662
IMPLOG,leaf,ForkJoinPool-103-worker-6,6,36,3,25,2000,89800,500,33700,207,18900,1786683659662
IMPLOG,leaf,ForkJoinPool-103-worker-4,6,36,3,25,400,59900,500,20600,195,13700,1786683659662
IMPLOG,leaf,ForkJoinPool-103-worker-5,6,36,3,25,800,87600,500,34200,178,17800,1786683659662
IMPLOG,leaf,ForkJoinPool-103-worker-3,6,36,3,25,8600,88400,500,35500,176,16900,1786683659662
IMPLOG,leaf,ForkJoinPool-103-worker-2,6,36,3,25,2500,77200,500,26800,201,16500,1786683659662
IMPLOG,leaf,ForkJoinPool-103-worker-1,6,36,3,25,900,89500,500,32700,200,18900,1786683659662
IMPLOG,leaf,ForkJoinPool-103-worker-4,6,36,3,25,10900,61700,500,20300,207,15000,1786683659662
IMPLOG,leaf,ForkJoinPool-103-worker-6,6,36,3,25,800,89500,500,34600,205,19700,1786683659662
IMPLOG,leaf,ForkJoinPool-103-worker-5,6,36,3,25,2300,74400,500,28400,190,15700,1786683659662
IMPLOG,scan,main,6,36,3,25,729800,1786683659662
IMPLOG,leaf,ForkJoinPool-103-worker-2,6,36,3,26,3000,103800,600,40100,211,20300,1786683659662
IMPLOG,leaf,ForkJoinPool-103-worker-6,6,36,3,26,2300,92300,600,32500,257,21800,1786683659662
IMPLOG,leaf,ForkJoinPool-103-worker-1,6,36,3,26,2300,109400,600,39600,269,25300,1786683659662
IMPLOG,leaf,ForkJoinPool-103-worker-3,6,36,3,26,3200,59600,500,20400,189,14200,1786683659662
IMPLOG,leaf,ForkJoinPool-103-worker-5,6,36,3,26,2100,107900,600,40900,242,21500,1786683659662
IMPLOG,leaf,ForkJoinPool-103-worker-4,6,36,3,26,4100,108100,600,38300,257,24100,1786683659662
IMPLOG,leaf,ForkJoinPool-103-worker-3,6,36,3,26,500,61000,500,20500,218,15500,1786683659662
IMPLOG,leaf,ForkJoinPool-103-worker-6,6,36,3,26,800,87600,600,29700,236,18100,1786683659662
IMPLOG,leaf,ForkJoinPool-103-worker-2,6,36,3,26,800,102100,600,37600,231,19700,1786683659662
IMPLOG,leaf,ForkJoinPool-103-worker-5,6,36,3,26,800,87200,500,31400,201,18300,1786683659662
IMPLOG,leaf,ForkJoinPool-103-worker-1,6,36,3,26,8200,106300,600,38600,253,23500,1786683659662
IMPLOG,leaf,ForkJoinPool-103-worker-4,6,36,3,26,800,102400,600,40800,203,20000,1786683659662
IMPLOG,leaf,ForkJoinPool-103-worker-3,6,36,3,26,1600,60300,500,21100,213,15200,1786683659662
IMPLOG,leaf,ForkJoinPool-103-worker-6,6,36,3,26,600,72900,500,29300,210,17100,1786683659662
IMPLOG,leaf,ForkJoinPool-103-worker-2,6,36,3,26,2400,86500,500,33000,186,17400,1786683659662
IMPLOG,leaf,ForkJoinPool-103-worker-3,6,36,3,26,500,58000,500,20200,193,13500,1786683659663
IMPLOG,leaf,ForkJoinPool-103-worker-1,6,36,3,26,800,87800,500,33400,207,20600,1786683659663
IMPLOG,leaf,ForkJoinPool-103-worker-5,6,36,3,26,2100,87300,500,31700,206,18600,1786683659663
IMPLOG,leaf,ForkJoinPool-103-worker-4,6,36,3,26,1900,86200,500,33600,168,16500,1786683659663
IMPLOG,leaf,ForkJoinPool-103-worker-6,6,36,3,26,2500,72300,500,25300,194,14900,1786683659663
IMPLOG,leaf,ForkJoinPool-103-worker-3,6,36,3,26,1600,56100,500,22000,153,11500,1786683659663
IMPLOG,leaf,ForkJoinPool-103-worker-2,6,36,3,26,800,86100,500,32500,199,17900,1786683659663
IMPLOG,leaf,ForkJoinPool-103-worker-5,6,36,3,26,800,86900,500,33500,195,18600,1786683659663
IMPLOG,leaf,ForkJoinPool-103-worker-1,6,36,3,26,2100,89900,500,32800,222,21500,1786683659663
IMPLOG,leaf,ForkJoinPool-103-worker-6,6,36,3,26,600,74400,500,24900,222,19500,1786683659663
IMPLOG,leaf,ForkJoinPool-103-worker-4,6,36,3,26,700,87000,500,35400,176,16800,1786683659663
IMPLOG,leaf,ForkJoinPool-103-worker-2,6,36,3,26,2300,88800,500,31600,202,19200,1786683659663
IMPLOG,leaf,ForkJoinPool-103-worker-5,6,36,3,26,2200,91000,500,35200,200,19600,1786683659663
IMPLOG,leaf,ForkJoinPool-103-worker-1,6,36,3,26,800,96300,500,35300,207,19400,1786683659663
IMPLOG,leaf,ForkJoinPool-103-worker-6,6,36,3,26,2200,92800,500,28700,205,32400,1786683659663
IMPLOG,leaf,ForkJoinPool-103-worker-3,6,36,3,26,800,88900,500,33000,191,19500,1786683659663
IMPLOG,leaf,ForkJoinPool-103-worker-4,6,36,3,26,3600,60900,500,21000,179,13200,1786683659663
IMPLOG,leaf,ForkJoinPool-103-worker-2,6,36,3,26,5600,101700,600,41300,179,18600,1786683659663
IMPLOG,leaf,ForkJoinPool-103-worker-5,6,36,3,26,800,91200,500,34400,207,20500,1786683659663
IMPLOG,leaf,ForkJoinPool-103-worker-1,6,36,3,26,2300,89200,500,32000,171,15800,1786683659663
IMPLOG,leaf,ForkJoinPool-103-worker-3,6,36,3,26,800,86000,500,31600,201,20300,1786683659663
IMPLOG,scan,main,6,36,3,26,680200,1786683659662
IMPLOG,leaf,ForkJoinPool-103-worker-5,6,36,3,27,1400,61500,500,22800,189,15000,1786683659663
IMPLOG,leaf,ForkJoinPool-103-worker-2,6,36,3,27,900,104300,600,39000,211,20500,1786683659663
IMPLOG,leaf,ForkJoinPool-103-worker-4,6,36,3,27,2400,111100,600,40300,268,25700,1786683659663
IMPLOG,leaf,ForkJoinPool-103-worker-3,6,36,3,27,3100,103200,600,39100,179,18100,1786683659663
IMPLOG,leaf,ForkJoinPool-103-worker-1,6,36,3,27,2400,108800,600,34200,257,35400,1786683659663
IMPLOG,leaf,ForkJoinPool-103-worker-6,6,36,3,27,1000,96600,500,33800,213,20000,1786683659663
IMPLOG,leaf,ForkJoinPool-103-worker-5,6,36,3,27,1400,61300,500,20900,216,15600,1786683659663
IMPLOG,leaf,ForkJoinPool-103-worker-3,6,36,3,27,800,86400,500,33500,165,15800,1786683659663
IMPLOG,leaf,ForkJoinPool-103-worker-1,6,36,3,27,700,86400,600,30900,206,17800,1786683659663
IMPLOG,leaf,ForkJoinPool-103-worker-2,6,36,3,27,2200,104800,600,37600,231,23500,1786683659663
IMPLOG,leaf,ForkJoinPool-103-worker-4,6,36,3,27,800,108400,600,39700,245,24400,1786683659663
IMPLOG,leaf,ForkJoinPool-103-worker-6,6,36,3,27,2700,87500,500,33200,186,17200,1786683659663
IMPLOG,leaf,ForkJoinPool-103-worker-1,6,36,3,27,2300,74200,500,29300,168,14000,1786683659663
IMPLOG,leaf,ForkJoinPool-103-worker-3,6,36,3,27,2100,88400,500,33700,186,17400,1786683659663
IMPLOG,leaf,ForkJoinPool-103-worker-5,6,36,3,27,500,59500,500,23900,162,12300,1786683659663
IMPLOG,leaf,ForkJoinPool-103-worker-2,6,36,3,27,800,86500,500,32800,186,18300,1786683659663
IMPLOG,leaf,ForkJoinPool-103-worker-4,6,36,3,27,2200,90200,500,33400,206,19700,1786683659663
IMPLOG,leaf,ForkJoinPool-103-worker-6,6,36,3,27,2100,90000,500,33300,203,19700,1786683659663
IMPLOG,leaf,ForkJoinPool-103-worker-1,6,36,3,27,600,71000,500,28500,166,13300,1786683659663
IMPLOG,leaf,ForkJoinPool-103-worker-3,6,36,3,27,800,78600,500,29300,201,17800,1786683659663
IMPLOG,leaf,ForkJoinPool-103-worker-2,6,36,3,27,2200,88000,500,33500,199,18700,1786683659663
IMPLOG,leaf,ForkJoinPool-103-worker-4,6,36,3,27,800,89200,500,34600,199,18800,1786683659663
IMPLOG,leaf,ForkJoinPool-103-worker-5,6,36,3,27,2200,89700,600,32600,258,19700,1786683659663
IMPLOG,leaf,ForkJoinPool-103-worker-3,6,36,3,27,2200,89400,500,33000,200,19700,1786683659663
IMPLOG,leaf,ForkJoinPool-103-worker-1,6,36,3,27,2300,89100,500,33400,194,18700,1786683659663
IMPLOG,leaf,ForkJoinPool-103-worker-6,6,36,3,27,500,61300,500,19700,222,16500,1786683659663
IMPLOG,leaf,ForkJoinPool-103-worker-2,6,36,3,27,700,87200,500,31700,202,18100,1786683659663
IMPLOG,leaf,ForkJoinPool-103-worker-4,6,36,3,27,2200,105200,600,39000,235,22700,1786683659663
IMPLOG,leaf,ForkJoinPool-103-worker-3,6,36,3,27,2200,64000,500,24100,207,15900,1786683659663
IMPLOG,leaf,ForkJoinPool-103-worker-5,6,36,3,27,700,91700,600,32300,236,19100,1786683659663
IMPLOG,leaf,ForkJoinPool-103-worker-2,6,36,3,27,800,91100,500,33700,207,20600,1786683659663
IMPLOG,leaf,ForkJoinPool-103-worker-6,6,36,3,27,2300,93200,500,33400,206,23400,1786683659663
IMPLOG,leaf,ForkJoinPool-103-worker-1,6,36,3,27,2400,90300,500,32300,211,20100,1786683659663
IMPLOG,leaf,ForkJoinPool-103-worker-3,6,36,3,27,400,59200,500,21300,193,13800,1786683659663
IMPLOG,leaf,ForkJoinPool-103-worker-4,6,36,3,27,800,88400,500,33300,202,19800,1786683659663
IMPLOG,leaf,ForkJoinPool-103-worker-2,6,36,3,27,2200,76100,500,28100,191,15800,1786683659664
IMPLOG,scan,main,6,36,3,27,699000,1786683659663
IMPLOG,leaf,ForkJoinPool-103-worker-6,6,36,3,28,600,75100,600,23800,259,19300,1786683659664
IMPLOG,leaf,ForkJoinPool-103-worker-2,6,36,3,28,900,105300,600,38700,235,21900,1786683659664
IMPLOG,leaf,ForkJoinPool-103-worker-5,6,36,3,28,1000,110100,600,39700,268,24900,1786683659664
IMPLOG,leaf,ForkJoinPool-103-worker-4,6,36,3,28,1100,124000,600,37700,258,23200,1786683659664
IMPLOG,leaf,ForkJoinPool-103-worker-3,6,36,3,28,4600,90800,500,33200,204,19600,1786683659664
IMPLOG,leaf,ForkJoinPool-103-worker-6,6,36,3,28,1700,69800,600,27300,211,16200,1786683659664
IMPLOG,leaf,ForkJoinPool-103-worker-1,6,36,3,28,1300,106900,600,40100,252,23300,1786683659664
IMPLOG,leaf,ForkJoinPool-103-worker-2,6,36,3,28,900,105800,600,39300,242,22600,1786683659664
IMPLOG,leaf,ForkJoinPool-103-worker-6,6,36,3,28,1600,57600,500,22400,168,12900,1786683659664
IMPLOG,leaf,ForkJoinPool-103-worker-5,6,36,3,28,2200,107300,600,40300,250,23700,1786683659664
IMPLOG,leaf,ForkJoinPool-103-worker-4,6,36,3,28,2800,105800,600,38600,254,22900,1786683659664
IMPLOG,leaf,ForkJoinPool-103-worker-3,6,36,3,28,800,90200,500,31300,211,20700,1786683659664
IMPLOG,leaf,ForkJoinPool-103-worker-1,6,36,3,28,3100,88700,500,32400,208,20300,1786683659664
IMPLOG,leaf,ForkJoinPool-103-worker-6,6,36,3,28,500,57100,500,21700,162,12600,1786683659664
IMPLOG,leaf,ForkJoinPool-103-worker-2,6,36,3,28,2100,87300,500,32400,192,19600,1786683659664
IMPLOG,leaf,ForkJoinPool-103-worker-5,6,36,3,28,800,89300,500,31900,208,19900,1786683659664
IMPLOG,leaf,ForkJoinPool-103-worker-4,6,36,3,28,800,88200,500,31400,211,18400,1786683659664
IMPLOG,leaf,ForkJoinPool-103-worker-3,6,36,3,28,2700,90100,500,35100,207,20800,1786683659664
IMPLOG,leaf,ForkJoinPool-103-worker-6,6,36,3,28,6300,58200,500,22700,166,12900,1786683659664
IMPLOG,leaf,ForkJoinPool-103-worker-1,6,36,3,28,800,88800,500,31300,209,20000,1786683659664
IMPLOG,leaf,ForkJoinPool-103-worker-2,6,36,3,28,800,89100,500,32500,209,19000,1786683659664
IMPLOG,leaf,ForkJoinPool-103-worker-5,6,36,3,28,2500,89300,500,31700,203,20100,1786683659664
IMPLOG,leaf,ForkJoinPool-103-worker-6,6,36,3,28,500,60600,500,21100,194,14000,1786683659664
IMPLOG,leaf,ForkJoinPool-103-worker-4,6,36,3,28,2300,89000,500,31100,208,17900,1786683659664
IMPLOG,leaf,ForkJoinPool-103-worker-3,6,36,3,28,800,89200,500,33300,207,19900,1786683659664
IMPLOG,leaf,ForkJoinPool-103-worker-1,6,36,3,28,2200,88200,500,32900,208,19800,1786683659664
IMPLOG,leaf,ForkJoinPool-103-worker-6,6,36,3,28,1700,60900,500,20800,216,15900,1786683659664
IMPLOG,leaf,ForkJoinPool-103-worker-2,6,36,3,28,2200,88100,500,34200,203,19100,1786683659664
IMPLOG,leaf,ForkJoinPool-103-worker-5,6,36,3,28,900,89800,500,32800,204,19700,1786683659664
IMPLOG,leaf,ForkJoinPool-103-worker-4,6,36,3,28,900,89400,500,30800,222,18700,1786683659664
IMPLOG,leaf,ForkJoinPool-103-worker-6,6,36,3,28,400,58900,500,20800,190,13900,1786683659664
IMPLOG,leaf,ForkJoinPool-103-worker-3,6,36,3,28,900,90900,500,33900,213,21900,1786683659664
IMPLOG,leaf,ForkJoinPool-103-worker-1,6,36,3,28,1900,103600,600,39500,207,20000,1786683659664
IMPLOG,leaf,ForkJoinPool-103-worker-2,6,36,3,28,700,85700,500,30800,197,17900,1786683659664
IMPLOG,leaf,ForkJoinPool-103-worker-5,6,36,3,28,4000,78100,500,27900,179,16400,1786683659664
IMPLOG,leaf,ForkJoinPool-103-worker-4,6,36,3,28,800,89900,500,32500,209,19500,1786683659664
IMPLOG,scan,main,6,36,3,28,657200,1786683659664
IMPLOG,leaf,ForkJoinPool-103-worker-2,6,36,3,29,1000,107900,600,32400,235,18700,1786683659664
IMPLOG,leaf,ForkJoinPool-103-worker-6,6,36,3,29,4600,61100,500,19300,208,14800,1786683659664
IMPLOG,leaf,ForkJoinPool-103-worker-1,6,36,3,29,800,110000,600,41400,207,27100,1786683659664
IMPLOG,leaf,ForkJoinPool-103-worker-4,6,36,3,29,8300,89800,500,33000,203,18800,1786683659664
IMPLOG,leaf,ForkJoinPool-103-worker-3,6,36,3,29,3600,130200,600,40500,268,28800,1786683659664
IMPLOG,leaf,ForkJoinPool-103-worker-5,6,36,3,29,22300,108000,600,39400,259,24500,1786683659664
IMPLOG,leaf,ForkJoinPool-103-worker-2,6,36,3,29,2200,94100,600,34400,242,19700,1786683659664
IMPLOG,leaf,ForkJoinPool-103-worker-6,6,36,3,29,500,72600,600,24700,251,18000,1786683659664
IMPLOG,leaf,ForkJoinPool-103-worker-1,6,36,3,29,2300,90200,500,36700,179,17900,1786683659664
IMPLOG,leaf,ForkJoinPool-103-worker-4,6,36,3,29,2100,89200,500,32400,204,18500,1786683659664
IMPLOG,leaf,ForkJoinPool-103-worker-3,6,36,3,29,17600,89400,500,34800,194,19200,1786683659664
IMPLOG,leaf,ForkJoinPool-103-worker-5,6,36,3,29,700,103200,600,38800,211,20600,1786683659664
IMPLOG,leaf,ForkJoinPool-103-worker-6,6,36,3,29,900,60500,500,20600,213,15700,1786683659665
IMPLOG,leaf,ForkJoinPool-103-worker-2,6,36,3,29,700,82400,500,30500,192,16800,1786683659665
IMPLOG,leaf,ForkJoinPool-103-worker-1,6,36,3,29,700,88200,500,33500,197,19300,1786683659665
IMPLOG,leaf,ForkJoinPool-103-worker-4,6,36,3,29,800,89800,500,32700,216,21500,1786683659665
IMPLOG,leaf,ForkJoinPool-103-worker-6,6,36,3,29,1800,58300,500,19000,190,13300,1786683659665
IMPLOG,leaf,ForkJoinPool-103-worker-3,6,36,3,29,2300,86700,500,35300,161,16700,1786683659665
IMPLOG,leaf,ForkJoinPool-103-worker-5,6,36,3,29,900,87600,500,35600,168,16100,1786683659665
IMPLOG,leaf,ForkJoinPool-103-worker-2,6,36,3,29,2200,87000,500,31400,209,19200,1786683659665
IMPLOG,leaf,ForkJoinPool-103-worker-6,6,36,3,29,400,72300,600,23300,258,19100,1786683659665
IMPLOG,leaf,ForkJoinPool-103-worker-1,6,36,3,29,7500,89600,500,34400,209,19700,1786683659665
IMPLOG,leaf,ForkJoinPool-103-worker-4,6,36,3,29,2200,87000,500,35900,166,17800,1786683659665
IMPLOG,leaf,ForkJoinPool-103-worker-2,6,36,3,29,12200,78400,500,31400,203,16800,1786683659665
IMPLOG,leaf,ForkJoinPool-103-worker-6,6,36,3,29,1500,96300,600,34900,254,20300,1786683659665
IMPLOG,leaf,ForkJoinPool-103-worker-1,6,36,3,29,900,89200,500,32600,204,19300,1786683659665
IMPLOG,leaf,ForkJoinPool-103-worker-4,6,36,3,29,800,90700,500,31500,208,19200,1786683659665
IMPLOG,leaf,ForkJoinPool-103-worker-3,6,36,3,29,600,72100,600,26900,252,18300,1786683659665
IMPLOG,leaf,ForkJoinPool-103-worker-5,6,36,3,29,2800,88900,500,32400,207,19400,1786683659665
IMPLOG,leaf,ForkJoinPool-103-worker-2,6,36,3,29,2200,84300,500,30400,210,19100,1786683659665
IMPLOG,leaf,ForkJoinPool-103-worker-6,6,36,3,29,800,89000,500,31500,211,19700,1786683659665
IMPLOG,leaf,ForkJoinPool-103-worker-3,6,36,3,29,1800,60300,500,20600,208,14800,1786683659665
IMPLOG,leaf,ForkJoinPool-103-worker-1,6,36,3,29,2100,89500,500,33000,211,20000,1786683659665
IMPLOG,leaf,ForkJoinPool-103-worker-4,6,36,3,29,2000,90800,500,32700,222,21100,1786683659665
IMPLOG,leaf,ForkJoinPool-103-worker-5,6,36,3,29,900,80700,500,30400,207,17800,1786683659665
IMPLOG,leaf,ForkJoinPool-103-worker-2,6,36,3,29,800,84900,500,30300,208,18300,1786683659665
IMPLOG,scan,main,6,36,3,29,705600,1786683659664
IMPLOG,leaf,ForkJoinPool-103-worker-2,6,36,3,30,2700,128300,600,37500,255,28700,1786683659665
IMPLOG,leaf,ForkJoinPool-103-worker-5,6,36,3,30,3600,96500,500,38300,226,21000,1786683659665
IMPLOG,leaf,ForkJoinPool-103-worker-6,6,36,3,30,1300,107300,600,37700,258,25000,1786683659665
IMPLOG,leaf,ForkJoinPool-103-worker-3,6,36,3,30,2900,116900,600,38400,268,33500,1786683659665
IMPLOG,leaf,ForkJoinPool-103-worker-1,6,36,3,30,1000,114900,600,38400,259,24700,1786683659665
IMPLOG,leaf,ForkJoinPool-103-worker-4,6,36,3,30,4200,106500,600,38600,253,23500,1786683659665
IMPLOG,leaf,ForkJoinPool-103-worker-2,6,36,3,30,800,106900,600,39200,255,23500,1786683659665
IMPLOG,leaf,ForkJoinPool-103-worker-5,6,36,3,30,900,88500,500,33100,209,19900,1786683659665
IMPLOG,leaf,ForkJoinPool-103-worker-4,6,36,3,30,800,89300,500,33000,213,20200,1786683659665
IMPLOG,leaf,ForkJoinPool-103-worker-6,6,36,3,30,2700,106800,600,38300,258,23700,1786683659665
IMPLOG,leaf,ForkJoinPool-103-worker-3,6,36,3,30,800,107400,600,39500,262,24800,1786683659665
IMPLOG,leaf,ForkJoinPool-103-worker-1,6,36,3,30,2300,106600,600,39800,237,23800,1786683659665
IMPLOG,leaf,ForkJoinPool-103-worker-2,6,36,3,30,2100,88900,500,32600,209,19800,1786683659665
IMPLOG,leaf,ForkJoinPool-103-worker-5,6,36,3,30,2100,89100,500,33900,210,19600,1786683659665
IMPLOG,leaf,ForkJoinPool-103-worker-4,6,36,3,30,2300,89400,500,32100,217,19800,1786683659665
IMPLOG,leaf,ForkJoinPool-103-worker-6,6,36,3,30,900,88300,500,31300,211,20200,1786683659665
IMPLOG,leaf,ForkJoinPool-103-worker-3,6,36,3,30,2300,89300,500,32200,214,20100,1786683659665
IMPLOG,leaf,ForkJoinPool-103-worker-1,6,36,3,30,800,89300,500,33900,194,18500,1786683659665
IMPLOG,leaf,ForkJoinPool-103-worker-5,6,36,3,30,2100,90800,500,33000,220,20400,1786683659665
IMPLOG,leaf,ForkJoinPool-103-worker-2,6,36,3,30,2700,105000,600,39900,224,21800,1786683659665
IMPLOG,leaf,ForkJoinPool-103-worker-4,6,36,3,30,700,89800,500,32200,217,19600,1786683659665
IMPLOG,leaf,ForkJoinPool-103-worker-6,6,36,3,30,2200,89000,500,32300,212,19800,1786683659665
IMPLOG,leaf,ForkJoinPool-103-worker-3,6,36,3,30,800,89300,500,32100,221,20100,1786683659665
IMPLOG,leaf,ForkJoinPool-103-worker-1,6,36,3,30,800,88000,500,34300,190,18500,1786683659665
IMPLOG,leaf,ForkJoinPool-103-worker-5,6,36,3,30,800,90000,500,31500,227,20100,1786683659665
IMPLOG,leaf,ForkJoinPool-103-worker-2,6,36,3,30,800,86300,500,33600,179,17100,1786683659665
IMPLOG,leaf,ForkJoinPool-103-worker-4,6,36,3,30,2400,88600,500,33600,194,18700,1786683659665
IMPLOG,leaf,ForkJoinPool-103-worker-6,6,36,3,30,700,89400,500,32000,222,20300,1786683659665
IMPLOG,leaf,ForkJoinPool-103-worker-3,6,36,3,30,2300,88200,500,32800,197,18800,1786683659665
IMPLOG,leaf,ForkJoinPool-103-worker-1,6,36,3,30,2100,92400,500,37400,196,18000,1786683659665
IMPLOG,leaf,ForkJoinPool-103-worker-4,6,36,3,30,800,68500,500,24100,217,16300,1786683659666
IMPLOG,leaf,ForkJoinPool-103-worker-5,6,36,3,30,2300,90200,500,30800,212,20200,1786683659666
IMPLOG,leaf,ForkJoinPool-103-worker-2,6,36,3,30,2200,90000,500,33900,218,21200,1786683659666
IMPLOG,leaf,ForkJoinPool-103-worker-3,6,36,3,30,700,87700,500,32700,219,19800,1786683659666
IMPLOG,leaf,ForkJoinPool-103-worker-1,6,36,3,30,800,84100,500,31300,198,18500,1786683659666
IMPLOG,leaf,ForkJoinPool-103-worker-4,6,36,3,30,500,63400,500,21300,216,15600,1786683659666
IMPLOG,scan,main,6,36,3,30,714100,1786683659665
IMPLOG,leaf,ForkJoinPool-103-worker-2,6,36,3,31,3300,107200,600,38500,255,23800,1786683659666
IMPLOG,leaf,ForkJoinPool-103-worker-4,6,36,3,31,2300,89500,500,33700,210,19700,1786683659666
IMPLOG,leaf,ForkJoinPool-103-worker-5,6,36,3,31,900,90100,500,31900,212,20000,1786683659666
IMPLOG,leaf,ForkJoinPool-103-worker-3,6,36,3,31,900,108200,600,39500,268,25200,1786683659666
IMPLOG,leaf,ForkJoinPool-103-worker-1,6,36,3,31,2900,106400,600,39600,257,25200,1786683659666
IMPLOG,leaf,ForkJoinPool-103-worker-6,6,36,3,31,800,107200,600,38600,254,23700,1786683659666
IMPLOG,leaf,ForkJoinPool-103-worker-4,6,36,3,31,800,90500,500,33600,220,21500,1786683659666
IMPLOG,leaf,ForkJoinPool-103-worker-5,6,36,3,31,2200,89400,500,31800,222,20600,1786683659666
IMPLOG,leaf,ForkJoinPool-103-worker-2,6,36,3,31,900,106900,600,38600,255,23900,1786683659666
IMPLOG,leaf,ForkJoinPool-103-worker-6,6,36,3,31,900,88000,500,31900,213,19400,1786683659666
IMPLOG,leaf,ForkJoinPool-103-worker-3,6,36,3,31,2300,107300,600,38100,261,24300,1786683659666
IMPLOG,leaf,ForkJoinPool-103-worker-1,6,36,3,31,800,106800,600,38600,258,23800,1786683659666
IMPLOG,leaf,ForkJoinPool-103-worker-5,6,36,3,31,800,88500,500,31800,211,19600,1786683659666
IMPLOG,leaf,ForkJoinPool-103-worker-4,6,36,3,31,2400,91700,500,33000,226,21600,1786683659666
IMPLOG,leaf,ForkJoinPool-103-worker-6,6,36,3,31,800,89500,500,32300,217,20600,1786683659666
IMPLOG,leaf,ForkJoinPool-103-worker-2,6,36,3,31,2100,89000,500,31700,209,20200,1786683659666
IMPLOG,leaf,ForkJoinPool-103-worker-1,6,36,3,31,2700,82400,500,30500,212,19000,1786683659666
IMPLOG,leaf,ForkJoinPool-103-worker-3,6,36,3,31,800,91000,500,32500,214,21100,1786683659666
IMPLOG,leaf,ForkJoinPool-103-worker-2,6,36,3,31,800,90200,500,32000,226,21000,1786683659666
IMPLOG,leaf,ForkJoinPool-103-worker-5,6,36,3,31,900,106100,600,39200,259,24200,1786683659666
IMPLOG,leaf,ForkJoinPool-103-worker-6,6,36,3,31,9800,90900,500,32000,217,21200,1786683659666
IMPLOG,leaf,ForkJoinPool-103-worker-4,6,36,3,31,800,88100,500,32400,209,19500,1786683659666
IMPLOG,leaf,ForkJoinPool-103-worker-3,6,36,3,31,2100,90800,500,32500,221,21700,1786683659666
IMPLOG,leaf,ForkJoinPool-103-worker-1,6,36,3,31,2800,104800,600,40000,224,20800,1786683659666
IMPLOG,leaf,ForkJoinPool-103-worker-2,6,36,3,31,2200,88200,500,33100,197,18200,1786683659666
IMPLOG,leaf,ForkJoinPool-103-worker-6,6,36,3,31,2900,88700,500,34000,194,19500,1786683659666
IMPLOG,leaf,ForkJoinPool-103-worker-4,6,36,3,31,2200,86500,500,31800,179,17200,1786683659666
IMPLOG,leaf,ForkJoinPool-103-worker-3,6,36,3,31,2100,87500,500,33100,217,20300,1786683659666
IMPLOG,leaf,ForkJoinPool-103-worker-5,6,36,3,31,2300,105400,600,39300,237,22800,1786683659666
IMPLOG,leaf,ForkJoinPool-103-worker-1,6,36,3,31,800,90300,500,32400,218,20600,1786683659666
IMPLOG,leaf,ForkJoinPool-103-worker-3,6,36,3,31,500,63800,500,20900,216,16600,1786683659666
IMPLOG,leaf,ForkJoinPool-103-worker-5,6,36,3,31,500,79400,500,30000,194,17400,1786683659666
IMPLOG,leaf,ForkJoinPool-103-worker-4,6,36,3,31,1100,88300,500,30000,219,21200,1786683659666
IMPLOG,leaf,ForkJoinPool-103-worker-6,6,36,3,31,2400,77700,500,29100,190,16200,1786683659666
IMPLOG,leaf,ForkJoinPool-103-worker-1,6,36,3,31,3000,76500,500,26100,196,17400,1786683659666
IMPLOG,leaf,ForkJoinPool-103-worker-3,6,36,3,31,2200,65900,500,22100,198,14800,1786683659666
IMPLOG,scan,main,6,36,3,31,676900,1786683659666
IMPLOG,leaf,ForkJoinPool-103-worker-4,6,36,3,32,7300,72300,600,26600,224,16700,1786683659666
IMPLOG,leaf,ForkJoinPool-103-worker-2,6,36,3,32,2500,129000,600,38900,255,23600,1786683659666
IMPLOG,leaf,ForkJoinPool-103-worker-6,6,36,3,32,1800,79600,500,26300,194,13900,1786683659666
IMPLOG,leaf,ForkJoinPool-103-worker-3,6,36,3,32,1000,117900,600,38300,269,26600,1786683659666
IMPLOG,leaf,ForkJoinPool-103-worker-5,6,36,3,32,9300,110500,600,40200,259,24200,1786683659666
IMPLOG,leaf,ForkJoinPool-103-worker-1,6,36,3,32,2200,113000,600,41500,257,25900,1786683659666
IMPLOG,leaf,ForkJoinPool-103-worker-4,6,36,3,32,1500,58700,500,20500,179,12500,1786683659667
IMPLOG,leaf,ForkJoinPool-103-worker-6,6,36,3,32,3500,60800,500,20700,218,15900,1786683659667
IMPLOG,leaf,ForkJoinPool-103-worker-2,6,36,3,32,800,106000,600,38600,255,23400,1786683659667
IMPLOG,leaf,ForkJoinPool-103-worker-3,6,36,3,32,8400,108600,600,39900,261,25400,1786683659667
IMPLOG,leaf,ForkJoinPool-103-worker-5,6,36,3,32,1900,106000,600,40100,238,22400,1786683659667
IMPLOG,leaf,ForkJoinPool-103-worker-1,6,36,3,32,800,108100,600,39500,258,23800,1786683659667
IMPLOG,leaf,ForkJoinPool-103-worker-4,6,36,3,32,1000,90400,500,33000,220,20300,1786683659667
IMPLOG,leaf,ForkJoinPool-103-worker-6,6,36,3,32,700,106800,600,40400,255,23500,1786683659667
IMPLOG,leaf,ForkJoinPool-103-worker-2,6,36,3,32,2300,96400,500,39000,209,21000,1786683659667
IMPLOG,leaf,ForkJoinPool-103-worker-3,6,36,3,32,12600,90100,500,31900,214,20800,1786683659667
IMPLOG,leaf,ForkJoinPool-103-worker-5,6,36,3,32,800,89400,500,33300,194,18800,1786683659667
IMPLOG,leaf,ForkJoinPool-103-worker-1,6,36,3,32,800,89500,500,30900,211,20300,1786683659667
IMPLOG,leaf,ForkJoinPool-103-worker-4,6,36,3,32,2700,87900,500,32200,197,18500,1786683659667
IMPLOG,leaf,ForkJoinPool-103-worker-6,6,36,3,32,2100,89800,500,32700,213,19300,1786683659667
IMPLOG,leaf,ForkJoinPool-103-worker-2,6,36,3,32,800,92600,500,32500,226,21500,1786683659667
IMPLOG,leaf,ForkJoinPool-103-worker-5,6,36,3,32,2400,89900,500,33400,190,18800,1786683659667
IMPLOG,leaf,ForkJoinPool-103-worker-3,6,36,3,32,700,93000,500,35700,217,20300,1786683659667
IMPLOG,leaf,ForkJoinPool-103-worker-1,6,36,3,32,6700,92700,500,34700,212,21300,1786683659667
IMPLOG,leaf,ForkJoinPool-103-worker-4,6,36,3,32,5800,92800,500,33200,219,20800,1786683659667
IMPLOG,leaf,ForkJoinPool-103-worker-6,6,36,3,32,3300,90000,500,31800,217,20900,1786683659667
IMPLOG,leaf,ForkJoinPool-103-worker-2,6,36,3,32,8700,89300,500,33000,209,19800,1786683659667
IMPLOG,leaf,ForkJoinPool-103-worker-5,6,36,3,32,800,88700,500,34300,196,17900,1786683659667
IMPLOG,leaf,ForkJoinPool-103-worker-3,6,36,3,32,2600,90500,500,34200,216,21200,1786683659667
IMPLOG,leaf,ForkJoinPool-103-worker-1,6,36,3,32,2300,87900,500,30500,222,21000,1786683659667
IMPLOG,leaf,ForkJoinPool-103-worker-4,6,36,3,32,2300,85500,500,32200,198,17800,1786683659667
IMPLOG,leaf,ForkJoinPool-103-worker-6,6,36,3,32,900,87800,500,32000,217,19800,1786683659667
IMPLOG,leaf,ForkJoinPool-103-worker-2,6,36,3,32,2000,75900,500,26800,211,17800,1786683659667
IMPLOG,leaf,ForkJoinPool-103-worker-1,6,36,3,32,500,63600,500,20200,226,16400,1786683659667
IMPLOG,leaf,ForkJoinPool-103-worker-4,6,36,3,32,2100,87700,500,32100,212,19100,1786683659667
IMPLOG,leaf,ForkJoinPool-103-worker-6,6,36,3,32,2400,89900,500,33500,220,21500,1786683659667
IMPLOG,scan,main,6,36,3,32,710200,1786683659666
IMPLOG,leaf,ForkJoinPool-103-worker-6,6,36,3,33,700,107100,600,40000,255,25000,1786683659667
IMPLOG,leaf,ForkJoinPool-103-worker-2,6,36,3,33,900,108700,600,38500,269,25400,1786683659667
IMPLOG,leaf,ForkJoinPool-103-worker-1,6,36,3,33,2300,105700,600,40200,224,22000,1786683659667
IMPLOG,leaf,ForkJoinPool-103-worker-4,6,36,3,33,900,108700,600,38100,259,24700,1786683659667
IMPLOG,leaf,ForkJoinPool-103-worker-3,6,36,3,33,1300,88800,500,34500,192,19900,1786683659667
IMPLOG,leaf,ForkJoinPool-103-worker-5,6,36,3,33,4500,90300,500,32700,217,19800,1786683659667
IMPLOG,leaf,ForkJoinPool-103-worker-6,6,36,3,33,2800,106400,600,39600,255,23000,1786683659667
IMPLOG,leaf,ForkJoinPool-103-worker-2,6,36,3,33,2400,107800,600,40900,261,24000,1786683659667
IMPLOG,leaf,ForkJoinPool-103-worker-1,6,36,3,33,2200,86300,500,33300,179,16700,1786683659667
IMPLOG,leaf,ForkJoinPool-103-worker-4,6,36,3,33,2200,102000,600,38000,238,21500,1786683659667
IMPLOG,leaf,ForkJoinPool-103-worker-3,6,36,3,33,2700,90300,500,33500,218,20700,1786683659667
IMPLOG,leaf,ForkJoinPool-103-worker-5,6,36,3,33,900,89600,500,33000,216,19600,1786683659667
IMPLOG,leaf,ForkJoinPool-103-worker-6,6,36,3,33,2200,88300,500,31700,209,19700,1786683659667
IMPLOG,leaf,ForkJoinPool-103-worker-4,6,36,3,33,500,58900,500,21300,194,14400,1786683659667
IMPLOG,leaf,ForkJoinPool-103-worker-2,6,36,3,33,800,90300,500,33100,214,20000,1786683659667
IMPLOG,leaf,ForkJoinPool-103-worker-5,6,36,3,33,900,89500,500,31500,219,20600,1786683659667
IMPLOG,leaf,ForkJoinPool-103-worker-4,6,36,3,33,700,87300,500,34000,190,17300,1786683659667
IMPLOG,leaf,ForkJoinPool-103-worker-6,6,36,3,33,700,89900,500,30700,226,21500,1786683659667
IMPLOG,leaf,ForkJoinPool-103-worker-1,6,36,3,33,900,90800,500,33100,220,20100,1786683659667
IMPLOG,leaf,ForkJoinPool-103-worker-2,6,36,3,33,2100,88300,500,32800,196,18100,1786683659667
IMPLOG,leaf,ForkJoinPool-103-worker-3,6,36,3,33,2800,106800,600,38800,257,24200,1786683659667
IMPLOG,leaf,ForkJoinPool-103-worker-4,6,36,3,33,2600,62800,500,20900,197,14500,1786683659668
IMPLOG,leaf,ForkJoinPool-103-worker-6,6,36,3,33,3400,66300,500,23100,209,16800,1786683659668
IMPLOG,leaf,ForkJoinPool-103-worker-5,6,36,3,33,2500,87900,500,31400,198,19600,1786683659668
IMPLOG,leaf,ForkJoinPool-103-worker-3,6,36,3,33,800,107200,600,37700,258,23700,1786683659668
IMPLOG,leaf,ForkJoinPool-103-worker-1,6,36,3,33,1700,74000,500,26100,211,17000,1786683659668
IMPLOG,leaf,ForkJoinPool-103-worker-6,6,36,3,33,800,99600,600,35600,255,22800,1786683659668
IMPLOG,leaf,ForkJoinPool-103-worker-5,6,36,3,33,800,89500,500,32000,212,19800,1786683659668
IMPLOG,leaf,ForkJoinPool-103-worker-4,6,36,3,33,1000,91200,500,32000,226,21400,1786683659668
IMPLOG,leaf,ForkJoinPool-103-worker-2,6,36,3,33,2000,90600,500,33700,218,20400,1786683659668
IMPLOG,leaf,ForkJoinPool-103-worker-3,6,36,3,33,2600,88100,500,31200,211,19500,1786683659668
IMPLOG,leaf,ForkJoinPool-103-worker-1,6,36,3,33,800,89700,500,33100,220,21300,1786683659668
IMPLOG,leaf,ForkJoinPool-103-worker-5,6,36,3,33,2300,75600,500,25900,222,18300,1786683659668
IMPLOG,leaf,ForkJoinPool-103-worker-6,6,36,3,33,2400,88800,500,31700,213,19300,1786683659668
IMPLOG,leaf,ForkJoinPool-103-worker-2,6,36,3,33,900,77700,500,27000,217,18600,1786683659668
IMPLOG,leaf,ForkJoinPool-103-worker-4,6,36,3,33,2300,86200,500,32200,212,19900,1786683659668
IMPLOG,scan,main,6,36,3,33,736200,1786683659667
IMPLOG,leaf,ForkJoinPool-103-worker-6,6,36,3,34,9200,107000,600,41800,244,22200,1786683659668
IMPLOG,leaf,ForkJoinPool-103-worker-3,6,36,3,34,2300,109600,600,39900,268,23400,1786683659668
IMPLOG,leaf,ForkJoinPool-103-worker-2,6,36,3,34,20600,72800,600,25300,257,18200,1786683659668
IMPLOG,leaf,ForkJoinPool-103-worker-5,6,36,3,34,800,68700,500,20900,210,14200,1786683659668
IMPLOG,leaf,ForkJoinPool-103-worker-4,6,36,3,34,2700,111800,600,45900,251,26200,1786683659668
IMPLOG,leaf,ForkJoinPool-103-worker-5,6,36,3,34,2100,59000,500,20100,216,14900,1786683659668
IMPLOG,leaf,ForkJoinPool-103-worker-2,6,36,3,34,500,70000,600,21900,256,17000,1786683659668
IMPLOG,leaf,ForkJoinPool-103-worker-6,6,36,3,34,5500,103500,600,38100,242,21600,1786683659668
IMPLOG,leaf,ForkJoinPool-103-worker-1,6,36,3,34,5600,190400,600,40500,192,107700,1786683659668
IMPLOG,leaf,ForkJoinPool-103-worker-3,6,36,3,34,800,105900,600,40800,261,23400,1786683659668
IMPLOG,leaf,ForkJoinPool-103-worker-4,6,36,3,34,600,100100,600,38000,227,20500,1786683659668
IMPLOG,leaf,ForkJoinPool-103-worker-5,6,36,3,34,1300,59000,500,20600,222,14700,1786683659668
IMPLOG,leaf,ForkJoinPool-103-worker-2,6,36,3,34,1500,57900,500,19400,211,14600,1786683659668
IMPLOG,leaf,ForkJoinPool-103-worker-5,6,36,3,34,400,56800,500,19000,190,14100,1786683659668
IMPLOG,leaf,ForkJoinPool-103-worker-1,6,36,3,34,2500,82900,500,31700,162,14600,1786683659668
IMPLOG,leaf,ForkJoinPool-103-worker-6,6,36,3,34,2300,86400,500,34400,205,19100,1786683659668
IMPLOG,leaf,ForkJoinPool-103-worker-2,6,36,3,34,1500,58300,500,20700,209,13400,1786683659668
IMPLOG,leaf,ForkJoinPool-103-worker-3,6,36,3,34,2200,87900,500,31700,214,19500,1786683659668
IMPLOG,leaf,ForkJoinPool-103-worker-4,6,36,3,34,2500,84000,500,32600,182,16200,1786683659668
IMPLOG,leaf,ForkJoinPool-103-worker-5,6,36,3,34,1500,55600,500,19000,179,12000,1786683659668
IMPLOG,leaf,ForkJoinPool-103-worker-2,6,36,3,34,500,58100,500,19500,222,15100,1786683659668
IMPLOG,leaf,ForkJoinPool-103-worker-1,6,36,3,34,800,83700,500,31700,176,15400,1786683659668
IMPLOG,leaf,ForkJoinPool-103-worker-6,6,36,3,34,800,87800,500,31700,226,20800,1786683659668
IMPLOG,leaf,ForkJoinPool-103-worker-3,6,36,3,34,700,87500,500,31200,217,20200,1786683659668
IMPLOG,leaf,ForkJoinPool-103-worker-4,6,36,3,34,700,85400,500,31200,189,16400,1786683659668
IMPLOG,leaf,ForkJoinPool-103-worker-2,6,36,3,34,1500,62400,500,21900,211,15300,1786683659668
IMPLOG,leaf,ForkJoinPool-103-worker-1,6,36,3,34,2300,84100,500,30000,214,19400,1786683659668
IMPLOG,leaf,ForkJoinPool-103-worker-6,6,36,3,34,2100,85800,500,31400,203,19600,1786683659668
IMPLOG,leaf,ForkJoinPool-103-worker-3,6,36,3,34,2500,84700,500,32300,193,17100,1786683659668
IMPLOG,leaf,ForkJoinPool-103-worker-2,6,36,3,34,800,87600,500,31800,220,20000,1786683659668
IMPLOG,leaf,ForkJoinPool-103-worker-5,6,36,3,34,900,102200,600,36700,252,22500,1786683659668
IMPLOG,leaf,ForkJoinPool-103-worker-4,6,36,3,34,12600,87200,500,30600,218,19000,1786683659668
IMPLOG,leaf,ForkJoinPool-103-worker-1,6,36,3,34,800,80800,500,28800,226,19400,1786683659668
IMPLOG,leaf,ForkJoinPool-103-worker-6,6,36,3,34,700,87700,500,31900,209,18900,1786683659668
IMPLOG,leaf,ForkJoinPool-103-worker-3,6,36,3,34,800,86400,500,32900,207,18200,1786683659668
IMPLOG,leaf,ForkJoinPool-103-worker-2,6,36,3,34,2800,65200,500,21200,208,14400,1786683659668
IMPLOG,scan,main,6,36,3,34,648900,1786683659668
IMPLOG,leaf,ForkJoinPool-103-worker-1,6,36,3,35,3000,61000,500,20200,217,16500,1786683659669
IMPLOG,leaf,ForkJoinPool-103-worker-3,6,36,3,35,4500,61100,500,19500,214,14600,1786683659669
IMPLOG,leaf,ForkJoinPool-103-worker-6,6,36,3,35,800,106100,600,40200,244,22200,1786683659669
IMPLOG,leaf,ForkJoinPool-103-worker-5,6,36,3,35,1000,107900,600,39800,268,24000,1786683659669
IMPLOG,leaf,ForkJoinPool-103-worker-4,6,36,3,35,1000,101600,600,40600,191,18300,1786683659669
IMPLOG,leaf,ForkJoinPool-103-worker-2,6,36,3,35,2600,106600,600,39200,251,23300,1786683659669
IMPLOG,leaf,ForkJoinPool-103-worker-1,6,36,3,35,500,59200,500,20100,193,14400,1786683659669
IMPLOG,leaf,ForkJoinPool-103-worker-3,6,36,3,35,500,73000,600,25800,261,18700,1786683659669
IMPLOG,leaf,ForkJoinPool-103-worker-4,6,36,3,35,2300,83700,500,33900,162,15800,1786683659669
IMPLOG,leaf,ForkJoinPool-103-worker-1,6,36,3,35,500,60500,500,20700,222,15800,1786683659669
IMPLOG,leaf,ForkJoinPool-103-worker-6,6,36,3,35,2200,104600,600,40400,242,23000,1786683659669
IMPLOG,leaf,ForkJoinPool-103-worker-5,6,36,3,35,8100,89600,500,33800,209,20600,1786683659669
IMPLOG,leaf,ForkJoinPool-103-worker-2,6,36,3,35,800,104900,600,40300,227,21300,1786683659669
IMPLOG,leaf,ForkJoinPool-103-worker-3,6,36,3,35,1700,60500,500,19600,216,15200,1786683659669
IMPLOG,leaf,ForkJoinPool-103-worker-1,6,36,3,35,1500,58300,500,20100,190,14400,1786683659669
IMPLOG,leaf,ForkJoinPool-103-worker-4,6,36,3,35,2100,85100,500,33500,176,16400,1786683659669
IMPLOG,leaf,ForkJoinPool-103-worker-6,6,36,3,35,800,87900,500,32900,205,19700,1786683659669
IMPLOG,leaf,ForkJoinPool-103-worker-5,6,36,3,35,900,87200,500,34200,178,17300,1786683659669
IMPLOG,leaf,ForkJoinPool-103-worker-3,6,36,3,35,500,58400,500,19800,189,14500,1786683659669
IMPLOG,leaf,ForkJoinPool-103-worker-2,6,36,3,35,8900,77700,500,29800,182,15500,1786683659669
IMPLOG,leaf,ForkJoinPool-103-worker-1,6,36,3,35,500,64800,500,23300,214,15900,1786683659669
IMPLOG,leaf,ForkJoinPool-103-worker-6,6,36,3,35,2100,65100,500,20300,226,16900,1786683659669
IMPLOG,leaf,ForkJoinPool-103-worker-2,6,36,3,35,400,59100,500,18600,210,14800,1786683659669
IMPLOG,leaf,ForkJoinPool-103-worker-3,6,36,3,35,600,95000,600,34500,258,21600,1786683659669
IMPLOG,leaf,ForkJoinPool-103-worker-6,6,36,3,35,1700,59600,500,18800,218,15700,1786683659669
IMPLOG,leaf,ForkJoinPool-103-worker-4,6,36,3,35,1100,90200,500,33900,209,19600,1786683659669
IMPLOG,leaf,ForkJoinPool-103-worker-1,6,36,3,35,8100,103700,600,38800,252,23100,1786683659669
IMPLOG,leaf,ForkJoinPool-103-worker-5,6,36,3,35,3300,88000,500,32600,203,19200,1786683659669
IMPLOG,leaf,ForkJoinPool-103-worker-2,6,36,3,35,1900,61800,500,20800,220,15200,1786683659669
IMPLOG,leaf,ForkJoinPool-103-worker-6,6,36,3,35,600,59600,500,21200,207,15200,1786683659669
IMPLOG,leaf,ForkJoinPool-103-worker-2,6,36,3,35,1400,63200,500,20500,227,15600,1786683659669
IMPLOG,leaf,ForkJoinPool-103-worker-3,6,36,3,35,2600,105700,600,36800,256,22900,1786683659669
IMPLOG,leaf,ForkJoinPool-103-worker-4,6,36,3,35,2500,87900,500,33800,222,20200,1786683659669
IMPLOG,leaf,ForkJoinPool-103-worker-1,6,36,3,35,800,88500,500,32100,208,18500,1786683659669
IMPLOG,leaf,ForkJoinPool-103-worker-5,6,36,3,35,800,88900,500,32300,211,19600,1786683659669
IMPLOG,leaf,ForkJoinPool-103-worker-6,6,36,3,35,2400,62300,500,20600,209,14700,1786683659669
IMPLOG,scan,main,6,36,3,35,603300,1786683659668
IMPLOG,leaf,ForkJoinPool-103-worker-6,6,36,3,36,3100,102600,600,39100,244,21600,1786683659669
IMPLOG,leaf,ForkJoinPool-103-worker-1,6,36,3,36,2300,87800,500,32800,210,18500,1786683659669
IMPLOG,leaf,ForkJoinPool-103-worker-4,6,36,3,36,800,87800,500,31100,222,20700,1786683659669
IMPLOG,leaf,ForkJoinPool-103-worker-3,6,36,3,36,2100,105400,600,38500,269,24400,1786683659669
IMPLOG,leaf,ForkJoinPool-103-worker-5,6,36,3,36,900,100200,600,40000,191,18700,1786683659669
IMPLOG,leaf,ForkJoinPool-103-worker-2,6,36,3,36,1000,103600,600,38400,250,22700,1786683659669
IMPLOG,leaf,ForkJoinPool-103-worker-4,6,36,3,36,2300,83900,500,32500,191,17500,1786683659669
IMPLOG,leaf,ForkJoinPool-103-worker-1,6,36,3,36,800,86900,500,30000,215,20000,1786683659669
IMPLOG,leaf,ForkJoinPool-103-worker-6,6,36,3,36,800,102600,600,38100,242,21900,1786683659669
IMPLOG,leaf,ForkJoinPool-103-worker-5,6,36,3,36,2100,84600,500,33900,163,15500,1786683659669
IMPLOG,leaf,ForkJoinPool-103-worker-3,6,36,3,36,800,104400,600,37000,261,23200,1786683659669
IMPLOG,leaf,ForkJoinPool-103-worker-2,6,36,3,36,2200,102400,600,40100,221,21200,1786683659669
IMPLOG,leaf,ForkJoinPool-103-worker-1,6,36,3,36,700,85100,500,34600,177,16400,1786683659669
IMPLOG,leaf,ForkJoinPool-103-worker-4,6,36,3,36,600,88200,500,31700,219,20500,1786683659669
IMPLOG,leaf,ForkJoinPool-103-worker-5,6,36,3,36,800,84200,500,33200,176,16500,1786683659669
IMPLOG,leaf,ForkJoinPool-103-worker-6,6,36,3,36,2100,86500,500,33000,205,18700,1786683659669
IMPLOG,leaf,ForkJoinPool-103-worker-2,6,36,3,36,800,84400,500,32900,182,15900,1786683659669
IMPLOG,leaf,ForkJoinPool-103-worker-3,6,36,3,36,2400,87400,500,31600,214,20000,1786683659669
IMPLOG,leaf,ForkJoinPool-103-worker-5,6,36,3,36,2200,66100,500,22700,211,15500,1786683659669
IMPLOG,leaf,ForkJoinPool-103-worker-6,6,36,3,36,800,67300,500,20500,226,17100,1786683659669
IMPLOG,leaf,ForkJoinPool-103-worker-4,6,36,3,36,800,84200,500,31600,193,16700,1786683659669
IMPLOG,leaf,ForkJoinPool-103-worker-1,6,36,3,36,2600,90300,500,33000,189,22300,1786683659669
IMPLOG,leaf,ForkJoinPool-103-worker-6,6,36,3,36,1800,79900,500,29900,203,17800,1786683659669
IMPLOG,leaf,ForkJoinPool-103-worker-5,6,36,3,36,400,93000,600,32000,258,21600,1786683659669
IMPLOG,leaf,ForkJoinPool-103-worker-1,6,36,3,36,800,86300,500,30900,210,18400,1786683659670
IMPLOG,leaf,ForkJoinPool-103-worker-2,6,36,3,36,900,87200,500,31800,218,20400,1786683659670
IMPLOG,leaf,ForkJoinPool-103-worker-3,6,36,3,36,800,87600,500,31000,208,20100,1786683659670
IMPLOG,leaf,ForkJoinPool-103-worker-4,6,36,3,36,2200,103700,600,38400,254,23800,1786683659670
IMPLOG,leaf,ForkJoinPool-103-worker-6,6,36,3,36,800,87300,500,31800,224,20400,1786683659670
IMPLOG,leaf,ForkJoinPool-103-worker-1,6,36,3,36,2100,88300,500,31300,220,21100,1786683659670
IMPLOG,leaf,ForkJoinPool-103-worker-5,6,36,3,36,800,104700,600,39200,256,22800,1786683659670
IMPLOG,leaf,ForkJoinPool-103-worker-4,6,36,3,36,800,84300,500,31600,205,18800,1786683659670
IMPLOG,leaf,ForkJoinPool-103-worker-3,6,36,3,36,2100,86900,500,31900,209,18900,1786683659670
IMPLOG,leaf,ForkJoinPool-103-worker-2,6,36,3,36,2200,86000,500,32200,209,18400,1786683659670
IMPLOG,leaf,ForkJoinPool-103-worker-6,6,36,3,36,8900,74500,500,25800,223,17200,1786683659670
IMPLOG,leaf,ForkJoinPool-103-worker-5,6,36,3,36,2000,68800,500,24100,212,16400,1786683659670
IMPLOG,scan,main,6,36,3,36,680100,1786683659669
IMPLOG,leaf,ForkJoinPool-103-worker-6,6,36,3,37,2200,105900,600,39800,244,21800,1786683659670
IMPLOG,leaf,ForkJoinPool-103-worker-2,6,36,3,37,800,89700,500,33300,210,19500,1786683659670
IMPLOG,leaf,ForkJoinPool-103-worker-4,6,36,3,37,2200,89200,500,33100,210,19800,1786683659670
IMPLOG,leaf,ForkJoinPool-103-worker-5,6,36,3,37,1000,107900,600,40100,269,24300,1786683659670
IMPLOG,leaf,ForkJoinPool-103-worker-3,6,36,3,37,2400,106200,600,39200,257,23000,1786683659670
IMPLOG,leaf,ForkJoinPool-103-worker-1,6,36,3,37,2400,106800,600,39300,250,23100,1786683659670
IMPLOG,leaf,ForkJoinPool-103-worker-4,6,36,3,37,800,86400,500,30100,215,19400,1786683659670
IMPLOG,leaf,ForkJoinPool-103-worker-2,6,36,3,37,2200,88100,500,31700,220,19700,1786683659670
IMPLOG,leaf,ForkJoinPool-103-worker-6,6,36,3,37,800,102900,600,37400,242,22100,1786683659670
IMPLOG,leaf,ForkJoinPool-103-worker-5,6,36,3,37,2300,104600,600,38700,261,23300,1786683659670
IMPLOG,leaf,ForkJoinPool-103-worker-1,6,36,3,37,800,102000,600,39800,221,20500,1786683659670
IMPLOG,leaf,ForkJoinPool-103-worker-3,6,36,3,37,800,103600,600,38100,256,22800,1786683659670
IMPLOG,leaf,ForkJoinPool-103-worker-2,6,36,3,37,700,88400,500,32600,224,20300,1786683659670
IMPLOG,leaf,ForkJoinPool-103-worker-4,6,36,3,37,2700,87500,500,31800,222,18400,1786683659670
IMPLOG,leaf,ForkJoinPool-103-worker-6,6,36,3,37,2300,86100,500,30400,205,18900,1786683659670
IMPLOG,leaf,ForkJoinPool-103-worker-5,6,36,3,37,800,87600,500,30400,214,20600,1786683659670
IMPLOG,leaf,ForkJoinPool-103-worker-1,6,36,3,37,2200,85500,500,32300,182,16700,1786683659670
IMPLOG,leaf,ForkJoinPool-103-worker-3,6,36,3,37,2500,86600,500,31000,212,19300,1786683659670
IMPLOG,leaf,ForkJoinPool-103-worker-4,6,36,3,37,2200,85400,500,32100,191,17300,1786683659670
IMPLOG,leaf,ForkJoinPool-103-worker-2,6,36,3,37,3000,87700,500,32000,209,19100,1786683659670
IMPLOG,leaf,ForkJoinPool-103-worker-6,6,36,3,37,800,87100,500,32800,226,19300,1786683659670
IMPLOG,leaf,ForkJoinPool-103-worker-1,6,36,3,37,800,84800,500,34100,177,15900,1786683659670
IMPLOG,leaf,ForkJoinPool-103-worker-5,6,36,3,37,1000,87000,500,31400,220,19200,1786683659670
IMPLOG,leaf,ForkJoinPool-103-worker-3,6,36,3,37,800,86700,500,31700,209,18200,1786683659670
IMPLOG,leaf,ForkJoinPool-103-worker-4,6,36,3,37,700,86900,500,33400,189,17200,1786683659670
IMPLOG,leaf,ForkJoinPool-103-worker-2,6,36,3,37,2700,88000,500,32500,223,21100,1786683659670
IMPLOG,leaf,ForkJoinPool-103-worker-6,6,36,3,37,2200,85300,500,31000,203,18400,1786683659670
IMPLOG,leaf,ForkJoinPool-103-worker-5,6,36,3,37,2600,85400,500,32700,193,16900,1786683659670
IMPLOG,leaf,ForkJoinPool-103-worker-2,6,36,3,37,800,85700,500,30100,218,20100,1786683659670
IMPLOG,leaf,ForkJoinPool-103-worker-6,6,36,3,37,2000,84500,500,33600,175,16600,1786683659670
IMPLOG,leaf,ForkJoinPool-103-worker-3,6,36,3,37,2300,87500,500,32200,211,18100,1786683659670
IMPLOG,leaf,ForkJoinPool-103-worker-1,6,36,3,37,2900,97800,600,38300,191,18000,1786683659670
IMPLOG,leaf,ForkJoinPool-103-worker-4,6,36,3,37,2200,103600,600,39100,254,23100,1786683659670
IMPLOG,leaf,ForkJoinPool-103-worker-5,6,36,3,37,700,83200,500,31900,163,15700,1786683659670
IMPLOG,leaf,ForkJoinPool-103-worker-6,6,36,3,37,800,64500,500,23100,205,14500,1786683659670
IMPLOG,leaf,ForkJoinPool-103-worker-2,6,36,3,37,2100,65200,500,21900,208,15100,1786683659670
IMPLOG,scan,main,6,36,3,37,664600,1786683659670
IMPLOG,leaf,ForkJoinPool-103-worker-6,6,36,3,38,2100,107500,600,37800,249,24000,1786683659670
IMPLOG,leaf,ForkJoinPool-103-worker-5,6,36,3,38,2100,110500,600,41500,269,25800,1786683659670
IMPLOG,leaf,ForkJoinPool-103-worker-2,6,36,3,38,600,60200,500,20000,220,15600,1786683659671
IMPLOG,leaf,ForkJoinPool-103-worker-3,6,36,3,38,1400,71200,600,23500,257,17900,1786683659671
IMPLOG,leaf,ForkJoinPool-103-worker-1,6,36,3,38,4500,106400,600,41000,253,22800,1786683659671
IMPLOG,leaf,ForkJoinPool-103-worker-4,6,36,3,38,1300,103200,600,40100,202,20100,1786683659671
IMPLOG,leaf,ForkJoinPool-103-worker-6,6,36,3,38,2200,105100,600,39400,246,21000,1786683659671
IMPLOG,leaf,ForkJoinPool-103-worker-2,6,36,3,38,500,58000,500,19000,194,13100,1786683659671
IMPLOG,leaf,ForkJoinPool-103-worker-5,6,36,3,38,6900,108000,600,39500,261,23500,1786683659671
IMPLOG,leaf,ForkJoinPool-103-worker-3,6,36,3,38,500,71900,600,24600,257,17600,1786683659671
IMPLOG,leaf,ForkJoinPool-103-worker-2,6,36,3,38,6100,59000,500,19200,214,15200,1786683659671
IMPLOG,leaf,ForkJoinPool-103-worker-4,6,36,3,38,2300,86500,500,33500,166,15300,1786683659671
IMPLOG,leaf,ForkJoinPool-103-worker-6,6,36,3,38,800,87700,500,32600,206,19000,1786683659671
IMPLOG,leaf,ForkJoinPool-103-worker-1,6,36,3,38,700,104700,600,40300,224,21100,1786683659671
IMPLOG,leaf,ForkJoinPool-103-worker-5,6,36,3,38,800,89900,500,33800,212,19100,1786683659671
IMPLOG,leaf,ForkJoinPool-103-worker-3,6,36,3,38,1800,59500,500,20200,212,15400,1786683659671
IMPLOG,leaf,ForkJoinPool-103-worker-2,6,36,3,38,2500,60200,500,20000,222,15800,1786683659671
IMPLOG,leaf,ForkJoinPool-103-worker-4,6,36,3,38,800,86700,500,33600,181,16900,1786683659671
IMPLOG,leaf,ForkJoinPool-103-worker-3,6,36,3,38,400,60000,500,21300,211,14900,1786683659671
IMPLOG,leaf,ForkJoinPool-103-worker-6,6,36,3,38,2100,89500,500,31100,226,21000,1786683659671
IMPLOG,leaf,ForkJoinPool-103-worker-1,6,36,3,38,2200,86700,500,33100,186,17900,1786683659671
IMPLOG,leaf,ForkJoinPool-103-worker-2,6,36,3,38,400,57400,500,21200,195,13900,1786683659671
IMPLOG,leaf,ForkJoinPool-103-worker-5,6,36,3,38,2600,90300,500,34200,215,22000,1786683659671
IMPLOG,leaf,ForkJoinPool-103-worker-3,6,36,3,38,500,59800,500,18900,223,15300,1786683659671
IMPLOG,leaf,ForkJoinPool-103-worker-6,6,36,3,38,800,69400,500,23300,206,17100,1786683659671
IMPLOG,leaf,ForkJoinPool-103-worker-2,6,36,3,38,500,59400,500,20100,193,14800,1786683659671
IMPLOG,leaf,ForkJoinPool-103-worker-4,6,36,3,38,800,88800,500,34200,213,20000,1786683659671
IMPLOG,leaf,ForkJoinPool-103-worker-1,6,36,3,38,800,85600,500,33400,185,16400,1786683659671
IMPLOG,leaf,ForkJoinPool-103-worker-2,6,36,3,38,1600,60300,500,20300,224,15800,1786683659671
IMPLOG,leaf,ForkJoinPool-103-worker-6,6,36,3,38,1700,71500,600,24000,255,17700,1786683659671
IMPLOG,leaf,ForkJoinPool-103-worker-3,6,36,3,38,9200,78100,500,27400,218,18000,1786683659671
IMPLOG,leaf,ForkJoinPool-103-worker-5,6,36,3,38,900,78700,500,27100,218,19100,1786683659671
IMPLOG,leaf,ForkJoinPool-103-worker-4,6,36,3,38,2200,90700,500,33600,209,20700,1786683659671
IMPLOG,leaf,ForkJoinPool-103-worker-1,6,36,3,38,800,90600,500,33600,220,20000,1786683659671
IMPLOG,leaf,ForkJoinPool-103-worker-6,6,36,3,38,500,63100,500,23700,208,15700,1786683659671
IMPLOG,leaf,ForkJoinPool-103-worker-5,6,36,3,38,1700,64600,500,21500,209,15200,1786683659671
IMPLOG,scan,main,6,36,3,38,672400,1786683659670
IMPLOG,leaf,ForkJoinPool-103-worker-6,6,36,3,39,900,103500,600,37400,249,22300,1786683659671
IMPLOG,leaf,ForkJoinPool-103-worker-5,6,36,3,39,2300,106100,600,38300,269,24400,1786683659671
IMPLOG,leaf,ForkJoinPool-103-worker-2,6,36,3,39,900,104100,600,37600,257,23500,1786683659671
IMPLOG,leaf,ForkJoinPool-103-worker-3,6,36,3,39,800,104200,600,39000,253,23700,1786683659671
IMPLOG,leaf,ForkJoinPool-103-worker-4,6,36,3,39,1900,87700,500,32200,218,20400,1786683659671
IMPLOG,leaf,ForkJoinPool-103-worker-1,6,36,3,39,13500,103300,600,37000,255,23200,1786683659671
IMPLOG,leaf,ForkJoinPool-103-worker-6,6,36,3,39,1300,104100,600,38500,246,22800,1786683659671
IMPLOG,leaf,ForkJoinPool-103-worker-4,6,36,3,39,2300,86900,500,32900,209,19100,1786683659671
IMPLOG,leaf,ForkJoinPool-103-worker-5,6,36,3,39,800,104400,600,37700,261,23000,1786683659671
IMPLOG,leaf,ForkJoinPool-103-worker-2,6,36,3,39,2100,104400,600,38300,256,23300,1786683659671
IMPLOG,leaf,ForkJoinPool-103-worker-3,6,36,3,39,1900,103700,600,40400,224,21200,1786683659671
IMPLOG,leaf,ForkJoinPool-103-worker-1,6,36,3,39,800,85500,500,32300,208,19000,1786683659671
IMPLOG,leaf,ForkJoinPool-103-worker-6,6,36,3,39,8200,85300,500,31200,206,18300,1786683659671
IMPLOG,leaf,ForkJoinPool-103-worker-4,6,36,3,39,700,87700,500,32400,226,20900,1786683659671
IMPLOG,leaf,ForkJoinPool-103-worker-5,6,36,3,39,2100,87300,500,32800,214,19900,1786683659671
IMPLOG,leaf,ForkJoinPool-103-worker-2,6,36,3,39,800,86200,500,32000,212,19200,1786683659671
IMPLOG,leaf,ForkJoinPool-103-worker-3,6,36,3,39,800,86300,500,32900,186,17000,1786683659671
IMPLOG,leaf,ForkJoinPool-103-worker-1,6,36,3,39,2000,86700,500,31500,218,19400,1786683659671
IMPLOG,leaf,ForkJoinPool-103-worker-6,6,36,3,39,2100,86600,500,31200,224,20500,1786683659671
IMPLOG,leaf,ForkJoinPool-103-worker-4,6,36,3,39,2200,86000,500,31300,206,19200,1786683659671
IMPLOG,leaf,ForkJoinPool-103-worker-5,6,36,3,39,800,87500,500,31100,220,20700,1786683659671
IMPLOG,leaf,ForkJoinPool-103-worker-2,6,36,3,39,900,85700,500,31000,211,18900,1786683659671
IMPLOG,leaf,ForkJoinPool-103-worker-3,6,36,3,39,1900,85200,500,33300,185,16900,1786683659671
IMPLOG,leaf,ForkJoinPool-103-worker-1,6,36,3,39,800,90400,500,31100,220,20300,1786683659671
IMPLOG,leaf,ForkJoinPool-103-worker-6,6,36,3,39,800,87000,500,33400,209,18800,1786683659672
IMPLOG,leaf,ForkJoinPool-103-worker-5,6,36,3,39,2400,84400,500,31200,194,17100,1786683659672
IMPLOG,leaf,ForkJoinPool-103-worker-3,6,36,3,39,700,87000,500,33700,193,18300,1786683659672
IMPLOG,leaf,ForkJoinPool-103-worker-2,6,36,3,39,2300,87700,500,32200,223,20800,1786683659672
IMPLOG,leaf,ForkJoinPool-103-worker-4,6,36,3,39,700,99700,600,39200,202,19200,1786683659672
IMPLOG,leaf,ForkJoinPool-103-worker-1,6,36,3,39,2200,87700,500,32500,212,19700,1786683659672
IMPLOG,leaf,ForkJoinPool-103-worker-3,6,36,3,39,2000,60200,500,20600,215,14900,1786683659672
IMPLOG,leaf,ForkJoinPool-103-worker-6,6,36,3,39,700,88300,500,32800,222,20700,1786683659672
IMPLOG,leaf,ForkJoinPool-103-worker-5,6,36,3,39,800,85400,500,30400,195,16900,1786683659672
IMPLOG,leaf,ForkJoinPool-103-worker-4,6,36,3,39,800,84800,500,34200,166,16400,1786683659672
IMPLOG,leaf,ForkJoinPool-103-worker-1,6,36,3,39,2100,84800,500,32400,181,17100,1786683659672
IMPLOG,leaf,ForkJoinPool-103-worker-6,6,36,3,39,2100,62500,500,21600,213,15800,1786683659672
IMPLOG,scan,main,6,36,3,39,956100,1786683659671
IMPLOG,leaf,ForkJoinPool-103-worker-6,6,36,3,40,4400,107700,600,38900,249,22900,1786683659672
IMPLOG,leaf,ForkJoinPool-103-worker-5,6,36,3,40,1000,108500,600,38000,269,24500,1786683659672
IMPLOG,leaf,ForkJoinPool-103-worker-3,6,36,3,40,4500,109400,600,39700,259,25100,1786683659672
IMPLOG,leaf,ForkJoinPool-103-worker-2,6,36,3,40,1300,62400,500,19700,220,15900,1786683659672
IMPLOG,leaf,ForkJoinPool-103-worker-4,6,36,3,40,3800,108300,600,41300,199,19100,1786683659672
IMPLOG,leaf,ForkJoinPool-103-worker-2,6,36,3,40,3500,58600,500,19900,194,13900,1786683659672
IMPLOG,leaf,ForkJoinPool-103-worker-6,6,36,3,40,800,105500,600,39200,246,22900,1786683659672
IMPLOG,leaf,ForkJoinPool-103-worker-4,6,36,3,40,800,85500,500,34600,166,16300,1786683659672
IMPLOG,leaf,ForkJoinPool-103-worker-5,6,36,3,40,2500,108100,600,40700,261,23600,1786683659672
IMPLOG,leaf,ForkJoinPool-103-worker-3,6,36,3,40,800,106100,600,40300,231,21500,1786683659672
IMPLOG,leaf,ForkJoinPool-103-worker-2,6,36,3,40,400,59200,500,18200,215,15400,1786683659672
IMPLOG,leaf,ForkJoinPool-103-worker-7,6,36,3,40,700,71400,600,24500,258,18100,1786683659672
IMPLOG,leaf,ForkJoinPool-103-worker-6,6,36,3,40,2500,87400,500,31700,208,18800,1786683659672
IMPLOG,leaf,ForkJoinPool-103-worker-4,6,36,3,40,2600,88200,500,33600,188,18500,1786683659672
IMPLOG,leaf,ForkJoinPool-103-worker-2,6,36,3,40,1500,60200,500,20200,222,15700,1786683659672
IMPLOG,leaf,ForkJoinPool-103-worker-5,6,36,3,40,900,90100,500,33700,213,19800,1786683659672
IMPLOG,leaf,ForkJoinPool-103-worker-3,6,36,3,40,2300,88600,500,33000,189,19200,1786683659672
IMPLOG,leaf,ForkJoinPool-103-worker-7,6,36,3,40,1500,72100,600,25300,254,18700,1786683659672
IMPLOG,leaf,ForkJoinPool-103-worker-2,6,36,3,40,500,57000,500,19900,195,13200,1786683659672
IMPLOG,leaf,ForkJoinPool-103-worker-6,6,36,3,40,800,89400,500,33300,225,19500,1786683659672
IMPLOG,leaf,ForkJoinPool-103-worker-4,6,36,3,40,700,89500,500,32600,218,20700,1786683659672
IMPLOG,leaf,ForkJoinPool-103-worker-7,6,36,3,40,400,62200,500,21100,212,15100,1786683659672
IMPLOG,leaf,ForkJoinPool-103-worker-5,6,36,3,40,2100,89100,500,32500,215,20600,1786683659672
IMPLOG,leaf,ForkJoinPool-103-worker-3,6,36,3,40,800,87000,500,33200,185,16800,1786683659672
IMPLOG,leaf,ForkJoinPool-103-worker-2,6,36,3,40,600,71200,600,23400,257,18000,1786683659672
IMPLOG,leaf,ForkJoinPool-103-worker-6,6,36,3,40,2900,67600,500,24500,205,15700,1786683659673
IMPLOG,leaf,ForkJoinPool-103-worker-7,6,36,3,40,1800,84800,500,31800,212,19200,1786683659673
IMPLOG,leaf,ForkJoinPool-103-worker-4,6,36,3,40,800,88800,500,33800,218,19300,1786683659673
IMPLOG,leaf,ForkJoinPool-103-worker-5,6,36,3,40,2100,87900,500,33800,193,18400,1786683659673
IMPLOG,leaf,ForkJoinPool-103-worker-1,6,36,3,40,1000,89600,500,32300,223,20100,1786683659673
IMPLOG,leaf,ForkJoinPool-103-worker-2,6,36,3,40,2100,62800,500,22300,208,13800,1786683659673
IMPLOG,leaf,ForkJoinPool-103-worker-6,6,36,3,40,1700,62800,500,20300,217,16200,1786683659673
IMPLOG,leaf,ForkJoinPool-103-worker-7,6,36,3,40,700,90300,500,32300,224,19600,1786683659673
IMPLOG,leaf,ForkJoinPool-103-worker-4,6,36,3,40,2700,89100,500,32900,218,20500,1786683659673
IMPLOG,leaf,ForkJoinPool-103-worker-3,6,36,3,40,1900,87600,500,32400,208,19100,1786683659673
IMPLOG,leaf,ForkJoinPool-103-worker-1,6,36,3,40,2500,86600,500,30400,209,19600,1786683659673
IMPLOG,scan,main,6,36,3,40,644200,1786683659672
IMPLOG,leaf,ForkJoinPool-103-worker-6,6,36,3,41,1100,107500,600,40100,247,22900,1786683659673
IMPLOG,leaf,ForkJoinPool-103-worker-4,6,36,3,41,900,110000,600,39900,269,26100,1786683659673
IMPLOG,leaf,ForkJoinPool-103-worker-7,6,36,3,41,900,107200,600,39500,258,24300,1786683659673
IMPLOG,leaf,ForkJoinPool-103-worker-5,6,36,3,41,900,107900,600,40500,259,25000,1786683659673
IMPLOG,leaf,ForkJoinPool-103-worker-2,6,36,3,41,2300,89200,500,31700,217,19900,1786683659673
IMPLOG,leaf,ForkJoinPool-103-worker-1,6,36,3,41,2500,107700,600,40900,256,22800,1786683659673
IMPLOG,leaf,ForkJoinPool-103-worker-6,6,36,3,41,2500,102700,600,38500,244,21000,1786683659673
IMPLOG,leaf,ForkJoinPool-103-worker-4,6,36,3,41,700,103900,600,38000,261,23700,1786683659673
IMPLOG,leaf,ForkJoinPool-103-worker-2,6,36,3,41,700,86900,500,30400,208,18200,1786683659673
IMPLOG,leaf,ForkJoinPool-103-worker-5,6,36,3,41,800,102000,600,38200,231,20400,1786683659673
IMPLOG,leaf,ForkJoinPool-103-worker-7,6,36,3,41,2100,105100,600,39700,253,21700,1786683659673
IMPLOG,leaf,ForkJoinPool-103-worker-1,6,36,3,41,2300,87400,500,30800,209,19100,1786683659673
IMPLOG,leaf,ForkJoinPool-103-worker-6,6,36,3,41,800,84700,500,31400,206,18400,1786683659673
IMPLOG,leaf,ForkJoinPool-103-worker-4,6,36,3,41,8500,86800,500,31300,215,20200,1786683659673
IMPLOG,leaf,ForkJoinPool-103-worker-7,6,36,3,41,1500,86700,500,31500,213,19000,1786683659673
IMPLOG,leaf,ForkJoinPool-103-worker-2,6,36,3,41,8100,87100,500,32500,217,19300,1786683659673
IMPLOG,leaf,ForkJoinPool-103-worker-5,6,36,3,41,10200,85500,500,31500,188,16800,1786683659673
IMPLOG,leaf,ForkJoinPool-103-worker-1,6,36,3,41,800,88700,500,32400,225,20400,1786683659673
IMPLOG,leaf,ForkJoinPool-103-worker-6,6,36,3,41,800,86800,500,31300,211,18900,1786683659673
IMPLOG,leaf,ForkJoinPool-103-worker-4,6,36,3,41,700,87100,500,30700,220,20000,1786683659673
IMPLOG,leaf,ForkJoinPool-103-worker-7,6,36,3,41,2300,86400,500,30800,204,19100,1786683659673
IMPLOG,leaf,ForkJoinPool-103-worker-5,6,36,3,41,800,84900,500,32400,185,16800,1786683659673
IMPLOG,leaf,ForkJoinPool-103-worker-2,6,36,3,41,800,88300,500,31500,218,21000,1786683659673
IMPLOG,leaf,ForkJoinPool-103-worker-1,6,36,3,41,1200,87300,500,31300,224,20100,1786683659673
IMPLOG,leaf,ForkJoinPool-103-worker-6,6,36,3,41,2100,87900,500,29500,223,20300,1786683659673
IMPLOG,leaf,ForkJoinPool-103-worker-7,6,36,3,41,700,89200,500,34500,208,19900,1786683659673
IMPLOG,leaf,ForkJoinPool-103-worker-4,6,36,3,41,9200,87900,500,33700,194,18200,1786683659673
IMPLOG,leaf,ForkJoinPool-103-worker-5,6,36,3,41,4900,89400,500,33300,193,19500,1786683659673
IMPLOG,leaf,ForkJoinPool-103-worker-1,6,36,3,41,1900,99000,600,38800,198,19100,1786683659673
IMPLOG,leaf,ForkJoinPool-103-worker-3,6,36,3,41,6600,121600,500,34700,213,18700,1786683659673
IMPLOG,leaf,ForkJoinPool-103-worker-6,6,36,3,41,800,88600,500,34000,188,18500,1786683659673
IMPLOG,leaf,ForkJoinPool-103-worker-5,6,36,3,41,800,64300,500,21500,222,16700,1786683659673
IMPLOG,leaf,ForkJoinPool-103-worker-4,6,36,3,41,800,82400,500,27600,217,18800,1786683659673
IMPLOG,leaf,ForkJoinPool-103-worker-1,6,36,3,41,900,84300,500,31900,166,16500,1786683659673
IMPLOG,leaf,ForkJoinPool-103-worker-5,6,36,3,41,1600,66300,500,23000,194,15000,1786683659673
IMPLOG,leaf,ForkJoinPool-103-worker-3,6,36,3,41,3900,86300,500,32000,216,19000,1786683659673
IMPLOG,scan,main,6,36,3,41,704100,1786683659673
IMPLOG,leaf,ForkJoinPool-103-worker-4,6,36,3,42,1200,105900,600,38200,270,24900,1786683659673
IMPLOG,leaf,ForkJoinPool-103-worker-6,6,36,3,42,8100,108900,600,37900,247,26500,1786683659673
IMPLOG,leaf,ForkJoinPool-103-worker-1,6,36,3,42,2400,87700,500,33500,217,20100,1786683659674
IMPLOG,leaf,ForkJoinPool-103-worker-7,6,36,3,42,1000,88300,500,33600,213,18800,1786683659674
IMPLOG,leaf,ForkJoinPool-103-worker-5,6,36,3,42,4200,103500,600,36500,258,22900,1786683659674
IMPLOG,leaf,ForkJoinPool-103-worker-3,6,36,3,42,3500,104900,600,37300,259,24000,1786683659674
IMPLOG,leaf,ForkJoinPool-103-worker-6,6,36,3,42,2100,103600,600,38800,244,21400,1786683659674
IMPLOG,leaf,ForkJoinPool-103-worker-4,6,36,3,42,2700,104000,600,37400,261,22900,1786683659674
IMPLOG,leaf,ForkJoinPool-103-worker-1,6,36,3,42,800,87300,500,31600,218,21800,1786683659674
IMPLOG,leaf,ForkJoinPool-103-worker-7,6,36,3,42,2100,87100,500,31500,216,20700,1786683659674
IMPLOG,leaf,ForkJoinPool-103-worker-5,6,36,3,42,700,103700,600,38900,253,22100,1786683659674
IMPLOG,leaf,ForkJoinPool-103-worker-3,6,36,3,42,800,103500,600,40100,232,21500,1786683659674
IMPLOG,leaf,ForkJoinPool-103-worker-6,6,36,3,42,700,86900,500,31100,206,19700,1786683659674
IMPLOG,leaf,ForkJoinPool-103-worker-4,6,36,3,42,900,88100,500,31800,215,21200,1786683659674
IMPLOG,leaf,ForkJoinPool-103-worker-1,6,36,3,42,800,88300,500,31400,224,20700,1786683659674
IMPLOG,leaf,ForkJoinPool-103-worker-7,6,36,3,42,800,88500,500,31400,222,20100,1786683659674
IMPLOG,leaf,ForkJoinPool-103-worker-5,6,36,3,42,2100,86700,500,31800,213,20200,1786683659674
IMPLOG,leaf,ForkJoinPool-103-worker-3,6,36,3,42,2400,85400,500,32300,188,17500,1786683659674
IMPLOG,leaf,ForkJoinPool-103-worker-6,6,36,3,42,2700,88300,500,32600,225,19500,1786683659674
IMPLOG,leaf,ForkJoinPool-103-worker-7,6,36,3,42,2400,85400,500,30300,194,17900,1786683659674
IMPLOG,leaf,ForkJoinPool-103-worker-1,6,36,3,42,900,87300,500,33200,208,19100,1786683659674
IMPLOG,leaf,ForkJoinPool-103-worker-4,6,36,3,42,2400,88100,500,30400,220,20800,1786683659674
IMPLOG,leaf,ForkJoinPool-103-worker-3,6,36,3,42,800,84800,500,33000,185,16300,1786683659674
IMPLOG,leaf,ForkJoinPool-103-worker-5,6,36,3,42,800,86600,500,31700,211,17900,1786683659674
IMPLOG,leaf,ForkJoinPool-103-worker-6,6,36,3,42,2000,85800,500,31800,204,18400,1786683659674
IMPLOG,leaf,ForkJoinPool-103-worker-7,6,36,3,42,800,86200,500,33600,193,18500,1786683659674
IMPLOG,leaf,ForkJoinPool-103-worker-4,6,36,3,42,700,84700,500,31000,194,18400,1786683659674
IMPLOG,leaf,ForkJoinPool-103-worker-1,6,36,3,42,6600,87100,500,30500,223,20400,1786683659674
IMPLOG,leaf,ForkJoinPool-103-worker-2,6,36,3,42,2200,76300,600,25500,256,19200,1786683659674
IMPLOG,leaf,ForkJoinPool-103-worker-6,6,36,3,42,800,87600,500,31800,217,20000,1786683659674
IMPLOG,leaf,ForkJoinPool-103-worker-7,6,36,3,42,2200,84800,500,32000,188,18000,1786683659674
IMPLOG,leaf,ForkJoinPool-103-worker-5,6,36,3,42,2500,57800,500,19100,208,14900,1786683659674
IMPLOG,leaf,ForkJoinPool-103-worker-1,6,36,3,42,2600,86100,500,31400,217,18400,1786683659674
IMPLOG,leaf,ForkJoinPool-103-worker-4,6,36,3,42,700,97400,600,36700,198,18900,1786683659674
IMPLOG,leaf,ForkJoinPool-103-worker-3,6,36,3,42,800,83600,500,32100,166,15600,1786683659674
IMPLOG,leaf,ForkJoinPool-103-worker-2,6,36,3,42,800,85700,500,30900,209,17700,1786683659674
IMPLOG,scan,main,6,36,3,42,629700,1786683659673
IMPLOG,leaf,ForkJoinPool-103-worker-6,6,36,3,43,2900,101800,600,38400,247,22300,1786683659674
IMPLOG,leaf,ForkJoinPool-103-worker-4,6,36,3,43,2200,89000,500,33600,213,20600,1786683659674
IMPLOG,leaf,ForkJoinPool-103-worker-2,6,36,3,43,900,104800,600,37500,270,23500,1786683659674
IMPLOG,leaf,ForkJoinPool-103-worker-5,6,36,3,43,1800,101000,600,38600,198,18600,1786683659674
IMPLOG,leaf,ForkJoinPool-103-worker-1,6,36,3,43,2400,102800,600,37000,258,23900,1786683659674
IMPLOG,leaf,ForkJoinPool-103-worker-3,6,36,3,43,4200,105000,600,38800,259,23400,1786683659674
IMPLOG,leaf,ForkJoinPool-103-worker-4,6,36,3,43,800,88100,500,31700,216,19200,1786683659674
IMPLOG,leaf,ForkJoinPool-103-worker-5,6,36,3,43,2200,82300,500,31800,166,15300,1786683659674
IMPLOG,leaf,ForkJoinPool-103-worker-6,6,36,3,43,2100,102800,600,38300,244,21400,1786683659674
IMPLOG,leaf,ForkJoinPool-103-worker-2,6,36,3,43,2500,105400,600,38800,262,23700,1786683659674
IMPLOG,leaf,ForkJoinPool-103-worker-1,6,36,3,43,700,104700,600,37100,253,23500,1786683659674
IMPLOG,leaf,ForkJoinPool-103-worker-3,6,36,3,43,700,102800,600,39600,234,21800,1786683659674
IMPLOG,leaf,ForkJoinPool-103-worker-5,6,36,3,43,2000,85100,500,32400,187,17500,1786683659674
IMPLOG,leaf,ForkJoinPool-103-worker-4,6,36,3,43,2500,88300,500,31600,222,20200,1786683659674
IMPLOG,leaf,ForkJoinPool-103-worker-6,6,36,3,43,800,85700,500,32500,206,19600,1786683659674
IMPLOG,leaf,ForkJoinPool-103-worker-2,6,36,3,43,700,86900,500,30200,215,20000,1786683659674
IMPLOG,leaf,ForkJoinPool-103-worker-3,6,36,3,43,800,86600,500,33600,191,17800,1786683659674
IMPLOG,leaf,ForkJoinPool-103-worker-1,6,36,3,43,2200,86400,500,32100,213,19400,1786683659674
IMPLOG,leaf,ForkJoinPool-103-worker-5,6,36,3,43,800,87800,500,33000,217,19200,1786683659674
IMPLOG,leaf,ForkJoinPool-103-worker-4,6,36,3,43,800,85000,500,32600,195,17300,1786683659674
IMPLOG,leaf,ForkJoinPool-103-worker-6,6,36,3,43,2600,88400,500,31500,225,20000,1786683659674
IMPLOG,leaf,ForkJoinPool-103-worker-2,6,36,3,43,1900,87300,500,32600,220,20700,1786683659674
IMPLOG,leaf,ForkJoinPool-103-worker-3,6,36,3,43,2000,85900,500,34300,186,16200,1786683659674
IMPLOG,leaf,ForkJoinPool-103-worker-1,6,36,3,43,700,90000,500,32100,211,18500,1786683659674
IMPLOG,leaf,ForkJoinPool-103-worker-5,6,36,3,43,2100,67700,500,24200,193,14900,1786683659674
IMPLOG,leaf,ForkJoinPool-103-worker-4,6,36,3,43,700,86500,500,31800,193,18600,1786683659674
IMPLOG,leaf,ForkJoinPool-103-worker-6,6,36,3,43,800,86400,500,30900,204,19600,1786683659674
IMPLOG,leaf,ForkJoinPool-103-worker-1,6,36,3,43,2300,86600,500,29600,223,19500,1786683659675
IMPLOG,leaf,ForkJoinPool-103-worker-7,6,36,3,43,900,104400,600,38700,256,23000,1786683659675
IMPLOG,leaf,ForkJoinPool-103-worker-5,6,36,3,43,700,83100,500,28700,217,19800,1786683659675
IMPLOG,leaf,ForkJoinPool-103-worker-2,6,36,3,43,1700,58700,500,18600,224,14800,1786683659675
IMPLOG,leaf,ForkJoinPool-103-worker-6,6,36,3,43,2100,72800,500,26000,210,16800,1786683659675
IMPLOG,leaf,ForkJoinPool-103-worker-3,6,36,3,43,900,79300,500,28600,208,17500,1786683659675
IMPLOG,leaf,ForkJoinPool-103-worker-4,6,36,3,43,2000,87500,500,33000,217,20100,1786683659675
IMPLOG,leaf,ForkJoinPool-103-worker-1,6,36,3,43,800,85900,500,31100,209,17900,1786683659675
IMPLOG,leaf,ForkJoinPool-103-worker-2,6,36,3,43,400,64900,500,22300,218,16300,1786683659675
IMPLOG,scan,main,6,36,3,43,648400,1786683659674
IMPLOG,leaf,ForkJoinPool-103-worker-6,6,36,3,44,2200,106600,600,40800,245,23100,1786683659675
IMPLOG,leaf,ForkJoinPool-103-worker-1,6,36,3,44,900,109500,600,38600,270,24700,1786683659675
IMPLOG,leaf,ForkJoinPool-103-worker-7,6,36,3,44,600,60500,500,19000,225,15300,1786683659675
IMPLOG,leaf,ForkJoinPool-103-worker-3,6,36,3,44,2600,72300,600,24600,256,19100,1786683659675
IMPLOG,leaf,ForkJoinPool-103-worker-4,6,36,3,44,1400,108200,600,39800,259,24700,1786683659675
IMPLOG,leaf,ForkJoinPool-103-worker-2,6,36,3,44,5300,106400,600,38800,258,23800,1786683659675
IMPLOG,leaf,ForkJoinPool-103-worker-6,6,36,3,44,800,105300,600,40000,244,22000,1786683659675
IMPLOG,leaf,ForkJoinPool-103-worker-1,6,36,3,44,2300,107500,600,39700,262,23800,1786683659675
IMPLOG,leaf,ForkJoinPool-103-worker-7,6,36,3,44,8700,59300,500,19600,204,15100,1786683659675
IMPLOG,leaf,ForkJoinPool-103-worker-3,6,36,3,44,400,60000,500,22700,210,15100,1786683659675
IMPLOG,leaf,ForkJoinPool-103-worker-3,6,36,3,44,2200,60400,500,20200,217,15700,1786683659675
IMPLOG,leaf,ForkJoinPool-103-worker-7,6,36,3,44,500,68100,600,25700,198,15000,1786683659675
IMPLOG,leaf,ForkJoinPool-103-worker-6,6,36,3,44,2200,87600,500,32200,207,18500,1786683659675
IMPLOG,leaf,ForkJoinPool-103-worker-4,6,36,3,44,800,106700,600,39700,234,22700,1786683659675
IMPLOG,leaf,ForkJoinPool-103-worker-2,6,36,3,44,800,107400,600,39400,254,24200,1786683659675
IMPLOG,leaf,ForkJoinPool-103-worker-1,6,36,3,44,800,89600,500,33400,215,20100,1786683659675
IMPLOG,leaf,ForkJoinPool-103-worker-7,6,36,3,44,2000,56100,500,18700,166,11700,1786683659675
IMPLOG,leaf,ForkJoinPool-103-worker-3,6,36,3,44,1500,59400,500,20900,208,15000,1786683659675
IMPLOG,leaf,ForkJoinPool-103-worker-6,6,36,3,44,900,87000,500,33300,188,17500,1786683659675
IMPLOG,leaf,ForkJoinPool-103-worker-2,6,36,3,44,2500,87000,500,31300,212,19700,1786683659675
IMPLOG,leaf,ForkJoinPool-103-worker-1,6,36,3,44,3100,90600,500,32800,220,21200,1786683659675
IMPLOG,leaf,ForkJoinPool-103-worker-7,6,36,3,44,500,57900,500,21100,193,13800,1786683659675
IMPLOG,leaf,ForkJoinPool-103-worker-4,6,36,3,44,12900,87600,500,34900,191,17700,1786683659675
IMPLOG,leaf,ForkJoinPool-103-worker-3,6,36,3,44,400,60300,500,20000,217,14600,1786683659675
IMPLOG,leaf,ForkJoinPool-103-worker-6,6,36,3,44,1900,88300,500,32000,217,19600,1786683659675
IMPLOG,leaf,ForkJoinPool-103-worker-3,6,36,3,44,1500,59900,500,20500,224,16100,1786683659675
IMPLOG,leaf,ForkJoinPool-103-worker-5,6,36,3,44,2300,60400,500,19400,218,16400,1786683659675
IMPLOG,leaf,ForkJoinPool-103-worker-2,6,36,3,44,800,88400,500,32600,211,19000,1786683659675
IMPLOG,leaf,ForkJoinPool-103-worker-4,6,36,3,44,800,86600,500,33000,186,16600,1786683659675
IMPLOG,leaf,ForkJoinPool-103-worker-1,6,36,3,44,2200,91200,500,34800,213,19700,1786683659675
IMPLOG,leaf,ForkJoinPool-103-worker-3,6,36,3,44,500,59300,500,19900,209,14600,1786683659675
IMPLOG,leaf,ForkJoinPool-103-worker-5,6,36,3,44,500,60300,500,19400,222,16400,1786683659675
IMPLOG,leaf,ForkJoinPool-103-worker-4,6,36,3,44,2200,61200,500,21600,193,14500,1786683659675
IMPLOG,leaf,ForkJoinPool-103-worker-6,6,36,3,44,1100,89100,500,32300,223,19700,1786683659675
IMPLOG,leaf,ForkJoinPool-103-worker-1,6,36,3,44,800,86100,500,31600,216,20000,1786683659675
IMPLOG,leaf,ForkJoinPool-103-worker-3,6,36,3,44,2600,63900,500,22100,195,15000,1786683659675
IMPLOG,scan,main,6,36,3,44,684600,1786683659675
IMPLOG,leaf,ForkJoinPool-103-worker-1,6,36,3,45,2400,103800,600,35600,270,22600,1786683659675
IMPLOG,leaf,ForkJoinPool-103-worker-2,6,36,3,45,600,84100,600,31500,259,18600,1786683659676
IMPLOG,leaf,ForkJoinPool-103-worker-4,6,36,3,45,1400,112800,600,37600,258,23000,1786683659676
IMPLOG,leaf,ForkJoinPool-103-worker-6,6,36,3,45,7000,193700,600,38900,245,23500,1786683659675
IMPLOG,leaf,ForkJoinPool-103-worker-1,6,36,3,45,800,101900,600,36400,262,22400,1786683659676
IMPLOG,leaf,ForkJoinPool-103-worker-3,6,36,3,45,500,155200,500,27800,215,83100,1786683659676
IMPLOG,leaf,ForkJoinPool-103-worker-5,6,36,3,45,1400,166500,600,64600,256,58900,1786683659676
IMPLOG,leaf,ForkJoinPool-103-worker-2,6,36,3,45,2300,98800,600,32100,235,21000,1786683659676
IMPLOG,leaf,ForkJoinPool-103-worker-6,6,36,3,45,2500,102000,600,37400,244,21800,1786683659676
IMPLOG,leaf,ForkJoinPool-103-worker-3,6,36,3,45,3200,89300,500,30400,218,21300,1786683659676
IMPLOG,leaf,ForkJoinPool-103-worker-5,6,36,3,45,2000,88100,500,29900,210,19600,1786683659676
IMPLOG,leaf,ForkJoinPool-103-worker-1,6,36,3,45,2200,123600,500,66000,215,20700,1786683659676
IMPLOG,leaf,ForkJoinPool-103-worker-4,6,36,3,45,3800,158300,600,43300,254,35400,1786683659676
IMPLOG,leaf,ForkJoinPool-103-worker-2,6,36,3,45,600,104700,500,52900,191,18000,1786683659676
IMPLOG,leaf,ForkJoinPool-103-worker-6,6,36,3,45,900,85900,500,28600,207,18700,1786683659676
IMPLOG,leaf,ForkJoinPool-103-worker-5,6,36,3,45,800,87000,500,31600,217,20000,1786683659676
IMPLOG,leaf,ForkJoinPool-103-worker-1,6,36,3,45,900,89600,500,32300,220,20000,1786683659676
IMPLOG,leaf,ForkJoinPool-103-worker-2,6,36,3,45,1000,85800,500,34400,186,17400,1786683659676
IMPLOG,leaf,ForkJoinPool-103-worker-4,6,36,3,45,1100,108800,500,30300,212,19900,1786683659676
IMPLOG,leaf,ForkJoinPool-103-worker-3,6,36,3,45,2400,157200,500,73500,224,39100,1786683659676
IMPLOG,leaf,ForkJoinPool-103-worker-6,6,36,3,45,1300,113600,500,53900,225,18900,1786683659676
IMPLOG,leaf,ForkJoinPool-103-worker-1,6,36,3,45,11200,87300,500,33200,192,19000,1786683659676
IMPLOG,leaf,ForkJoinPool-103-worker-5,6,36,3,45,2400,114500,500,57000,208,19100,1786683659676
IMPLOG,leaf,ForkJoinPool-103-worker-4,6,36,3,45,800,84300,500,32700,211,18300,1786683659676
IMPLOG,leaf,ForkJoinPool-103-worker-2,6,36,3,45,8300,89600,500,33700,194,18700,1786683659676
IMPLOG,leaf,ForkJoinPool-103-worker-3,6,36,3,45,1100,89500,500,32900,209,19600,1786683659676
IMPLOG,leaf,ForkJoinPool-103-worker-6,6,36,3,45,3000,79200,500,26000,204,16900,1786683659676
IMPLOG,leaf,ForkJoinPool-103-worker-5,6,36,3,45,900,90500,500,32700,223,20400,1786683659676
IMPLOG,leaf,ForkJoinPool-103-worker-1,6,36,3,45,2600,103800,600,40300,198,19600,1786683659676
IMPLOG,leaf,ForkJoinPool-103-worker-2,6,36,3,45,800,90100,500,34800,213,19100,1786683659676
IMPLOG,leaf,ForkJoinPool-103-worker-7,6,36,3,45,3500,90700,500,30200,222,18500,1786683659676
IMPLOG,leaf,ForkJoinPool-103-worker-6,6,36,3,45,500,71200,500,24200,196,15200,1786683659676
IMPLOG,leaf,ForkJoinPool-103-worker-3,6,36,3,45,800,89200,500,32300,216,20000,1786683659676
IMPLOG,leaf,ForkJoinPool-103-worker-1,6,36,3,45,800,65500,500,24500,166,12600,1786683659676
IMPLOG,leaf,ForkJoinPool-103-worker-5,6,36,3,45,2300,70200,500,26400,188,16000,1786683659676
IMPLOG,leaf,ForkJoinPool-103-worker-4,6,36,3,45,2300,68600,500,23900,216,17100,1786683659676
IMPLOG,scan,main,6,36,3,45,765400,1786683659675
IMPLOG,leaf,ForkJoinPool-104-worker-1,6,36,4,1,2300,87300,600,29900,258,19400,1786683659682
IMPLOG,leaf,ForkJoinPool-104-worker-1,6,36,4,1,800,100200,600,31500,265,23400,1786683659682
IMPLOG,leaf,ForkJoinPool-104-worker-1,6,36,4,1,2500,87300,500,28200,221,18700,1786683659682
IMPLOG,leaf,ForkJoinPool-104-worker-1,6,36,4,1,3000,88600,500,29200,224,20100,1786683659682
IMPLOG,leaf,ForkJoinPool-104-worker-1,6,36,4,1,900,88800,500,32400,215,19800,1786683659682
IMPLOG,leaf,ForkJoinPool-104-worker-2,6,36,4,1,1100,111000,600,37800,263,25900,1786683659682
IMPLOG,leaf,ForkJoinPool-104-worker-1,6,36,4,1,2500,111300,600,40900,268,24900,1786683659682
IMPLOG,leaf,ForkJoinPool-104-worker-2,6,36,4,1,2600,110800,600,40800,267,25600,1786683659682
IMPLOG,leaf,ForkJoinPool-104-worker-1,6,36,4,1,800,90900,500,32100,220,20400,1786683659682
IMPLOG,leaf,ForkJoinPool-104-worker-3,6,36,4,1,1300,105500,600,37800,260,22200,1786683659682
IMPLOG,leaf,ForkJoinPool-104-worker-2,6,36,4,1,800,90900,500,32200,217,21200,1786683659682
IMPLOG,leaf,ForkJoinPool-104-worker-1,6,36,4,1,2700,89000,500,32600,214,20900,1786683659682
IMPLOG,leaf,ForkJoinPool-104-worker-5,6,36,4,1,1100,91000,500,32800,217,20100,1786683659682
IMPLOG,leaf,ForkJoinPool-104-worker-3,6,36,4,1,3600,104300,600,36200,257,22200,1786683659682
IMPLOG,leaf,ForkJoinPool-104-worker-2,6,36,4,1,6200,92200,500,33000,220,22000,1786683659682
IMPLOG,leaf,ForkJoinPool-104-worker-4,6,36,4,1,1000,113900,600,38100,258,29500,1786683659682
IMPLOG,leaf,ForkJoinPool-104-worker-1,6,36,4,1,2200,113100,600,41500,258,26600,1786683659682
IMPLOG,leaf,ForkJoinPool-104-worker-3,6,36,4,1,800,81500,500,27300,218,18100,1786683659682
IMPLOG,leaf,ForkJoinPool-104-worker-6,6,36,4,1,900,61800,500,19300,221,16400,1786683659683
IMPLOG,leaf,ForkJoinPool-104-worker-5,6,36,4,1,2500,92600,500,31900,226,22900,1786683659682
IMPLOG,leaf,ForkJoinPool-104-worker-2,6,36,4,1,2300,92900,500,33900,223,22000,1786683659683
IMPLOG,leaf,ForkJoinPool-104-worker-4,6,36,4,1,2700,109000,600,39300,265,25200,1786683659683
IMPLOG,leaf,ForkJoinPool-104-worker-6,6,36,4,1,1700,61500,500,19400,225,15900,1786683659683
IMPLOG,leaf,ForkJoinPool-104-worker-3,6,36,4,1,2300,82700,500,30300,220,18300,1786683659683
IMPLOG,leaf,ForkJoinPool-104-worker-1,6,36,4,1,900,92400,500,33400,223,21600,1786683659683
IMPLOG,leaf,ForkJoinPool-104-worker-5,6,36,4,1,900,93800,500,33900,213,21800,1786683659683
IMPLOG,leaf,ForkJoinPool-104-worker-2,6,36,4,1,5700,90700,500,33000,209,21200,1786683659683
IMPLOG,leaf,ForkJoinPool-104-worker-6,6,36,4,1,1400,60800,500,19700,217,15300,1786683659683
IMPLOG,leaf,ForkJoinPool-104-worker-4,6,36,4,1,800,90200,500,31900,216,19700,1786683659683
IMPLOG,leaf,ForkJoinPool-104-worker-1,6,36,4,1,2400,75400,500,25900,220,18400,1786683659683
IMPLOG,leaf,ForkJoinPool-104-worker-3,6,36,4,1,900,88100,500,30300,221,19700,1786683659683
IMPLOG,leaf,ForkJoinPool-104-worker-6,6,36,4,1,500,59700,500,17400,222,16100,1786683659683
IMPLOG,leaf,ForkJoinPool-104-worker-5,6,36,4,1,2200,93000,500,32400,220,22000,1786683659683
IMPLOG,leaf,ForkJoinPool-104-worker-4,6,36,4,1,700,82100,500,27900,216,19400,1786683659683
IMPLOG,leaf,ForkJoinPool-104-worker-6,6,36,4,1,1800,60600,500,18900,220,15500,1786683659683
IMPLOG,leaf,ForkJoinPool-104-worker-3,6,36,4,1,6900,87700,500,29400,204,19300,1786683659683
IMPLOG,scan,main,6,36,4,1,1751900,1786683659681
IMPLOG,leaf,ForkJoinPool-104-worker-4,6,36,4,2,4400,73800,600,23900,258,19500,1786683659683
IMPLOG,leaf,ForkJoinPool-104-worker-3,6,36,4,2,6100,62000,500,19800,219,16400,1786683659683
IMPLOG,leaf,ForkJoinPool-104-worker-5,6,36,4,2,6700,99100,600,36300,258,20400,1786683659683
IMPLOG,leaf,ForkJoinPool-104-worker-6,6,36,4,2,2500,70000,500,24100,216,17300,1786683659683
IMPLOG,leaf,ForkJoinPool-104-worker-1,6,36,4,2,800,107100,600,39500,262,24500,1786683659683
IMPLOG,leaf,ForkJoinPool-104-worker-2,6,36,4,2,2800,108800,600,39200,259,26900,1786683659683
IMPLOG,leaf,ForkJoinPool-104-worker-4,6,36,4,2,600,61600,500,18700,223,16400,1786683659683
IMPLOG,leaf,ForkJoinPool-104-worker-3,6,36,4,2,500,61900,500,20100,223,16700,1786683659683
IMPLOG,leaf,ForkJoinPool-104-worker-6,6,36,4,2,6200,60800,500,20000,216,15100,1786683659683
IMPLOG,leaf,ForkJoinPool-104-worker-5,6,36,4,2,900,96200,600,33600,265,21600,1786683659683
IMPLOG,leaf,ForkJoinPool-104-worker-4,6,36,4,2,2600,62300,500,19700,226,16100,1786683659683
IMPLOG,leaf,ForkJoinPool-104-worker-3,6,36,4,2,4100,60400,500,19300,217,15800,1786683659683
IMPLOG,leaf,ForkJoinPool-104-worker-1,6,36,4,2,3400,108700,600,39500,267,24900,1786683659683
IMPLOG,leaf,ForkJoinPool-104-worker-2,6,36,4,2,900,110000,600,36500,257,24400,1786683659683
IMPLOG,leaf,ForkJoinPool-104-worker-6,6,36,4,2,400,60700,500,18400,216,16200,1786683659683
IMPLOG,leaf,ForkJoinPool-104-worker-5,6,36,4,2,2400,60300,500,19700,221,14800,1786683659683
IMPLOG,leaf,ForkJoinPool-104-worker-3,6,36,4,2,400,60400,500,20900,207,15300,1786683659683
IMPLOG,leaf,ForkJoinPool-104-worker-4,6,36,4,2,500,61200,500,20200,221,16100,1786683659683
IMPLOG,leaf,ForkJoinPool-104-worker-5,6,36,4,2,400,60700,500,18300,224,15500,1786683659683
IMPLOG,leaf,ForkJoinPool-104-worker-1,6,36,4,2,4700,94000,500,33400,219,21500,1786683659683
IMPLOG,leaf,ForkJoinPool-104-worker-2,6,36,4,2,6300,92800,500,30900,218,20800,1786683659683
IMPLOG,leaf,ForkJoinPool-104-worker-3,6,36,4,2,1800,71000,600,21700,260,18300,1786683659683
IMPLOG,leaf,ForkJoinPool-104-worker-4,6,36,4,2,4500,92900,500,33800,209,20800,1786683659683
IMPLOG,leaf,ForkJoinPool-104-worker-5,6,36,4,2,500,62100,500,20700,216,16700,1786683659683
IMPLOG,leaf,ForkJoinPool-104-worker-6,6,36,4,2,900,92400,500,33900,225,20300,1786683659683
IMPLOG,leaf,ForkJoinPool-104-worker-3,6,36,4,2,1500,77900,600,23400,265,19600,1786683659683
IMPLOG,leaf,ForkJoinPool-104-worker-5,6,36,4,2,2400,72200,600,23600,268,18700,1786683659683
IMPLOG,leaf,ForkJoinPool-104-worker-4,6,36,4,2,2300,91100,500,33600,221,21100,1786683659683
IMPLOG,leaf,ForkJoinPool-104-worker-6,6,36,4,2,2400,90300,500,33500,217,19700,1786683659683
IMPLOG,leaf,ForkJoinPool-104-worker-2,6,36,4,2,2200,91600,500,34100,216,20300,1786683659683
IMPLOG,leaf,ForkJoinPool-104-worker-1,6,36,4,2,2100,90400,500,33700,214,21200,1786683659683
IMPLOG,leaf,ForkJoinPool-104-worker-3,6,36,4,2,500,60100,500,19200,219,15100,1786683659683
IMPLOG,leaf,ForkJoinPool-104-worker-5,6,36,4,2,500,60200,500,19600,221,14400,1786683659683
IMPLOG,leaf,ForkJoinPool-104-worker-2,6,36,4,2,3600,63400,500,20200,217,16000,1786683659683
IMPLOG,leaf,ForkJoinPool-104-worker-4,6,36,4,2,800,90400,500,33400,221,20400,1786683659683
IMPLOG,leaf,ForkJoinPool-104-worker-6,6,36,4,2,800,91400,500,33700,220,20200,1786683659683
IMPLOG,scan,main,6,36,4,2,628100,1786683659683
IMPLOG,leaf,ForkJoinPool-104-worker-5,6,36,4,3,1000,104900,600,38600,235,21700,1786683659684
IMPLOG,leaf,ForkJoinPool-104-worker-1,6,36,4,3,2400,93500,500,33900,225,21200,1786683659684
IMPLOG,leaf,ForkJoinPool-104-worker-3,6,36,4,3,3000,107900,600,39300,262,25700,1786683659684
IMPLOG,leaf,ForkJoinPool-104-worker-4,6,36,4,3,2500,108700,600,39200,260,23900,1786683659684
IMPLOG,leaf,ForkJoinPool-104-worker-6,6,36,4,3,2900,110600,600,41400,259,25000,1786683659684
IMPLOG,leaf,ForkJoinPool-104-worker-2,6,36,4,3,2500,108700,600,39000,261,23900,1786683659684
IMPLOG,leaf,ForkJoinPool-104-worker-1,6,36,4,3,800,90400,500,34000,212,19800,1786683659684
IMPLOG,leaf,ForkJoinPool-104-worker-2,6,36,4,3,800,88400,500,32400,221,19600,1786683659684
IMPLOG,leaf,ForkJoinPool-104-worker-5,6,36,4,3,6800,108300,600,39000,255,24900,1786683659684
IMPLOG,leaf,ForkJoinPool-104-worker-3,6,36,4,3,800,111000,600,41300,267,25800,1786683659684
IMPLOG,leaf,ForkJoinPool-104-worker-4,6,36,4,3,800,108900,600,40500,260,25100,1786683659684
IMPLOG,leaf,ForkJoinPool-104-worker-6,6,36,4,3,2300,110000,600,41500,241,24100,1786683659684
IMPLOG,leaf,ForkJoinPool-104-worker-2,6,36,4,3,2400,88900,500,33500,207,19100,1786683659684
IMPLOG,leaf,ForkJoinPool-104-worker-5,6,36,4,3,800,90200,500,33600,217,19900,1786683659684
IMPLOG,leaf,ForkJoinPool-104-worker-1,6,36,4,3,15100,91900,500,33000,221,21600,1786683659684
IMPLOG,leaf,ForkJoinPool-104-worker-3,6,36,4,3,2300,89400,500,32200,210,20500,1786683659684
IMPLOG,leaf,ForkJoinPool-104-worker-4,6,36,4,3,2300,90800,500,33600,216,19500,1786683659684
IMPLOG,leaf,ForkJoinPool-104-worker-6,6,36,4,3,700,87700,500,34400,184,17200,1786683659684
IMPLOG,leaf,ForkJoinPool-104-worker-2,6,36,4,3,800,90000,500,33300,212,20700,1786683659684
IMPLOG,leaf,ForkJoinPool-104-worker-5,6,36,4,3,2500,89400,500,32200,211,18800,1786683659684
IMPLOG,leaf,ForkJoinPool-104-worker-1,6,36,4,3,2600,90300,500,33400,214,20900,1786683659684
IMPLOG,leaf,ForkJoinPool-104-worker-3,6,36,4,3,800,92100,500,32500,219,20900,1786683659684
IMPLOG,leaf,ForkJoinPool-104-worker-6,6,36,4,3,2700,88600,500,34900,180,17300,1786683659684
IMPLOG,leaf,ForkJoinPool-104-worker-4,6,36,4,3,2200,91100,500,34300,215,18900,1786683659684
IMPLOG,leaf,ForkJoinPool-104-worker-6,6,36,4,3,800,63200,500,23900,187,15300,1786683659684
IMPLOG,leaf,ForkJoinPool-104-worker-2,6,36,4,3,2300,89900,500,33300,208,19900,1786683659684
IMPLOG,leaf,ForkJoinPool-104-worker-5,6,36,4,3,900,89300,500,33900,204,19900,1786683659684
IMPLOG,leaf,ForkJoinPool-104-worker-1,6,36,4,3,800,91800,500,34700,219,20900,1786683659684
IMPLOG,leaf,ForkJoinPool-104-worker-3,6,36,4,3,12700,91900,500,32400,223,22700,1786683659684
IMPLOG,leaf,ForkJoinPool-104-worker-6,6,36,4,3,1600,100100,600,37100,250,22700,1786683659684
IMPLOG,leaf,ForkJoinPool-104-worker-2,6,36,4,3,900,92200,500,33700,216,20700,1786683659684
IMPLOG,leaf,ForkJoinPool-104-worker-5,6,36,4,3,2300,91400,500,33300,216,20800,1786683659684
IMPLOG,leaf,ForkJoinPool-104-worker-1,6,36,4,3,2300,92200,500,33400,226,22600,1786683659684
IMPLOG,leaf,ForkJoinPool-104-worker-4,6,36,4,3,900,90400,500,34700,204,19900,1786683659684
IMPLOG,leaf,ForkJoinPool-104-worker-3,6,36,4,3,800,89500,500,33200,223,21800,1786683659684
IMPLOG,leaf,ForkJoinPool-104-worker-6,6,36,4,3,900,76000,500,27400,212,18400,1786683659684
IMPLOG,scan,main,6,36,4,3,710600,1786683659684
IMPLOG,leaf,ForkJoinPool-104-worker-1,6,36,4,4,900,92300,500,32600,224,20700,1786683659684
IMPLOG,leaf,ForkJoinPool-104-worker-5,6,36,4,4,13300,110900,600,42500,235,23300,1786683659684
IMPLOG,leaf,ForkJoinPool-104-worker-3,6,36,4,4,2100,113500,600,41700,262,24300,1786683659684
IMPLOG,leaf,ForkJoinPool-104-worker-4,6,36,4,4,800,106900,600,39100,261,25000,1786683659684
IMPLOG,leaf,ForkJoinPool-104-worker-6,6,36,4,4,1100,109100,600,38600,260,25000,1786683659684
IMPLOG,leaf,ForkJoinPool-104-worker-2,6,36,4,4,8200,108900,600,41500,261,24400,1786683659684
IMPLOG,leaf,ForkJoinPool-104-worker-1,6,36,4,4,2400,90300,500,34200,212,21400,1786683659684
IMPLOG,leaf,ForkJoinPool-104-worker-4,6,36,4,4,7700,89800,500,32800,221,20100,1786683659684
IMPLOG,leaf,ForkJoinPool-104-worker-5,6,36,4,4,2200,106700,600,37100,255,24700,1786683659684
IMPLOG,leaf,ForkJoinPool-104-worker-3,6,36,4,4,2400,109500,600,40700,267,24600,1786683659684
IMPLOG,leaf,ForkJoinPool-104-worker-2,6,36,4,4,6200,109300,600,40400,247,23900,1786683659684
IMPLOG,leaf,ForkJoinPool-104-worker-6,6,36,4,4,2300,116800,600,39100,255,25100,1786683659684
IMPLOG,leaf,ForkJoinPool-104-worker-1,6,36,4,4,2200,91600,500,32500,222,22100,1786683659684
IMPLOG,leaf,ForkJoinPool-104-worker-4,6,36,4,4,900,90400,500,33300,207,19300,1786683659684
IMPLOG,leaf,ForkJoinPool-104-worker-5,6,36,4,4,800,90500,500,32400,217,20500,1786683659684
IMPLOG,leaf,ForkJoinPool-104-worker-3,6,36,4,4,800,90700,500,34100,210,20000,1786683659685
IMPLOG,leaf,ForkJoinPool-104-worker-2,6,36,4,4,900,88100,500,33400,184,16700,1786683659685
IMPLOG,leaf,ForkJoinPool-104-worker-6,6,36,4,4,900,89600,500,32500,210,20500,1786683659685
IMPLOG,leaf,ForkJoinPool-104-worker-1,6,36,4,4,800,90000,500,32500,214,20400,1786683659685
IMPLOG,leaf,ForkJoinPool-104-worker-4,6,36,4,4,4800,89600,500,32600,212,20700,1786683659685
IMPLOG,leaf,ForkJoinPool-104-worker-5,6,36,4,4,2300,89700,500,33500,211,20100,1786683659685
IMPLOG,leaf,ForkJoinPool-104-worker-3,6,36,4,4,2200,91600,500,33900,222,20700,1786683659685
IMPLOG,leaf,ForkJoinPool-104-worker-2,6,36,4,4,2100,88100,500,33500,183,18200,1786683659685
IMPLOG,leaf,ForkJoinPool-104-worker-6,6,36,4,4,2400,90700,500,31600,215,19900,1786683659685
IMPLOG,leaf,ForkJoinPool-104-worker-1,6,36,4,4,2100,78800,500,29100,219,18700,1786683659685
IMPLOG,leaf,ForkJoinPool-104-worker-4,6,36,4,4,800,89600,500,33300,208,20000,1786683659685
IMPLOG,leaf,ForkJoinPool-104-worker-5,6,36,4,4,800,91100,500,34600,203,20800,1786683659685
IMPLOG,leaf,ForkJoinPool-104-worker-3,6,36,4,4,700,92200,500,33100,223,21100,1786683659685
IMPLOG,leaf,ForkJoinPool-104-worker-2,6,36,4,4,700,88100,500,34400,187,18200,1786683659685
IMPLOG,leaf,ForkJoinPool-104-worker-1,6,36,4,4,700,92000,500,34600,214,21000,1786683659685
IMPLOG,leaf,ForkJoinPool-104-worker-6,6,36,4,4,900,92100,500,33500,216,20100,1786683659685
IMPLOG,leaf,ForkJoinPool-104-worker-4,6,36,4,4,800,81000,600,27300,250,20800,1786683659685
IMPLOG,leaf,ForkJoinPool-104-worker-5,6,36,4,4,2300,91200,500,34600,207,20300,1786683659685
IMPLOG,leaf,ForkJoinPool-104-worker-3,6,36,4,4,2000,92300,500,34400,225,21700,1786683659685
IMPLOG,leaf,ForkJoinPool-104-worker-6,6,36,4,4,800,69400,500,23900,223,18000,1786683659685
IMPLOG,leaf,ForkJoinPool-104-worker-4,6,36,4,4,2300,67900,500,23500,211,16700,1786683659685
IMPLOG,scan,main,6,36,4,4,708200,1786683659684
IMPLOG,leaf,ForkJoinPool-104-worker-5,6,36,4,5,3300,112500,600,42700,235,23900,1786683659685
IMPLOG,leaf,ForkJoinPool-104-worker-3,6,36,4,5,4100,113900,600,41200,262,25900,1786683659685
IMPLOG,leaf,ForkJoinPool-104-worker-1,6,36,4,5,2200,90200,500,32900,197,19500,1786683659685
IMPLOG,leaf,ForkJoinPool-104-worker-2,6,36,4,5,2500,92300,500,34000,218,21300,1786683659685
IMPLOG,leaf,ForkJoinPool-104-worker-4,6,36,4,5,1300,110100,600,40200,260,25000,1786683659685
IMPLOG,leaf,ForkJoinPool-104-worker-6,6,36,4,5,3400,110800,600,41000,262,25800,1786683659685
IMPLOG,leaf,ForkJoinPool-104-worker-5,6,36,4,5,900,107600,600,38400,255,23900,1786683659685
IMPLOG,leaf,ForkJoinPool-104-worker-1,6,36,4,5,800,91900,500,33000,220,21700,1786683659685
IMPLOG,leaf,ForkJoinPool-104-worker-2,6,36,4,5,800,90600,500,32500,208,19900,1786683659685
IMPLOG,leaf,ForkJoinPool-104-worker-3,6,36,4,5,800,110600,600,40500,267,26100,1786683659685
IMPLOG,leaf,ForkJoinPool-104-worker-4,6,36,4,5,2500,108300,600,38500,254,23200,1786683659685
IMPLOG,leaf,ForkJoinPool-104-worker-6,6,36,4,5,800,108900,600,38600,247,24400,1786683659685
IMPLOG,leaf,ForkJoinPool-104-worker-5,6,36,4,5,2300,91600,500,32600,217,21600,1786683659685
IMPLOG,leaf,ForkJoinPool-104-worker-1,6,36,4,5,900,87900,500,33200,181,17500,1786683659685
IMPLOG,leaf,ForkJoinPool-104-worker-3,6,36,4,5,2400,91400,500,32200,210,20800,1786683659685
IMPLOG,leaf,ForkJoinPool-104-worker-2,6,36,4,5,900,108800,600,39400,250,23800,1786683659685
IMPLOG,leaf,ForkJoinPool-104-worker-4,6,36,4,5,800,90400,500,32800,210,20400,1786683659685
IMPLOG,leaf,ForkJoinPool-104-worker-6,6,36,4,5,2300,88100,500,33500,184,18400,1786683659685
IMPLOG,leaf,ForkJoinPool-104-worker-5,6,36,4,5,2500,90500,500,33400,211,20800,1786683659685
IMPLOG,leaf,ForkJoinPool-104-worker-4,6,36,4,5,900,63600,500,21600,215,15300,1786683659685
IMPLOG,leaf,ForkJoinPool-104-worker-1,6,36,4,5,2200,89100,500,33900,187,18800,1786683659685
IMPLOG,leaf,ForkJoinPool-104-worker-3,6,36,4,5,700,91500,500,32900,222,20700,1786683659685
IMPLOG,leaf,ForkJoinPool-104-worker-2,6,36,4,5,2200,92800,500,32300,222,23300,1786683659685
IMPLOG,leaf,ForkJoinPool-104-worker-1,6,36,4,5,800,69800,500,22100,223,17900,1786683659685
IMPLOG,leaf,ForkJoinPool-104-worker-5,6,36,4,5,900,90700,500,32700,208,20400,1786683659685
IMPLOG,leaf,ForkJoinPool-104-worker-4,6,36,4,5,1600,89900,500,32100,219,20600,1786683659685
IMPLOG,leaf,ForkJoinPool-104-worker-3,6,36,4,5,900,93000,500,33600,225,23000,1786683659685
IMPLOG,leaf,ForkJoinPool-104-worker-6,6,36,4,5,900,91000,500,33100,211,20400,1786683659685
IMPLOG,leaf,ForkJoinPool-104-worker-1,6,36,4,5,1700,90100,600,33000,261,21900,1786683659685
IMPLOG,leaf,ForkJoinPool-104-worker-5,6,36,4,5,2100,94100,500,35400,211,20300,1786683659685
IMPLOG,leaf,ForkJoinPool-104-worker-4,6,36,4,5,800,92300,500,32300,225,21400,1786683659685
IMPLOG,leaf,ForkJoinPool-104-worker-6,6,36,4,5,2200,88900,500,33500,208,19700,1786683659685
IMPLOG,leaf,ForkJoinPool-104-worker-2,6,36,4,5,900,93600,500,34400,224,21700,1786683659686
IMPLOG,leaf,ForkJoinPool-104-worker-3,6,36,4,5,2400,91300,500,31700,220,21700,1786683659686
IMPLOG,leaf,ForkJoinPool-104-worker-1,6,36,4,5,800,80100,500,29000,214,18700,1786683659686
IMPLOG,leaf,ForkJoinPool-104-worker-5,6,36,4,5,700,84300,500,29100,212,18500,1786683659686
IMPLOG,scan,main,6,36,4,5,717600,1786683659685
IMPLOG,leaf,ForkJoinPool-104-worker-3,6,36,4,6,1000,62000,500,18300,211,15100,1786683659686
IMPLOG,leaf,ForkJoinPool-104-worker-4,6,36,4,6,4100,76900,600,23100,262,18700,1786683659686
IMPLOG,leaf,ForkJoinPool-104-worker-5,6,36,4,6,1100,105600,600,37900,236,23200,1786683659686
IMPLOG,leaf,ForkJoinPool-104-worker-6,6,36,4,6,5300,94900,500,34600,212,20500,1786683659686
IMPLOG,leaf,ForkJoinPool-104-worker-1,6,36,4,6,1000,111400,600,40200,262,24900,1786683659686
IMPLOG,leaf,ForkJoinPool-104-worker-2,6,36,4,6,3900,111700,600,38500,260,26000,1786683659686
IMPLOG,leaf,ForkJoinPool-104-worker-3,6,36,4,6,2400,60800,500,20700,207,15500,1786683659686
IMPLOG,leaf,ForkJoinPool-104-worker-4,6,36,4,6,500,62100,500,21600,220,16500,1786683659686
IMPLOG,leaf,ForkJoinPool-104-worker-6,6,36,4,6,900,90500,500,33400,208,20500,1786683659686
IMPLOG,leaf,ForkJoinPool-104-worker-3,6,36,4,6,400,61700,500,20500,215,15700,1786683659686
IMPLOG,leaf,ForkJoinPool-104-worker-5,6,36,4,6,2200,107300,600,38800,255,24600,1786683659686
IMPLOG,leaf,ForkJoinPool-104-worker-2,6,36,4,6,800,107500,600,40100,254,24700,1786683659686
IMPLOG,leaf,ForkJoinPool-104-worker-1,6,36,4,6,9500,110600,600,38700,267,25100,1786683659686
IMPLOG,leaf,ForkJoinPool-104-worker-6,6,36,4,6,2700,92000,500,33800,225,21700,1786683659686
IMPLOG,leaf,ForkJoinPool-104-worker-5,6,36,4,6,800,92800,500,33900,224,22700,1786683659686
IMPLOG,leaf,ForkJoinPool-104-worker-4,6,36,4,6,2800,91800,500,33400,214,20700,1786683659686
IMPLOG,leaf,ForkJoinPool-104-worker-3,6,36,4,6,900,109100,600,40600,262,25900,1786683659686
IMPLOG,leaf,ForkJoinPool-104-worker-2,6,36,4,6,800,90700,500,33200,210,20600,1786683659686
IMPLOG,leaf,ForkJoinPool-104-worker-1,6,36,4,6,700,89800,500,33300,210,20700,1786683659686
IMPLOG,leaf,ForkJoinPool-104-worker-6,6,36,4,6,800,90900,500,33200,213,21600,1786683659686
IMPLOG,leaf,ForkJoinPool-104-worker-4,6,36,4,6,2200,92000,500,32300,225,21800,1786683659686
IMPLOG,leaf,ForkJoinPool-104-worker-2,6,36,4,6,2900,82900,500,28700,215,19000,1786683659686
IMPLOG,leaf,ForkJoinPool-104-worker-5,6,36,4,6,2100,109500,600,39900,250,25000,1786683659686
IMPLOG,leaf,ForkJoinPool-104-worker-1,6,36,4,6,2500,92200,500,33800,222,21200,1786683659686
IMPLOG,leaf,ForkJoinPool-104-worker-3,6,36,4,6,11900,109700,600,42000,247,24800,1786683659686
IMPLOG,leaf,ForkJoinPool-104-worker-2,6,36,4,6,500,61800,500,20800,219,16000,1786683659686
IMPLOG,leaf,ForkJoinPool-104-worker-4,6,36,4,6,800,91300,500,34100,211,20300,1786683659686
IMPLOG,leaf,ForkJoinPool-104-worker-5,6,36,4,6,800,94300,500,34600,222,23400,1786683659686
IMPLOG,leaf,ForkJoinPool-104-worker-1,6,36,4,6,800,92700,500,32400,223,22500,1786683659686
IMPLOG,leaf,ForkJoinPool-104-worker-3,6,36,4,6,800,88700,500,33000,188,17800,1786683659686
IMPLOG,leaf,ForkJoinPool-104-worker-4,6,36,4,6,2400,90800,500,35200,197,20100,1786683659686
IMPLOG,leaf,ForkJoinPool-104-worker-2,6,36,4,6,2200,64500,500,20400,208,16300,1786683659686
IMPLOG,leaf,ForkJoinPool-104-worker-1,6,36,4,6,900,88300,500,33600,182,17600,1786683659686
IMPLOG,leaf,ForkJoinPool-104-worker-6,6,36,4,6,2100,90500,500,33300,218,20700,1786683659686
IMPLOG,leaf,ForkJoinPool-104-worker-3,6,36,4,6,2200,92200,500,35500,220,22800,1786683659686
IMPLOG,leaf,ForkJoinPool-104-worker-4,6,36,4,6,800,74000,500,26200,191,16200,1786683659686
IMPLOG,scan,main,6,36,4,6,742000,1786683659686
IMPLOG,leaf,ForkJoinPool-104-worker-2,6,36,4,7,500,62400,500,21300,222,17100,1786683659686
IMPLOG,leaf,ForkJoinPool-104-worker-6,6,36,4,7,1700,63200,500,20000,197,14300,1786683659686
IMPLOG,leaf,ForkJoinPool-104-worker-5,6,36,4,7,1100,105000,600,38400,235,22400,1786683659686
IMPLOG,leaf,ForkJoinPool-104-worker-4,6,36,4,7,1000,109800,600,39200,265,24600,1786683659686
IMPLOG,leaf,ForkJoinPool-104-worker-3,6,36,4,7,1300,109800,600,41200,250,26200,1786683659686
IMPLOG,leaf,ForkJoinPool-104-worker-1,6,36,4,7,3700,110400,600,40200,262,25800,1786683659686
IMPLOG,leaf,ForkJoinPool-104-worker-6,6,36,4,7,500,62700,500,21600,221,16700,1786683659687
IMPLOG,leaf,ForkJoinPool-104-worker-2,6,36,4,7,1700,63000,500,20500,223,16900,1786683659687
IMPLOG,leaf,ForkJoinPool-104-worker-6,6,36,4,7,7200,62100,500,20100,218,16000,1786683659687
IMPLOG,leaf,ForkJoinPool-104-worker-2,6,36,4,7,400,61500,500,23900,213,15900,1786683659687
IMPLOG,leaf,ForkJoinPool-104-worker-3,6,36,4,7,2700,94100,500,33200,222,22500,1786683659687
IMPLOG,leaf,ForkJoinPool-104-worker-5,6,36,4,7,2500,107800,600,38600,254,25100,1786683659687
IMPLOG,leaf,ForkJoinPool-104-worker-4,6,36,4,7,2100,109800,600,37900,266,26300,1786683659687
IMPLOG,leaf,ForkJoinPool-104-worker-1,6,36,4,7,900,108100,600,41000,248,24000,1786683659687
IMPLOG,leaf,ForkJoinPool-104-worker-6,6,36,4,7,400,62300,500,22200,208,15900,1786683659687
IMPLOG,leaf,ForkJoinPool-104-worker-2,6,36,4,7,500,73700,600,23000,260,19000,1786683659687
IMPLOG,leaf,ForkJoinPool-104-worker-5,6,36,4,7,800,90300,500,33300,214,20300,1786683659687
IMPLOG,leaf,ForkJoinPool-104-worker-3,6,36,4,7,2500,93000,500,33200,225,22400,1786683659687
IMPLOG,leaf,ForkJoinPool-104-worker-4,6,36,4,7,800,87900,500,34200,182,17800,1786683659687
IMPLOG,leaf,ForkJoinPool-104-worker-1,6,36,4,7,2100,88500,500,34400,186,18100,1786683659687
IMPLOG,leaf,ForkJoinPool-104-worker-6,6,36,4,7,2100,62700,500,21000,224,16800,1786683659687
IMPLOG,leaf,ForkJoinPool-104-worker-2,6,36,4,7,1500,73000,600,24400,254,18500,1786683659687
IMPLOG,leaf,ForkJoinPool-104-worker-3,6,36,4,7,800,67600,500,23400,211,16700,1786683659687
IMPLOG,leaf,ForkJoinPool-104-worker-6,6,36,4,7,500,61500,500,20200,214,16200,1786683659687
IMPLOG,leaf,ForkJoinPool-104-worker-5,6,36,4,7,2200,90200,500,33200,213,19300,1786683659687
IMPLOG,leaf,ForkJoinPool-104-worker-4,6,36,4,7,2000,88500,500,34500,191,18200,1786683659687
IMPLOG,leaf,ForkJoinPool-104-worker-2,6,36,4,7,400,61100,500,21900,211,15400,1786683659687
IMPLOG,leaf,ForkJoinPool-104-worker-3,6,36,4,7,2200,77100,600,25600,262,19500,1786683659687
IMPLOG,leaf,ForkJoinPool-104-worker-6,6,36,4,7,500,84300,500,29300,224,20900,1786683659687
IMPLOG,leaf,ForkJoinPool-104-worker-2,6,36,4,7,3500,61300,500,19800,215,15800,1786683659687
IMPLOG,leaf,ForkJoinPool-104-worker-5,6,36,4,7,800,88200,500,32100,207,19400,1786683659687
IMPLOG,leaf,ForkJoinPool-104-worker-1,6,36,4,7,900,89800,500,33000,215,19500,1786683659687
IMPLOG,leaf,ForkJoinPool-104-worker-4,6,36,4,7,1000,90500,500,32500,212,19600,1786683659687
IMPLOG,leaf,ForkJoinPool-104-worker-3,6,36,4,7,500,61800,500,20900,219,16500,1786683659687
IMPLOG,leaf,ForkJoinPool-104-worker-5,6,36,4,7,800,67000,500,24100,208,16200,1786683659687
IMPLOG,leaf,ForkJoinPool-104-worker-6,6,36,4,7,5000,87300,500,31400,219,20300,1786683659687
IMPLOG,scan,main,6,36,4,7,636500,1786683659686
IMPLOG,leaf,ForkJoinPool-104-worker-1,6,36,4,8,1200,101000,600,37100,265,21700,1786683659687
IMPLOG,leaf,ForkJoinPool-104-worker-5,6,36,4,8,6900,107100,600,39100,235,22500,1786683659687
IMPLOG,leaf,ForkJoinPool-104-worker-4,6,36,4,8,1000,92500,500,33200,224,21200,1786683659687
IMPLOG,leaf,ForkJoinPool-104-worker-3,6,36,4,8,1100,108600,600,39100,258,24300,1786683659687
IMPLOG,leaf,ForkJoinPool-104-worker-6,6,36,4,8,1000,109400,600,39000,262,24600,1786683659687
IMPLOG,leaf,ForkJoinPool-104-worker-2,6,36,4,8,6000,146700,600,75300,262,25000,1786683659687
IMPLOG,leaf,ForkJoinPool-104-worker-4,6,36,4,8,3000,90100,500,31600,216,19800,1786683659687
IMPLOG,leaf,ForkJoinPool-104-worker-5,6,36,4,8,900,108100,600,38800,257,24900,1786683659687
IMPLOG,leaf,ForkJoinPool-104-worker-6,6,36,4,8,6200,90600,500,32200,219,21500,1786683659687
IMPLOG,leaf,ForkJoinPool-104-worker-1,6,36,4,8,6800,110500,600,40100,266,24800,1786683659687
IMPLOG,leaf,ForkJoinPool-104-worker-3,6,36,4,8,4900,108600,600,40500,254,22700,1786683659687
IMPLOG,leaf,ForkJoinPool-104-worker-2,6,36,4,8,900,111300,600,40300,248,25400,1786683659687
IMPLOG,leaf,ForkJoinPool-104-worker-4,6,36,4,8,800,92100,500,33300,224,21200,1786683659687
IMPLOG,leaf,ForkJoinPool-104-worker-5,6,36,4,8,2300,89000,500,32600,205,18600,1786683659687
IMPLOG,leaf,ForkJoinPool-104-worker-6,6,36,4,8,800,91400,500,34000,213,20100,1786683659687
IMPLOG,leaf,ForkJoinPool-104-worker-1,6,36,4,8,800,91300,500,33600,214,20200,1786683659687
IMPLOG,leaf,ForkJoinPool-104-worker-3,6,36,4,8,800,88900,500,32500,213,18800,1786683659687
IMPLOG,leaf,ForkJoinPool-104-worker-2,6,36,4,8,2800,88800,500,32600,187,18000,1786683659687
IMPLOG,leaf,ForkJoinPool-104-worker-4,6,36,4,8,2900,89900,500,32300,215,19700,1786683659687
IMPLOG,leaf,ForkJoinPool-104-worker-5,6,36,4,8,2300,89600,500,33300,213,20100,1786683659687
IMPLOG,leaf,ForkJoinPool-104-worker-1,6,36,4,8,2200,91500,500,34700,222,20200,1786683659687
IMPLOG,leaf,ForkJoinPool-104-worker-6,6,36,4,8,2300,94000,500,35500,208,20000,1786683659687
IMPLOG,leaf,ForkJoinPool-104-worker-3,6,36,4,8,2300,90300,500,33300,215,20000,1786683659687
IMPLOG,leaf,ForkJoinPool-104-worker-2,6,36,4,8,800,88600,500,34200,182,17600,1786683659687
IMPLOG,leaf,ForkJoinPool-104-worker-5,6,36,4,8,800,70500,500,26100,205,16200,1786683659687
IMPLOG,leaf,ForkJoinPool-104-worker-4,6,36,4,8,800,91100,500,33200,219,20900,1786683659687
IMPLOG,leaf,ForkJoinPool-104-worker-1,6,36,4,8,2100,93100,500,33400,223,21900,1786683659688
IMPLOG,leaf,ForkJoinPool-104-worker-6,6,36,4,8,2200,111000,600,41500,251,24900,1786683659688
IMPLOG,leaf,ForkJoinPool-104-worker-2,6,36,4,8,2200,90800,500,36600,191,19300,1786683659688
IMPLOG,leaf,ForkJoinPool-104-worker-5,6,36,4,8,1700,86400,500,31900,225,21500,1786683659688
IMPLOG,leaf,ForkJoinPool-104-worker-4,6,36,4,8,2200,78100,500,26800,222,19100,1786683659688
IMPLOG,leaf,ForkJoinPool-104-worker-3,6,36,4,8,900,85200,500,30900,211,19900,1786683659688
IMPLOG,leaf,ForkJoinPool-104-worker-1,6,36,4,8,800,91500,500,34100,205,19200,1786683659688
IMPLOG,leaf,ForkJoinPool-104-worker-2,6,36,4,8,800,79100,500,28000,217,17800,1786683659688
IMPLOG,leaf,ForkJoinPool-104-worker-4,6,36,4,8,700,70400,500,26400,218,17600,1786683659688
IMPLOG,leaf,ForkJoinPool-104-worker-3,6,36,4,8,1800,69400,500,22300,210,17000,1786683659688
IMPLOG,scan,main,6,36,4,8,749700,1786683659687
IMPLOG,leaf,ForkJoinPool-104-worker-5,6,36,4,9,3400,106800,600,38400,229,21400,1786683659688
IMPLOG,leaf,ForkJoinPool-104-worker-6,6,36,4,9,1000,93700,500,33800,224,22500,1786683659688
IMPLOG,leaf,ForkJoinPool-104-worker-4,6,36,4,9,1000,111500,600,41000,265,24800,1786683659688
IMPLOG,leaf,ForkJoinPool-104-worker-1,6,36,4,9,3500,110600,600,41000,258,23300,1786683659688
IMPLOG,leaf,ForkJoinPool-104-worker-2,6,36,4,9,2400,110700,600,40400,261,25500,1786683659688
IMPLOG,leaf,ForkJoinPool-104-worker-3,6,36,4,9,1200,107300,600,40400,248,22600,1786683659688
IMPLOG,leaf,ForkJoinPool-104-worker-6,6,36,4,9,3400,90200,500,33500,212,20200,1786683659688
IMPLOG,leaf,ForkJoinPool-104-worker-5,6,36,4,9,900,108800,600,40300,255,24100,1786683659688
IMPLOG,leaf,ForkJoinPool-104-worker-3,6,36,4,9,900,92000,500,33300,218,21800,1786683659688
IMPLOG,leaf,ForkJoinPool-104-worker-4,6,36,4,9,4000,112000,600,42200,266,25800,1786683659688
IMPLOG,leaf,ForkJoinPool-104-worker-1,6,36,4,9,800,107900,600,41400,252,24600,1786683659688
IMPLOG,leaf,ForkJoinPool-104-worker-2,6,36,4,9,2900,108800,600,41600,239,24200,1786683659688
IMPLOG,leaf,ForkJoinPool-104-worker-6,6,36,4,9,800,93000,500,34300,224,21400,1786683659688
IMPLOG,leaf,ForkJoinPool-104-worker-5,6,36,4,9,2700,90300,500,33900,203,19600,1786683659688
IMPLOG,leaf,ForkJoinPool-104-worker-3,6,36,4,9,2300,92500,500,33500,219,20900,1786683659688
IMPLOG,leaf,ForkJoinPool-104-worker-1,6,36,4,9,800,90200,500,33800,213,19800,1786683659688
IMPLOG,leaf,ForkJoinPool-104-worker-4,6,36,4,9,800,92100,500,34300,211,19900,1786683659688
IMPLOG,leaf,ForkJoinPool-104-worker-2,6,36,4,9,800,86500,500,34300,168,15700,1786683659688
IMPLOG,leaf,ForkJoinPool-104-worker-5,6,36,4,9,800,89400,500,33400,213,19800,1786683659688
IMPLOG,leaf,ForkJoinPool-104-worker-6,6,36,4,9,2400,91500,500,33700,211,20800,1786683659688
IMPLOG,leaf,ForkJoinPool-104-worker-3,6,36,4,9,800,90200,500,33500,208,19100,1786683659688
IMPLOG,leaf,ForkJoinPool-104-worker-2,6,36,4,9,2500,85800,500,33400,157,16500,1786683659688
IMPLOG,leaf,ForkJoinPool-104-worker-4,6,36,4,9,2400,91200,500,34300,222,21300,1786683659688
IMPLOG,leaf,ForkJoinPool-104-worker-1,6,36,4,9,12400,92500,500,33600,210,20900,1786683659688
IMPLOG,leaf,ForkJoinPool-104-worker-2,6,36,4,9,800,66300,500,24700,163,13500,1786683659688
IMPLOG,leaf,ForkJoinPool-104-worker-5,6,36,4,9,2400,88600,500,33000,201,19900,1786683659688
IMPLOG,leaf,ForkJoinPool-104-worker-6,6,36,4,9,800,89200,500,31700,219,19500,1786683659688
IMPLOG,leaf,ForkJoinPool-104-worker-4,6,36,4,9,800,88300,500,34200,198,18100,1786683659688
IMPLOG,leaf,ForkJoinPool-104-worker-3,6,36,4,9,18300,93000,500,34700,219,20700,1786683659688
IMPLOG,leaf,ForkJoinPool-104-worker-2,6,36,4,9,1700,88200,500,33000,217,20600,1786683659688
IMPLOG,leaf,ForkJoinPool-104-worker-6,6,36,4,9,1100,90400,500,33200,218,19500,1786683659688
IMPLOG,leaf,ForkJoinPool-104-worker-1,6,36,4,9,900,86300,500,32300,209,19800,1786683659688
IMPLOG,leaf,ForkJoinPool-104-worker-4,6,36,4,9,900,91500,500,35100,204,21300,1786683659688
IMPLOG,leaf,ForkJoinPool-104-worker-5,6,36,4,9,9500,108500,600,39500,258,24600,1786683659688
IMPLOG,leaf,ForkJoinPool-104-worker-3,6,36,4,9,800,90300,500,34600,205,19500,1786683659688
IMPLOG,leaf,ForkJoinPool-104-worker-6,6,36,4,9,800,75900,500,28700,219,18800,1786683659688
IMPLOG,scan,main,6,36,4,9,702900,1786683659688
IMPLOG,leaf,ForkJoinPool-104-worker-1,6,36,4,10,2300,73900,600,25400,248,18500,1786683659689
IMPLOG,leaf,ForkJoinPool-104-worker-5,6,36,4,10,2400,103300,600,38300,230,21100,1786683659689
IMPLOG,leaf,ForkJoinPool-104-worker-3,6,36,4,10,900,78400,600,26300,262,20400,1786683659689
IMPLOG,leaf,ForkJoinPool-104-worker-2,6,36,4,10,1000,108800,600,38500,258,24400,1786683659689
IMPLOG,leaf,ForkJoinPool-104-worker-6,6,36,4,10,13200,109500,600,41500,265,25500,1786683659689
IMPLOG,leaf,ForkJoinPool-104-worker-4,6,36,4,10,1000,107200,600,38100,258,24300,1786683659689
IMPLOG,leaf,ForkJoinPool-104-worker-1,6,36,4,10,500,63100,500,21900,218,16200,1786683659689
IMPLOG,leaf,ForkJoinPool-104-worker-3,6,36,4,10,2300,74100,600,27400,238,18500,1786683659689
IMPLOG,leaf,ForkJoinPool-104-worker-5,6,36,4,10,3200,107800,600,39000,254,24800,1786683659689
IMPLOG,leaf,ForkJoinPool-104-worker-2,6,36,4,10,800,90800,500,32800,219,20800,1786683659689
IMPLOG,leaf,ForkJoinPool-104-worker-1,6,36,4,10,400,63500,500,23300,219,16800,1786683659689
IMPLOG,leaf,ForkJoinPool-104-worker-3,6,36,4,10,500,58800,500,21100,168,12400,1786683659689
IMPLOG,leaf,ForkJoinPool-104-worker-4,6,36,4,10,900,107900,600,40300,251,22200,1786683659689
IMPLOG,leaf,ForkJoinPool-104-worker-6,6,36,4,10,2100,110800,600,39400,268,25800,1786683659689
IMPLOG,leaf,ForkJoinPool-104-worker-1,6,36,4,10,1400,62600,500,22900,208,14300,1786683659689
IMPLOG,leaf,ForkJoinPool-104-worker-3,6,36,4,10,1600,57900,500,20900,157,13000,1786683659689
IMPLOG,leaf,ForkJoinPool-104-worker-5,6,36,4,10,800,87500,500,33700,202,18300,1786683659689
IMPLOG,leaf,ForkJoinPool-104-worker-2,6,36,4,10,700,88900,500,33200,209,19100,1786683659689
IMPLOG,leaf,ForkJoinPool-104-worker-4,6,36,4,10,2000,88800,500,33000,213,19300,1786683659689
IMPLOG,leaf,ForkJoinPool-104-worker-6,6,36,4,10,800,90000,500,34200,211,19400,1786683659689
IMPLOG,leaf,ForkJoinPool-104-worker-1,6,36,4,10,500,62800,500,21900,222,15900,1786683659689
IMPLOG,leaf,ForkJoinPool-104-worker-3,6,36,4,10,500,57700,500,22800,164,12500,1786683659689
IMPLOG,leaf,ForkJoinPool-104-worker-5,6,36,4,10,2300,89800,500,33100,213,19800,1786683659689
IMPLOG,leaf,ForkJoinPool-104-worker-2,6,36,4,10,1900,88800,500,33500,206,19700,1786683659689
IMPLOG,leaf,ForkJoinPool-104-worker-1,6,36,4,10,1700,60800,500,21600,198,14800,1786683659689
IMPLOG,leaf,ForkJoinPool-104-worker-3,6,36,4,10,500,61500,500,20600,218,15700,1786683659689
IMPLOG,leaf,ForkJoinPool-104-worker-4,6,36,4,10,800,90400,500,32700,209,19300,1786683659689
IMPLOG,leaf,ForkJoinPool-104-worker-6,6,36,4,10,2600,91300,500,34300,219,21100,1786683659689
IMPLOG,leaf,ForkJoinPool-104-worker-1,6,36,4,10,500,61100,500,22400,218,15600,1786683659689
IMPLOG,leaf,ForkJoinPool-104-worker-3,6,36,4,10,1600,61100,500,24100,204,16100,1786683659689
IMPLOG,leaf,ForkJoinPool-104-worker-5,6,36,4,10,800,89300,500,34500,201,19200,1786683659689
IMPLOG,leaf,ForkJoinPool-104-worker-4,6,36,4,10,2300,68900,500,21700,220,16900,1786683659689
IMPLOG,leaf,ForkJoinPool-104-worker-2,6,36,4,10,2100,91700,500,34300,220,20200,1786683659689
IMPLOG,leaf,ForkJoinPool-104-worker-1,6,36,4,10,2400,64600,500,23300,210,15500,1786683659689
IMPLOG,leaf,ForkJoinPool-104-worker-5,6,36,4,10,2300,73300,500,26500,224,18000,1786683659689
IMPLOG,leaf,ForkJoinPool-104-worker-3,6,36,4,10,900,66700,500,25100,212,16400,1786683659689
IMPLOG,scan,main,6,36,4,10,609200,1786683659689
IMPLOG,leaf,ForkJoinPool-104-worker-5,6,36,4,11,2500,103600,600,37800,230,20900,1786683659689
IMPLOG,leaf,ForkJoinPool-104-worker-3,6,36,4,11,2200,93200,500,33200,220,20400,1786683659689
IMPLOG,leaf,ForkJoinPool-104-worker-4,6,36,4,11,2300,109500,600,40900,266,24800,1786683659689
IMPLOG,leaf,ForkJoinPool-104-worker-2,6,36,4,11,1000,108600,600,40400,264,25200,1786683659689
IMPLOG,leaf,ForkJoinPool-104-worker-6,6,36,4,11,1000,106600,600,40200,256,23200,1786683659689
IMPLOG,leaf,ForkJoinPool-104-worker-1,6,36,4,11,7300,108700,600,40300,249,23500,1786683659689
IMPLOG,leaf,ForkJoinPool-104-worker-3,6,36,4,11,900,88700,500,34900,205,20200,1786683659689
IMPLOG,leaf,ForkJoinPool-104-worker-5,6,36,4,11,900,107000,600,38100,254,24500,1786683659689
IMPLOG,leaf,ForkJoinPool-104-worker-1,6,36,4,11,900,92000,500,33800,218,20500,1786683659689
IMPLOG,leaf,ForkJoinPool-104-worker-4,6,36,4,11,800,110000,600,39000,268,25400,1786683659689
IMPLOG,leaf,ForkJoinPool-104-worker-2,6,36,4,11,2200,107400,600,40900,235,22600,1786683659689
IMPLOG,leaf,ForkJoinPool-104-worker-6,6,36,4,11,2500,105600,600,39300,251,22000,1786683659689
IMPLOG,leaf,ForkJoinPool-104-worker-5,6,36,4,11,2800,87700,500,32800,202,18400,1786683659689
IMPLOG,leaf,ForkJoinPool-104-worker-3,6,36,4,11,2000,108200,600,41300,259,23800,1786683659689
IMPLOG,leaf,ForkJoinPool-104-worker-1,6,36,4,11,2600,91300,500,34100,222,21700,1786683659689
IMPLOG,leaf,ForkJoinPool-104-worker-2,6,36,4,11,700,86000,500,33200,168,16900,1786683659689
IMPLOG,leaf,ForkJoinPool-104-worker-4,6,36,4,11,2100,89400,500,32500,211,20400,1786683659689
IMPLOG,leaf,ForkJoinPool-104-worker-6,6,36,4,11,2300,89200,500,33400,214,19500,1786683659689
IMPLOG,leaf,ForkJoinPool-104-worker-5,6,36,4,11,800,89800,500,33100,212,19800,1786683659689
IMPLOG,leaf,ForkJoinPool-104-worker-2,6,36,4,11,800,85400,500,34900,154,15800,1786683659689
IMPLOG,leaf,ForkJoinPool-104-worker-3,6,36,4,11,1900,92600,500,33500,217,21700,1786683659689
IMPLOG,leaf,ForkJoinPool-104-worker-1,6,36,4,11,800,91300,500,32300,219,22000,1786683659689
IMPLOG,leaf,ForkJoinPool-104-worker-4,6,36,4,11,800,88900,500,33900,201,19700,1786683659689
IMPLOG,leaf,ForkJoinPool-104-worker-6,6,36,4,11,900,90700,500,32900,209,19900,1786683659689
IMPLOG,leaf,ForkJoinPool-104-worker-5,6,36,4,11,2200,89800,500,34300,206,19700,1786683659690
IMPLOG,leaf,ForkJoinPool-104-worker-2,6,36,4,11,2200,86400,500,34600,164,17800,1786683659690
IMPLOG,leaf,ForkJoinPool-104-worker-3,6,36,4,11,800,91300,500,33500,209,18900,1786683659690
IMPLOG,leaf,ForkJoinPool-104-worker-1,6,36,4,11,2000,91400,500,34400,218,19700,1786683659690
IMPLOG,leaf,ForkJoinPool-104-worker-4,6,36,4,11,2200,90000,500,32600,220,21400,1786683659690
IMPLOG,leaf,ForkJoinPool-104-worker-6,6,36,4,11,2500,91800,500,33000,222,21200,1786683659690
IMPLOG,leaf,ForkJoinPool-104-worker-5,6,36,4,11,2100,69400,500,25300,220,17000,1786683659690
IMPLOG,leaf,ForkJoinPool-104-worker-2,6,36,4,11,800,65700,500,21800,204,15600,1786683659690
IMPLOG,leaf,ForkJoinPool-104-worker-3,6,36,4,11,2300,89400,500,33900,209,19100,1786683659690
IMPLOG,leaf,ForkJoinPool-104-worker-6,6,36,4,11,900,89600,500,33200,226,21500,1786683659690
IMPLOG,leaf,ForkJoinPool-104-worker-5,6,36,4,11,500,70200,500,24800,212,16100,1786683659690
IMPLOG,leaf,ForkJoinPool-104-worker-1,6,36,4,11,6200,72500,500,25700,210,16800,1786683659690
IMPLOG,scan,main,6,36,4,11,701700,1786683659689
IMPLOG,leaf,ForkJoinPool-104-worker-5,6,36,4,12,2200,103100,600,37600,230,20500,1786683659690
IMPLOG,leaf,ForkJoinPool-104-worker-4,6,36,4,12,1200,89000,500,33900,201,18200,1786683659690
IMPLOG,leaf,ForkJoinPool-104-worker-6,6,36,4,12,1600,110200,600,40000,266,23800,1786683659690
IMPLOG,leaf,ForkJoinPool-104-worker-2,6,36,4,12,7200,90700,500,34200,220,20600,1786683659690
IMPLOG,leaf,ForkJoinPool-104-worker-3,6,36,4,12,1000,108800,600,39300,265,24000,1786683659690
IMPLOG,leaf,ForkJoinPool-104-worker-1,6,36,4,12,6000,107900,600,40200,256,23200,1786683659690
IMPLOG,leaf,ForkJoinPool-104-worker-4,6,36,4,12,900,89900,500,33600,220,20600,1786683659690
IMPLOG,leaf,ForkJoinPool-104-worker-5,6,36,4,12,800,106900,600,39300,254,24100,1786683659690
IMPLOG,leaf,ForkJoinPool-104-worker-2,6,36,4,12,700,89100,500,34200,212,19300,1786683659690
IMPLOG,leaf,ForkJoinPool-104-worker-1,6,36,4,12,800,106900,600,39500,251,22600,1786683659690
IMPLOG,leaf,ForkJoinPool-104-worker-6,6,36,4,12,6300,110500,600,40400,266,24800,1786683659690
IMPLOG,leaf,ForkJoinPool-104-worker-3,6,36,4,12,5200,107700,600,41400,236,23400,1786683659690
IMPLOG,leaf,ForkJoinPool-104-worker-5,6,36,4,12,800,87000,500,31900,202,17800,1786683659690
IMPLOG,leaf,ForkJoinPool-104-worker-4,6,36,4,12,4700,89500,500,32600,218,19400,1786683659690
IMPLOG,leaf,ForkJoinPool-104-worker-2,6,36,4,12,6800,91400,500,35100,222,21100,1786683659690
IMPLOG,leaf,ForkJoinPool-104-worker-3,6,36,4,12,900,86700,500,34700,168,16300,1786683659690
IMPLOG,leaf,ForkJoinPool-104-worker-6,6,36,4,12,900,89900,500,34200,211,20400,1786683659690
IMPLOG,leaf,ForkJoinPool-104-worker-1,6,36,4,12,5000,90800,500,32600,214,20500,1786683659690
IMPLOG,leaf,ForkJoinPool-104-worker-5,6,36,4,12,800,88400,500,32300,212,19000,1786683659690
IMPLOG,leaf,ForkJoinPool-104-worker-4,6,36,4,12,800,90200,500,33300,204,19200,1786683659690
IMPLOG,leaf,ForkJoinPool-104-worker-2,6,36,4,12,4500,89800,500,34000,209,18200,1786683659690
IMPLOG,leaf,ForkJoinPool-104-worker-1,6,36,4,12,800,90000,500,33200,210,18200,1786683659690
IMPLOG,leaf,ForkJoinPool-104-worker-6,6,36,4,12,5000,90500,500,32600,222,20600,1786683659690
IMPLOG,leaf,ForkJoinPool-104-worker-3,6,36,4,12,14200,85900,500,34400,154,14700,1786683659690
IMPLOG,leaf,ForkJoinPool-104-worker-5,6,36,4,12,8400,71100,500,27300,206,18000,1786683659690
IMPLOG,leaf,ForkJoinPool-104-worker-4,6,36,4,12,2800,88700,500,35200,165,17500,1786683659690
IMPLOG,leaf,ForkJoinPool-104-worker-6,6,36,4,12,800,65700,500,23600,216,15600,1786683659690
IMPLOG,leaf,ForkJoinPool-104-worker-2,6,36,4,12,800,90000,500,34000,218,20600,1786683659690
IMPLOG,leaf,ForkJoinPool-104-worker-5,6,36,4,12,1600,100000,600,35600,259,22500,1786683659690
IMPLOG,leaf,ForkJoinPool-104-worker-4,6,36,4,12,800,90600,500,33600,209,20100,1786683659690
IMPLOG,leaf,ForkJoinPool-104-worker-6,6,36,4,12,1900,90800,500,33700,221,20600,1786683659690
IMPLOG,leaf,ForkJoinPool-104-worker-2,6,36,4,12,2300,88500,500,32700,217,20100,1786683659690
IMPLOG,leaf,ForkJoinPool-104-worker-1,6,36,4,12,2400,91700,500,34500,219,21800,1786683659690
IMPLOG,leaf,ForkJoinPool-104-worker-3,6,36,4,12,6100,108700,600,41600,249,23800,1786683659690
IMPLOG,leaf,ForkJoinPool-104-worker-5,6,36,4,12,800,76700,500,27200,209,18100,1786683659690
IMPLOG,leaf,ForkJoinPool-104-worker-6,6,36,4,12,900,81300,500,28000,205,21400,1786683659690
IMPLOG,scan,main,6,36,4,12,720900,1786683659690
IMPLOG,leaf,ForkJoinPool-104-worker-5,6,36,4,13,1000,103300,600,39900,226,20900,1786683659691
IMPLOG,leaf,ForkJoinPool-104-worker-6,6,36,4,13,1000,110000,600,39200,267,24700,1786683659691
IMPLOG,leaf,ForkJoinPool-104-worker-3,6,36,4,13,4300,107100,600,39700,256,24000,1786683659691
IMPLOG,leaf,ForkJoinPool-104-worker-4,6,36,4,13,900,110700,600,40800,265,25400,1786683659691
IMPLOG,leaf,ForkJoinPool-104-worker-2,6,36,4,13,2500,93400,500,35400,220,20200,1786683659691
IMPLOG,leaf,ForkJoinPool-104-worker-1,6,36,4,13,9700,108600,600,39200,259,23900,1786683659691
IMPLOG,leaf,ForkJoinPool-104-worker-5,6,36,4,13,5700,106000,600,38200,253,23800,1786683659691
IMPLOG,leaf,ForkJoinPool-104-worker-3,6,36,4,13,800,106100,600,38800,249,23100,1786683659691
IMPLOG,leaf,ForkJoinPool-104-worker-2,6,36,4,13,5600,91800,500,33900,211,19800,1786683659691
IMPLOG,leaf,ForkJoinPool-104-worker-6,6,36,4,13,11500,110000,600,40100,267,25400,1786683659691
IMPLOG,leaf,ForkJoinPool-104-worker-4,6,36,4,13,800,107200,600,39700,233,22200,1786683659691
IMPLOG,leaf,ForkJoinPool-104-worker-1,6,36,4,13,800,90100,500,32000,217,21000,1786683659691
IMPLOG,leaf,ForkJoinPool-104-worker-5,6,36,4,13,800,87700,500,32500,200,18900,1786683659691
IMPLOG,leaf,ForkJoinPool-104-worker-3,6,36,4,13,5700,88600,500,32200,214,20000,1786683659691
IMPLOG,leaf,ForkJoinPool-104-worker-2,6,36,4,13,800,92700,500,33900,222,21300,1786683659691
IMPLOG,leaf,ForkJoinPool-104-worker-6,6,36,4,13,700,90200,500,33400,210,19600,1786683659691
IMPLOG,leaf,ForkJoinPool-104-worker-4,6,36,4,13,9900,86700,500,35200,163,16000,1786683659691
IMPLOG,leaf,ForkJoinPool-104-worker-1,6,36,4,13,2200,88100,500,32500,209,20400,1786683659691
IMPLOG,leaf,ForkJoinPool-104-worker-5,6,36,4,13,2400,88400,500,32200,212,19900,1786683659691
IMPLOG,leaf,ForkJoinPool-104-worker-3,6,36,4,13,800,88600,500,33700,209,18200,1786683659691
IMPLOG,leaf,ForkJoinPool-104-worker-4,6,36,4,13,5200,83600,500,32000,148,15100,1786683659691
IMPLOG,leaf,ForkJoinPool-104-worker-1,6,36,4,13,800,88600,500,32700,207,19900,1786683659691
IMPLOG,leaf,ForkJoinPool-104-worker-2,6,36,4,13,13500,88900,500,34300,207,18800,1786683659691
IMPLOG,leaf,ForkJoinPool-104-worker-6,6,36,4,13,9100,90900,500,34100,222,20100,1786683659691
IMPLOG,leaf,ForkJoinPool-104-worker-5,6,36,4,13,800,88600,500,32100,203,19900,1786683659691
IMPLOG,leaf,ForkJoinPool-104-worker-3,6,36,4,13,4700,89400,500,33600,218,18400,1786683659691
IMPLOG,leaf,ForkJoinPool-104-worker-4,6,36,4,13,700,86300,500,35700,162,16300,1786683659691
IMPLOG,leaf,ForkJoinPool-104-worker-6,6,36,4,13,5400,90100,500,33900,216,20100,1786683659691
IMPLOG,leaf,ForkJoinPool-104-worker-2,6,36,4,13,4500,93100,500,33500,220,21400,1786683659691
IMPLOG,leaf,ForkJoinPool-104-worker-1,6,36,4,13,2200,106700,600,39700,248,23400,1786683659691
IMPLOG,leaf,ForkJoinPool-104-worker-5,6,36,4,13,800,93300,500,33400,219,20700,1786683659691
IMPLOG,leaf,ForkJoinPool-104-worker-3,6,36,4,13,900,89700,500,34200,200,19700,1786683659691
IMPLOG,leaf,ForkJoinPool-104-worker-4,6,36,4,13,2300,91700,500,34900,218,21000,1786683659691
IMPLOG,leaf,ForkJoinPool-104-worker-6,6,36,4,13,900,86600,500,31100,205,20300,1786683659691
IMPLOG,leaf,ForkJoinPool-104-worker-3,6,36,4,13,800,91000,500,34200,220,20500,1786683659691
IMPLOG,leaf,ForkJoinPool-104-worker-4,6,36,4,13,900,90500,500,33500,202,19500,1786683659691
IMPLOG,scan,main,6,36,4,13,750600,1786683659691
IMPLOG,leaf,ForkJoinPool-104-worker-5,6,36,4,14,6900,106400,600,39000,226,22400,1786683659691
IMPLOG,leaf,ForkJoinPool-104-worker-6,6,36,4,14,2800,111400,600,39900,267,26500,1786683659691
IMPLOG,leaf,ForkJoinPool-104-worker-2,6,36,4,14,1000,93700,500,33300,222,23300,1786683659691
IMPLOG,leaf,ForkJoinPool-104-worker-4,6,36,4,14,900,109600,600,41600,256,24600,1786683659691
IMPLOG,leaf,ForkJoinPool-104-worker-3,6,36,4,14,2600,107400,600,38700,256,23800,1786683659691
IMPLOG,leaf,ForkJoinPool-104-worker-1,6,36,4,14,3400,109700,600,40000,248,25000,1786683659691
IMPLOG,leaf,ForkJoinPool-104-worker-5,6,36,4,14,900,109600,600,41400,253,24700,1786683659691
IMPLOG,leaf,ForkJoinPool-104-worker-6,6,36,4,14,800,109900,600,39900,265,25300,1786683659691
IMPLOG,leaf,ForkJoinPool-104-worker-2,6,36,4,14,2700,91600,500,32800,217,22100,1786683659691
IMPLOG,leaf,ForkJoinPool-104-worker-1,6,36,4,14,800,92500,500,31900,219,21200,1786683659692
IMPLOG,leaf,ForkJoinPool-104-worker-3,6,36,4,14,800,106900,600,40400,249,23800,1786683659691
IMPLOG,leaf,ForkJoinPool-104-worker-4,6,36,4,14,2400,107400,600,41100,229,21800,1786683659691
IMPLOG,leaf,ForkJoinPool-104-worker-5,6,36,4,14,2600,90500,500,31900,200,19400,1786683659692
IMPLOG,leaf,ForkJoinPool-104-worker-6,6,36,4,14,2300,89600,500,31000,210,20400,1786683659692
IMPLOG,leaf,ForkJoinPool-104-worker-2,6,36,4,14,800,91300,500,34500,219,21500,1786683659692
IMPLOG,leaf,ForkJoinPool-104-worker-4,6,36,4,14,600,84500,500,34900,163,16000,1786683659692
IMPLOG,leaf,ForkJoinPool-104-worker-1,6,36,4,14,5700,92100,500,32600,215,21900,1786683659692
IMPLOG,leaf,ForkJoinPool-104-worker-3,6,36,4,14,6200,89200,500,32700,214,20600,1786683659692
IMPLOG,leaf,ForkJoinPool-104-worker-5,6,36,4,14,5100,89700,500,33100,212,19900,1786683659692
IMPLOG,leaf,ForkJoinPool-104-worker-6,6,36,4,14,4900,91300,500,34200,205,19700,1786683659692
IMPLOG,leaf,ForkJoinPool-104-worker-2,6,36,4,14,5000,87200,500,32900,208,19300,1786683659692
IMPLOG,leaf,ForkJoinPool-104-worker-4,6,36,4,14,5900,84500,500,34100,148,14600,1786683659692
IMPLOG,leaf,ForkJoinPool-104-worker-3,6,36,4,14,800,90000,500,34200,209,20700,1786683659692
IMPLOG,leaf,ForkJoinPool-104-worker-1,6,36,4,14,800,117000,500,60500,206,20600,1786683659692
IMPLOG,leaf,ForkJoinPool-104-worker-5,6,36,4,14,800,88600,500,32300,203,19500,1786683659692
IMPLOG,leaf,ForkJoinPool-104-worker-6,6,36,4,14,800,89700,500,31700,213,19700,1786683659692
IMPLOG,leaf,ForkJoinPool-104-worker-4,6,36,4,14,700,84800,500,33100,156,15100,1786683659692
IMPLOG,leaf,ForkJoinPool-104-worker-2,6,36,4,14,2200,102600,500,30100,210,34900,1786683659692
IMPLOG,leaf,ForkJoinPool-104-worker-1,6,36,4,14,7000,79100,500,26500,220,17300,1786683659692
IMPLOG,leaf,ForkJoinPool-104-worker-3,6,36,4,14,800,123700,500,64000,218,22500,1786683659692
IMPLOG,leaf,ForkJoinPool-104-worker-6,6,36,4,14,2500,87600,500,33600,200,19700,1786683659692
IMPLOG,leaf,ForkJoinPool-104-worker-2,6,36,4,14,1100,77200,500,27200,208,16300,1786683659692
IMPLOG,leaf,ForkJoinPool-104-worker-5,6,36,4,14,6700,144600,600,39600,259,28500,1786683659692
IMPLOG,leaf,ForkJoinPool-104-worker-2,6,36,4,14,3500,68100,500,23300,209,16900,1786683659692
IMPLOG,leaf,ForkJoinPool-104-worker-1,6,36,4,14,900,88800,500,33500,207,20500,1786683659692
IMPLOG,leaf,ForkJoinPool-104-worker-3,6,36,4,14,2900,91900,500,33000,217,21400,1786683659692
IMPLOG,scan,main,6,36,4,14,739400,1786683659691
IMPLOG,leaf,ForkJoinPool-104-worker-4,6,36,4,15,600,61200,500,20300,210,15600,1786683659692
IMPLOG,leaf,ForkJoinPool-104-worker-5,6,36,4,15,5100,103300,600,37600,227,21200,1786683659692
IMPLOG,leaf,ForkJoinPool-104-worker-6,6,36,4,15,1000,90600,500,32700,218,20000,1786683659692
IMPLOG,leaf,ForkJoinPool-104-worker-2,6,36,4,15,1100,110300,600,38000,267,25900,1786683659692
IMPLOG,leaf,ForkJoinPool-104-worker-1,6,36,4,15,1100,109300,600,40100,256,25400,1786683659692
IMPLOG,leaf,ForkJoinPool-104-worker-3,6,36,4,15,1000,110600,600,39200,256,29800,1786683659692
IMPLOG,leaf,ForkJoinPool-104-worker-4,6,36,4,15,1600,61300,500,20800,208,14200,1786683659692
IMPLOG,leaf,ForkJoinPool-104-worker-6,6,36,4,15,7400,87700,500,32000,208,19900,1786683659692
IMPLOG,leaf,ForkJoinPool-104-worker-4,6,36,4,15,500,61200,500,19700,206,15400,1786683659692
IMPLOG,leaf,ForkJoinPool-104-worker-5,6,36,4,15,800,106400,600,39100,252,24300,1786683659692
IMPLOG,leaf,ForkJoinPool-104-worker-2,6,36,4,15,800,108100,600,39400,263,23800,1786683659692
IMPLOG,leaf,ForkJoinPool-104-worker-3,6,36,4,15,6100,112800,600,36800,251,31000,1786683659692
IMPLOG,leaf,ForkJoinPool-104-worker-1,6,36,4,15,15300,107400,600,41500,229,22400,1786683659692
IMPLOG,leaf,ForkJoinPool-104-worker-4,6,36,4,15,3700,62000,500,19600,220,16300,1786683659692
IMPLOG,leaf,ForkJoinPool-104-worker-6,6,36,4,15,800,89000,500,33100,207,19600,1786683659692
IMPLOG,leaf,ForkJoinPool-104-worker-5,6,36,4,15,11200,87900,500,31500,201,18200,1786683659692
IMPLOG,leaf,ForkJoinPool-104-worker-2,6,36,4,15,4700,90000,500,33600,210,20500,1786683659692
IMPLOG,leaf,ForkJoinPool-104-worker-1,6,36,4,15,800,84800,500,33700,163,16100,1786683659692
IMPLOG,leaf,ForkJoinPool-104-worker-4,6,36,4,15,500,60600,500,20100,213,16400,1786683659692
IMPLOG,leaf,ForkJoinPool-104-worker-3,6,36,4,15,700,96900,500,31900,214,26000,1786683659692
IMPLOG,leaf,ForkJoinPool-104-worker-6,6,36,4,15,800,88700,500,31500,221,20000,1786683659692
IMPLOG,leaf,ForkJoinPool-104-worker-5,6,36,4,15,800,89400,500,32600,212,19100,1786683659692
IMPLOG,leaf,ForkJoinPool-104-worker-4,6,36,4,15,4700,63500,500,20300,200,16300,1786683659692
IMPLOG,leaf,ForkJoinPool-104-worker-2,6,36,4,15,800,90600,500,34000,222,21300,1786683659692
IMPLOG,leaf,ForkJoinPool-104-worker-1,6,36,4,15,6100,85100,500,33100,148,15300,1786683659692
IMPLOG,leaf,ForkJoinPool-104-worker-6,6,36,4,15,4800,68600,500,25700,157,13600,1786683659692
IMPLOG,leaf,ForkJoinPool-104-worker-5,6,36,4,15,5600,88300,500,32500,203,19200,1786683659692
IMPLOG,leaf,ForkJoinPool-104-worker-4,6,36,4,15,4200,89400,500,32700,209,19600,1786683659693
IMPLOG,leaf,ForkJoinPool-104-worker-2,6,36,4,15,4800,89500,500,33200,216,20400,1786683659693
IMPLOG,leaf,ForkJoinPool-104-worker-3,6,36,4,15,9300,107300,600,39400,259,23500,1786683659692
IMPLOG,leaf,ForkJoinPool-104-worker-6,6,36,4,15,500,61000,500,19500,217,15700,1786683659693
IMPLOG,leaf,ForkJoinPool-104-worker-4,6,36,4,15,800,71600,500,26000,207,16400,1786683659693
IMPLOG,leaf,ForkJoinPool-104-worker-1,6,36,4,15,2500,111500,600,34400,248,29300,1786683659693
IMPLOG,leaf,ForkJoinPool-104-worker-5,6,36,4,15,800,91800,500,33200,215,20400,1786683659693
IMPLOG,leaf,ForkJoinPool-104-worker-2,6,36,4,15,700,90100,500,34600,205,19800,1786683659693
IMPLOG,leaf,ForkJoinPool-104-worker-6,6,36,4,15,3000,69600,500,23800,220,17100,1786683659693
IMPLOG,scan,main,6,36,4,15,657000,1786683659692
IMPLOG,leaf,ForkJoinPool-104-worker-3,6,36,4,16,5800,61900,500,20600,211,15900,1786683659693
IMPLOG,leaf,ForkJoinPool-104-worker-5,6,36,4,16,800,102200,600,38600,227,21000,1786683659693
IMPLOG,leaf,ForkJoinPool-104-worker-6,6,36,4,16,1000,100200,600,32300,256,24800,1786683659693
IMPLOG,leaf,ForkJoinPool-104-worker-2,6,36,4,16,900,108600,600,39600,267,24600,1786683659693
IMPLOG,leaf,ForkJoinPool-104-worker-1,6,36,4,16,900,107100,600,39400,256,23700,1786683659693
IMPLOG,leaf,ForkJoinPool-104-worker-4,6,36,4,16,12100,106600,600,37100,258,23500,1786683659693
IMPLOG,leaf,ForkJoinPool-104-worker-3,6,36,4,16,500,60400,500,19600,207,16000,1786683659693
IMPLOG,leaf,ForkJoinPool-104-worker-5,6,36,4,16,4800,107200,600,39300,252,23100,1786683659693
IMPLOG,leaf,ForkJoinPool-104-worker-3,6,36,4,16,4600,60000,500,20100,201,14100,1786683659693
IMPLOG,leaf,ForkJoinPool-104-worker-6,6,36,4,16,10900,96300,600,33600,229,21200,1786683659693
IMPLOG,leaf,ForkJoinPool-104-worker-4,6,36,4,16,1000,90200,500,33000,218,20900,1786683659693
IMPLOG,leaf,ForkJoinPool-104-worker-2,6,36,4,16,2400,109000,600,40000,268,25300,1786683659693
IMPLOG,leaf,ForkJoinPool-104-worker-1,6,36,4,16,6300,108400,600,38400,251,24400,1786683659693
IMPLOG,leaf,ForkJoinPool-104-worker-3,6,36,4,16,500,62100,500,22000,213,15900,1786683659693
IMPLOG,leaf,ForkJoinPool-104-worker-6,6,36,4,16,600,77600,500,25900,163,15300,1786683659693
IMPLOG,leaf,ForkJoinPool-104-worker-5,6,36,4,16,5000,89800,500,33200,206,20400,1786683659693
IMPLOG,leaf,ForkJoinPool-104-worker-4,6,36,4,16,2300,89400,500,32300,209,19600,1786683659693
IMPLOG,leaf,ForkJoinPool-104-worker-2,6,36,4,16,800,89900,500,33000,210,18400,1786683659693
IMPLOG,leaf,ForkJoinPool-104-worker-1,6,36,4,16,800,91500,500,33300,214,20300,1786683659693
IMPLOG,leaf,ForkJoinPool-104-worker-3,6,36,4,16,3700,60600,500,20900,199,15300,1786683659693
IMPLOG,leaf,ForkJoinPool-104-worker-6,6,36,4,16,600,74600,500,27600,148,13200,1786683659693
IMPLOG,leaf,ForkJoinPool-104-worker-5,6,36,4,16,700,90200,500,32500,219,20800,1786683659693
IMPLOG,leaf,ForkJoinPool-104-worker-3,6,36,4,16,400,55900,500,21400,158,12700,1786683659693
IMPLOG,leaf,ForkJoinPool-104-worker-4,6,36,4,16,800,88900,500,34100,205,19600,1786683659693
IMPLOG,leaf,ForkJoinPool-104-worker-2,6,36,4,16,9000,90900,500,34300,223,21000,1786683659693
IMPLOG,leaf,ForkJoinPool-104-worker-1,6,36,4,16,2200,90400,500,32500,207,18500,1786683659693
IMPLOG,leaf,ForkJoinPool-104-worker-3,6,36,4,16,500,60500,500,22000,208,14800,1786683659693
IMPLOG,leaf,ForkJoinPool-104-worker-6,6,36,4,16,2600,83600,500,28300,218,21600,1786683659693
IMPLOG,leaf,ForkJoinPool-104-worker-5,6,36,4,16,5400,92000,500,34900,210,20600,1786683659693
IMPLOG,leaf,ForkJoinPool-104-worker-4,6,36,4,16,800,89800,500,34200,208,18800,1786683659693
IMPLOG,leaf,ForkJoinPool-104-worker-2,6,36,4,16,800,93100,500,34700,216,20300,1786683659693
IMPLOG,leaf,ForkJoinPool-104-worker-1,6,36,4,16,6300,91800,500,32400,220,20200,1786683659693
IMPLOG,leaf,ForkJoinPool-104-worker-3,6,36,4,16,1600,74700,600,26100,247,18200,1786683659693
IMPLOG,leaf,ForkJoinPool-104-worker-6,6,36,4,16,800,87200,500,30000,217,21700,1786683659693
IMPLOG,leaf,ForkJoinPool-104-worker-5,6,36,4,16,800,69900,500,25200,205,17300,1786683659693
IMPLOG,leaf,ForkJoinPool-104-worker-4,6,36,4,16,4400,69000,500,23500,220,18300,1786683659693
IMPLOG,scan,main,6,36,4,16,614900,1786683659693
IMPLOG,leaf,ForkJoinPool-104-worker-6,6,36,4,17,3900,72200,600,24800,246,17800,1786683659693
IMPLOG,leaf,ForkJoinPool-104-worker-4,6,36,4,17,900,102300,600,38900,227,21500,1786683659693
IMPLOG,leaf,ForkJoinPool-104-worker-1,6,36,4,17,1000,91100,500,32900,218,20600,1786683659693
IMPLOG,leaf,ForkJoinPool-104-worker-2,6,36,4,17,900,98800,600,29000,256,23600,1786683659693
IMPLOG,leaf,ForkJoinPool-104-worker-5,6,36,4,17,900,111800,600,40200,269,26100,1786683659693
IMPLOG,leaf,ForkJoinPool-104-worker-3,6,36,4,17,900,108500,600,39300,256,25300,1786683659693
IMPLOG,leaf,ForkJoinPool-104-worker-6,6,36,4,17,500,61200,500,21000,220,16000,1786683659693
IMPLOG,leaf,ForkJoinPool-104-worker-1,6,36,4,17,5300,89300,500,32200,209,19700,1786683659693
IMPLOG,leaf,ForkJoinPool-104-worker-4,6,36,4,17,4500,105400,600,38100,253,24100,1786683659693
IMPLOG,leaf,ForkJoinPool-104-worker-2,6,36,4,17,2000,98900,600,31300,253,24600,1786683659693
IMPLOG,leaf,ForkJoinPool-104-worker-6,6,36,4,17,400,62700,500,20500,217,16000,1786683659694
IMPLOG,leaf,ForkJoinPool-104-worker-3,6,36,4,17,2600,106700,600,41100,229,22200,1786683659693
IMPLOG,leaf,ForkJoinPool-104-worker-5,6,36,4,17,2400,110700,600,39800,268,25000,1786683659693
IMPLOG,leaf,ForkJoinPool-104-worker-6,6,36,4,17,1400,61200,500,23300,203,15100,1786683659694
IMPLOG,leaf,ForkJoinPool-104-worker-4,6,36,4,17,2200,88200,500,33500,200,19500,1786683659694
IMPLOG,leaf,ForkJoinPool-104-worker-1,6,36,4,17,700,89800,500,33100,210,20000,1786683659694
IMPLOG,leaf,ForkJoinPool-104-worker-2,6,36,4,17,1000,87900,500,26500,214,19000,1786683659694
IMPLOG,leaf,ForkJoinPool-104-worker-3,6,36,4,17,800,83800,500,32200,162,15300,1786683659694
IMPLOG,leaf,ForkJoinPool-104-worker-5,6,36,4,17,700,90200,500,32400,209,20700,1786683659694
IMPLOG,leaf,ForkJoinPool-104-worker-6,6,36,4,17,400,64700,500,21900,223,16800,1786683659694
IMPLOG,leaf,ForkJoinPool-104-worker-4,6,36,4,17,800,89200,500,34000,211,20000,1786683659694
IMPLOG,leaf,ForkJoinPool-104-worker-1,6,36,4,17,2400,89900,500,33200,208,19900,1786683659694
IMPLOG,leaf,ForkJoinPool-104-worker-3,6,36,4,17,900,83600,500,34400,148,14500,1786683659694
IMPLOG,leaf,ForkJoinPool-104-worker-6,6,36,4,17,1700,66100,500,23100,206,17200,1786683659694
IMPLOG,leaf,ForkJoinPool-104-worker-5,6,36,4,17,2100,90700,500,33400,216,20300,1786683659694
IMPLOG,leaf,ForkJoinPool-104-worker-2,6,36,4,17,2200,118500,500,34300,207,32200,1786683659694
IMPLOG,leaf,ForkJoinPool-104-worker-6,6,36,4,17,500,62100,500,22200,216,16200,1786683659694
IMPLOG,leaf,ForkJoinPool-104-worker-4,6,36,4,17,2200,90300,500,33100,207,19500,1786683659694
IMPLOG,leaf,ForkJoinPool-104-worker-1,6,36,4,17,900,92200,500,34300,221,21300,1786683659694
IMPLOG,leaf,ForkJoinPool-104-worker-3,6,36,4,17,2300,87300,500,35200,158,15500,1786683659694
IMPLOG,leaf,ForkJoinPool-104-worker-5,6,36,4,17,800,91500,500,33700,213,19500,1786683659694
IMPLOG,leaf,ForkJoinPool-104-worker-1,6,36,4,17,900,62900,500,21800,208,15000,1786683659694
IMPLOG,leaf,ForkJoinPool-104-worker-4,6,36,4,17,800,84500,600,30400,258,20500,1786683659694
IMPLOG,leaf,ForkJoinPool-104-worker-6,6,36,4,17,1700,86200,500,31800,199,18800,1786683659694
IMPLOG,leaf,ForkJoinPool-104-worker-2,6,36,4,17,800,90800,500,32700,219,20200,1786683659694
IMPLOG,leaf,ForkJoinPool-104-worker-1,6,36,4,17,2200,65100,500,23400,205,15200,1786683659694
IMPLOG,scan,main,6,36,4,17,656900,1786683659693
IMPLOG,leaf,ForkJoinPool-104-worker-3,6,36,4,18,900,63600,500,22000,217,16700,1786683659694
IMPLOG,leaf,ForkJoinPool-104-worker-4,6,36,4,18,600,101100,600,36900,227,21200,1786683659694
IMPLOG,leaf,ForkJoinPool-104-worker-2,6,36,4,18,1000,109100,600,39800,256,25200,1786683659694
IMPLOG,leaf,ForkJoinPool-104-worker-5,6,36,4,18,900,110200,600,39900,256,23900,1786683659694
IMPLOG,leaf,ForkJoinPool-104-worker-6,6,36,4,18,2300,108500,600,40600,246,22900,1786683659694
IMPLOG,leaf,ForkJoinPool-104-worker-3,6,36,4,18,2600,60800,500,22100,203,15300,1786683659694
IMPLOG,leaf,ForkJoinPool-104-worker-1,6,36,4,18,1300,176200,600,49700,270,55700,1786683659694
IMPLOG,leaf,ForkJoinPool-104-worker-4,6,36,4,18,2200,106200,600,37900,253,23900,1786683659694
IMPLOG,leaf,ForkJoinPool-104-worker-3,6,36,4,18,400,60300,500,20900,218,16000,1786683659694
IMPLOG,leaf,ForkJoinPool-104-worker-6,6,36,4,18,800,91400,500,33400,220,21600,1786683659694
IMPLOG,leaf,ForkJoinPool-104-worker-2,6,36,4,18,5200,106800,600,39000,253,22500,1786683659694
IMPLOG,leaf,ForkJoinPool-104-worker-5,6,36,4,18,2200,106100,600,39300,229,23000,1786683659694
IMPLOG,leaf,ForkJoinPool-104-worker-3,6,36,4,18,4000,59600,500,21400,209,15000,1786683659694
IMPLOG,leaf,ForkJoinPool-104-worker-4,6,36,4,18,800,87600,500,31800,200,18500,1786683659694
IMPLOG,leaf,ForkJoinPool-104-worker-6,6,36,4,18,2300,90600,500,33300,223,20100,1786683659694
IMPLOG,leaf,ForkJoinPool-104-worker-5,6,36,4,18,800,84200,500,34700,162,16400,1786683659694
IMPLOG,leaf,ForkJoinPool-104-worker-2,6,36,4,18,800,89300,500,33700,214,19600,1786683659694
IMPLOG,leaf,ForkJoinPool-104-worker-1,6,36,4,18,3100,158200,600,46000,268,49700,1786683659694
IMPLOG,leaf,ForkJoinPool-104-worker-3,6,36,4,18,12000,60000,500,21200,210,15500,1786683659694
IMPLOG,leaf,ForkJoinPool-104-worker-4,6,36,4,18,2200,88100,500,32200,211,19800,1786683659694
IMPLOG,leaf,ForkJoinPool-104-worker-6,6,36,4,18,800,88900,500,29500,217,18300,1786683659694
IMPLOG,leaf,ForkJoinPool-104-worker-3,6,36,4,18,500,59500,500,20900,208,15100,1786683659694
IMPLOG,leaf,ForkJoinPool-104-worker-2,6,36,4,18,2100,90100,500,32700,209,19600,1786683659694
IMPLOG,leaf,ForkJoinPool-104-worker-5,6,36,4,18,13900,84000,500,32900,148,15300,1786683659694
IMPLOG,leaf,ForkJoinPool-104-worker-4,6,36,4,18,700,72900,500,26800,207,17800,1786683659694
IMPLOG,leaf,ForkJoinPool-104-worker-3,6,36,4,18,3500,73200,600,24700,258,19200,1786683659694
IMPLOG,leaf,ForkJoinPool-104-worker-1,6,36,4,18,900,131700,500,38800,209,38200,1786683659694
IMPLOG,leaf,ForkJoinPool-104-worker-6,6,36,4,18,2200,90100,500,33600,222,20200,1786683659694
IMPLOG,leaf,ForkJoinPool-104-worker-5,6,36,4,18,800,84900,500,33800,157,15400,1786683659694
IMPLOG,leaf,ForkJoinPool-104-worker-4,6,36,4,18,800,70400,500,25000,206,17000,1786683659694
IMPLOG,leaf,ForkJoinPool-104-worker-3,6,36,4,18,400,60700,500,21300,219,15800,1786683659695
IMPLOG,leaf,ForkJoinPool-104-worker-1,6,36,4,18,3200,60400,500,20500,208,14300,1786683659695
IMPLOG,leaf,ForkJoinPool-104-worker-6,6,36,4,18,7700,87000,500,31900,205,18000,1786683659695
IMPLOG,leaf,ForkJoinPool-104-worker-2,6,36,4,18,800,88700,500,33100,216,20100,1786683659695
IMPLOG,leaf,ForkJoinPool-104-worker-5,6,36,4,18,2000,90000,500,33900,213,21200,1786683659695
IMPLOG,leaf,ForkJoinPool-104-worker-4,6,36,4,18,13900,81600,500,30000,200,17400,1786683659695
IMPLOG,scan,main,6,36,4,18,686600,1786683659694
IMPLOG,leaf,ForkJoinPool-104-worker-4,6,36,4,19,1000,102900,600,38900,227,21000,1786683659695
IMPLOG,leaf,ForkJoinPool-104-worker-6,6,36,4,19,1000,89200,500,34000,208,20600,1786683659695
IMPLOG,leaf,ForkJoinPool-104-worker-1,6,36,4,19,2600,110200,600,40000,270,26600,1786683659695
IMPLOG,leaf,ForkJoinPool-104-worker-5,6,36,4,19,1300,108300,600,41300,258,25500,1786683659695
IMPLOG,leaf,ForkJoinPool-104-worker-2,6,36,4,19,1000,107800,600,38800,256,23900,1786683659695
IMPLOG,leaf,ForkJoinPool-104-worker-3,6,36,4,19,800,109100,600,39800,252,25200,1786683659695
IMPLOG,leaf,ForkJoinPool-104-worker-6,6,36,4,19,2700,89100,500,31000,205,18500,1786683659695
IMPLOG,leaf,ForkJoinPool-104-worker-4,6,36,4,19,2800,106100,600,38900,253,23600,1786683659695
IMPLOG,leaf,ForkJoinPool-104-worker-5,6,36,4,19,900,90000,500,32100,219,20800,1786683659695
IMPLOG,leaf,ForkJoinPool-104-worker-1,6,36,4,19,800,107700,600,38600,259,24700,1786683659695
IMPLOG,leaf,ForkJoinPool-104-worker-2,6,36,4,19,5300,103300,600,38100,219,19700,1786683659695
IMPLOG,leaf,ForkJoinPool-104-worker-3,6,36,4,19,5300,105600,600,40400,216,22000,1786683659695
IMPLOG,leaf,ForkJoinPool-104-worker-4,6,36,4,19,800,87700,500,31700,200,19000,1786683659695
IMPLOG,leaf,ForkJoinPool-104-worker-6,6,36,4,19,800,100100,600,41100,185,17900,1786683659695
IMPLOG,leaf,ForkJoinPool-104-worker-5,6,36,4,19,4500,89600,500,32300,211,19400,1786683659695
IMPLOG,leaf,ForkJoinPool-104-worker-2,6,36,4,19,800,82900,500,33100,154,13700,1786683659695
IMPLOG,leaf,ForkJoinPool-104-worker-1,6,36,4,19,2400,89700,500,33600,209,19300,1786683659695
IMPLOG,leaf,ForkJoinPool-104-worker-3,6,36,4,19,800,85800,500,34500,162,15900,1786683659695
IMPLOG,leaf,ForkJoinPool-104-worker-4,6,36,4,19,800,90200,500,32500,207,20600,1786683659695
IMPLOG,leaf,ForkJoinPool-104-worker-6,6,36,4,19,2300,88200,500,34400,177,17100,1786683659695
IMPLOG,leaf,ForkJoinPool-104-worker-5,6,36,4,19,800,89800,500,33900,193,18500,1786683659695
IMPLOG,leaf,ForkJoinPool-104-worker-2,6,36,4,19,2200,88500,500,34000,195,18400,1786683659695
IMPLOG,leaf,ForkJoinPool-104-worker-1,6,36,4,19,800,90300,500,32100,209,20300,1786683659695
IMPLOG,leaf,ForkJoinPool-104-worker-3,6,36,4,19,2200,84600,500,35000,133,14100,1786683659695
IMPLOG,leaf,ForkJoinPool-104-worker-4,6,36,4,19,2300,89300,500,32900,203,20400,1786683659695
IMPLOG,leaf,ForkJoinPool-104-worker-6,6,36,4,19,700,89300,500,34300,200,20100,1786683659695
IMPLOG,leaf,ForkJoinPool-104-worker-5,6,36,4,19,2400,89400,500,31500,210,19600,1786683659695
IMPLOG,leaf,ForkJoinPool-104-worker-3,6,36,4,19,800,85700,500,35000,170,17000,1786683659695
IMPLOG,leaf,ForkJoinPool-104-worker-2,6,36,4,19,800,92900,500,33700,222,21600,1786683659695
IMPLOG,leaf,ForkJoinPool-104-worker-1,6,36,4,19,900,91800,500,34600,206,20100,1786683659695
IMPLOG,leaf,ForkJoinPool-104-worker-3,6,36,4,19,1900,60800,500,21000,204,15400,1786683659695
IMPLOG,leaf,ForkJoinPool-104-worker-4,6,36,4,19,700,88100,500,32000,192,18800,1786683659695
IMPLOG,leaf,ForkJoinPool-104-worker-5,6,36,4,19,800,89400,500,33000,209,19900,1786683659695
IMPLOG,leaf,ForkJoinPool-104-worker-1,6,36,4,19,4800,84500,500,29200,216,20300,1786683659695
IMPLOG,leaf,ForkJoinPool-104-worker-2,6,36,4,19,700,90900,500,31700,208,20300,1786683659695
IMPLOG,leaf,ForkJoinPool-104-worker-3,6,36,4,19,500,70900,500,26300,194,16900,1786683659695
IMPLOG,scan,main,6,36,4,19,682100,1786683659695
IMPLOG,leaf,ForkJoinPool-104-worker-4,6,36,4,20,1000,104000,600,39500,227,21600,1786683659695
IMPLOG,leaf,ForkJoinPool-104-worker-1,6,36,4,20,900,109000,600,40300,270,25500,1786683659695
IMPLOG,leaf,ForkJoinPool-104-worker-3,6,36,4,20,900,106600,600,40000,252,23400,1786683659695
IMPLOG,leaf,ForkJoinPool-104-worker-6,6,36,4,20,7700,95900,500,32300,209,24900,1786683659695
IMPLOG,leaf,ForkJoinPool-104-worker-5,6,36,4,20,1100,107800,600,37300,258,24000,1786683659695
IMPLOG,leaf,ForkJoinPool-104-worker-2,6,36,4,20,13200,108000,600,40400,257,25400,1786683659695
IMPLOG,leaf,ForkJoinPool-104-worker-4,6,36,4,20,2300,106600,600,39900,253,24000,1786683659696
IMPLOG,leaf,ForkJoinPool-104-worker-6,6,36,4,20,2400,89800,500,32100,209,20700,1786683659696
IMPLOG,leaf,ForkJoinPool-104-worker-5,6,36,4,20,2000,90200,500,32500,219,20100,1786683659696
IMPLOG,leaf,ForkJoinPool-104-worker-1,6,36,4,20,2300,108100,600,39300,260,24800,1786683659696
IMPLOG,leaf,ForkJoinPool-104-worker-3,6,36,4,20,2300,105400,600,40600,216,21200,1786683659696
IMPLOG,leaf,ForkJoinPool-104-worker-2,6,36,4,20,800,104900,600,40000,220,21100,1786683659696
IMPLOG,leaf,ForkJoinPool-104-worker-4,6,36,4,20,700,89200,500,32900,200,18200,1786683659696
IMPLOG,leaf,ForkJoinPool-104-worker-6,6,36,4,20,800,88000,500,33400,191,19000,1786683659696
IMPLOG,leaf,ForkJoinPool-104-worker-3,6,36,4,20,800,86000,500,32600,162,15500,1786683659696
IMPLOG,leaf,ForkJoinPool-104-worker-5,6,36,4,20,800,88400,500,31200,208,19500,1786683659696
IMPLOG,leaf,ForkJoinPool-104-worker-1,6,36,4,20,2200,89600,500,32500,209,19600,1786683659696
IMPLOG,leaf,ForkJoinPool-104-worker-2,6,36,4,20,2800,84400,500,33100,156,14300,1786683659696
IMPLOG,leaf,ForkJoinPool-104-worker-4,6,36,4,20,2300,88900,500,32500,213,19700,1786683659696
IMPLOG,leaf,ForkJoinPool-104-worker-6,6,36,4,20,2900,88600,500,32600,208,18900,1786683659696
IMPLOG,leaf,ForkJoinPool-104-worker-3,6,36,4,20,2300,83600,500,35500,131,13400,1786683659696
IMPLOG,leaf,ForkJoinPool-104-worker-5,6,36,4,20,2500,89000,500,33700,211,18800,1786683659696
IMPLOG,leaf,ForkJoinPool-104-worker-1,6,36,4,20,800,90100,500,34000,210,21200,1786683659696
IMPLOG,leaf,ForkJoinPool-104-worker-2,6,36,4,20,800,88000,500,33500,195,18200,1786683659696
IMPLOG,leaf,ForkJoinPool-104-worker-3,6,36,4,20,800,65500,500,23800,170,14300,1786683659696
IMPLOG,leaf,ForkJoinPool-104-worker-4,6,36,4,20,800,89700,500,33100,202,20200,1786683659696
IMPLOG,leaf,ForkJoinPool-104-worker-6,6,36,4,20,800,90100,500,34400,222,21300,1786683659696
IMPLOG,leaf,ForkJoinPool-104-worker-1,6,36,4,20,2100,89000,500,32400,200,19500,1786683659696
IMPLOG,leaf,ForkJoinPool-104-worker-5,6,36,4,20,800,100000,600,39700,183,18500,1786683659696
IMPLOG,leaf,ForkJoinPool-104-worker-3,6,36,4,20,500,80500,500,28800,206,18000,1786683659696
IMPLOG,leaf,ForkJoinPool-104-worker-6,6,36,4,20,2300,67200,500,25000,179,14100,1786683659696
IMPLOG,leaf,ForkJoinPool-104-worker-4,6,36,4,20,2700,88200,500,33300,193,18300,1786683659696
IMPLOG,leaf,ForkJoinPool-104-worker-2,6,36,4,20,2300,89800,500,34500,203,19000,1786683659696
IMPLOG,leaf,ForkJoinPool-104-worker-1,6,36,4,20,800,85500,500,30600,203,19000,1786683659696
IMPLOG,leaf,ForkJoinPool-104-worker-3,6,36,4,20,800,78200,500,27800,215,17800,1786683659696
IMPLOG,leaf,ForkJoinPool-104-worker-6,6,36,4,20,700,68500,500,23800,194,17000,1786683659696
IMPLOG,scan,main,6,36,4,20,677800,1786683659695
IMPLOG,leaf,ForkJoinPool-104-worker-4,6,36,4,21,2500,103900,600,38800,231,21900,1786683659696
IMPLOG,leaf,ForkJoinPool-104-worker-1,6,36,4,21,1000,109500,600,37000,270,25300,1786683659696
IMPLOG,leaf,ForkJoinPool-104-worker-6,6,36,4,21,3000,89800,500,31500,216,21000,1786683659696
IMPLOG,leaf,ForkJoinPool-104-worker-5,6,36,4,21,2200,88700,500,30700,209,19900,1786683659696
IMPLOG,leaf,ForkJoinPool-104-worker-2,6,36,4,21,3100,107200,600,40700,257,24700,1786683659696
IMPLOG,leaf,ForkJoinPool-104-worker-3,6,36,4,21,11300,108500,600,37900,260,25900,1786683659696
IMPLOG,leaf,ForkJoinPool-104-worker-4,6,36,4,21,800,105100,600,37400,255,23000,1786683659696
IMPLOG,leaf,ForkJoinPool-104-worker-6,6,36,4,21,800,89300,500,33300,204,19900,1786683659696
IMPLOG,leaf,ForkJoinPool-104-worker-5,6,36,4,21,2800,89700,500,33300,214,21100,1786683659696
IMPLOG,leaf,ForkJoinPool-104-worker-1,6,36,4,21,2300,110700,600,39700,260,25400,1786683659696
IMPLOG,leaf,ForkJoinPool-104-worker-3,6,36,4,21,2800,89800,500,32400,217,20800,1786683659696
IMPLOG,leaf,ForkJoinPool-104-worker-2,6,36,4,21,900,103200,600,40200,220,20700,1786683659696
IMPLOG,leaf,ForkJoinPool-104-worker-4,6,36,4,21,2200,88000,500,33400,203,19900,1786683659696
IMPLOG,leaf,ForkJoinPool-104-worker-6,6,36,4,21,800,89300,500,31800,209,19700,1786683659696
IMPLOG,leaf,ForkJoinPool-104-worker-5,6,36,4,21,800,88700,500,33300,197,19100,1786683659696
IMPLOG,leaf,ForkJoinPool-104-worker-1,6,36,4,21,800,90400,500,32100,210,20900,1786683659696
IMPLOG,leaf,ForkJoinPool-104-worker-2,6,36,4,21,2200,84000,500,33900,156,15000,1786683659696
IMPLOG,leaf,ForkJoinPool-104-worker-3,6,36,4,21,800,90000,500,31300,222,20800,1786683659696
IMPLOG,leaf,ForkJoinPool-104-worker-4,6,36,4,21,800,88000,500,35200,190,17800,1786683659696
IMPLOG,leaf,ForkJoinPool-104-worker-6,6,36,4,21,2300,82200,500,31500,210,18300,1786683659696
IMPLOG,leaf,ForkJoinPool-104-worker-1,6,36,4,21,800,90500,500,31300,209,19700,1786683659696
IMPLOG,leaf,ForkJoinPool-104-worker-2,6,36,4,21,800,88200,500,32500,209,19200,1786683659696
IMPLOG,leaf,ForkJoinPool-104-worker-5,6,36,4,21,900,82500,500,29300,209,18700,1786683659696
IMPLOG,leaf,ForkJoinPool-104-worker-3,6,36,4,21,900,102200,600,37100,251,23800,1786683659696
IMPLOG,leaf,ForkJoinPool-104-worker-4,6,36,4,21,700,87600,500,31700,203,19300,1786683659696
IMPLOG,leaf,ForkJoinPool-104-worker-5,6,36,4,21,9500,62400,500,20800,216,16400,1786683659697
IMPLOG,leaf,ForkJoinPool-104-worker-1,6,36,4,21,9000,88200,500,32700,206,19300,1786683659696
IMPLOG,leaf,ForkJoinPool-104-worker-3,6,36,4,21,1600,71300,600,24600,221,15900,1786683659697
IMPLOG,leaf,ForkJoinPool-104-worker-5,6,36,4,21,1600,68900,600,25000,198,15100,1786683659697
IMPLOG,leaf,ForkJoinPool-104-worker-3,6,36,4,21,400,57700,500,21000,168,11700,1786683659697
IMPLOG,leaf,ForkJoinPool-104-worker-4,6,36,4,21,18500,90900,500,34300,197,20300,1786683659697
IMPLOG,leaf,ForkJoinPool-104-worker-1,6,36,4,21,2300,83700,500,33400,137,14200,1786683659697
IMPLOG,leaf,ForkJoinPool-104-worker-3,6,36,4,21,1600,65200,500,23200,197,15700,1786683659697
IMPLOG,leaf,ForkJoinPool-104-worker-5,6,36,4,21,1500,82300,500,30600,184,17300,1786683659697
IMPLOG,leaf,ForkJoinPool-104-worker-1,6,36,4,21,2100,68900,500,24800,176,14700,1786683659697
IMPLOG,leaf,ForkJoinPool-104-worker-6,6,36,4,21,1000,85500,500,30900,207,18900,1786683659697
IMPLOG,scan,main,6,36,4,21,741100,1786683659696
IMPLOG,leaf,ForkJoinPool-104-worker-4,6,36,4,22,1000,105300,600,39700,231,22100,1786683659697
IMPLOG,leaf,ForkJoinPool-104-worker-6,6,36,4,22,1300,90000,500,33700,209,20400,1786683659697
IMPLOG,leaf,ForkJoinPool-104-worker-2,6,36,4,22,3600,91100,500,32100,217,22000,1786683659697
IMPLOG,leaf,ForkJoinPool-104-worker-5,6,36,4,22,1000,109200,600,39400,270,25700,1786683659697
IMPLOG,leaf,ForkJoinPool-104-worker-1,6,36,4,22,1200,106900,600,38000,257,24400,1786683659697
IMPLOG,leaf,ForkJoinPool-104-worker-3,6,36,4,22,2400,107100,600,39200,260,24100,1786683659697
IMPLOG,leaf,ForkJoinPool-104-worker-1,6,36,4,22,2900,72700,600,26100,220,16000,1786683659697
IMPLOG,leaf,ForkJoinPool-104-worker-4,6,36,4,22,2300,106200,600,38500,255,23400,1786683659697
IMPLOG,leaf,ForkJoinPool-104-worker-6,6,36,4,22,11600,90200,500,32700,214,20600,1786683659697
IMPLOG,leaf,ForkJoinPool-104-worker-2,6,36,4,22,900,107500,600,40500,251,24300,1786683659697
IMPLOG,leaf,ForkJoinPool-104-worker-5,6,36,4,22,2400,108100,600,39100,260,24800,1786683659697
IMPLOG,leaf,ForkJoinPool-104-worker-1,6,36,4,22,500,73000,500,27800,156,13800,1786683659697
IMPLOG,leaf,ForkJoinPool-104-worker-4,6,36,4,22,2300,89100,500,33100,203,19300,1786683659697
IMPLOG,leaf,ForkJoinPool-104-worker-6,6,36,4,22,2300,89600,500,32100,216,19900,1786683659697
IMPLOG,leaf,ForkJoinPool-104-worker-5,6,36,4,22,800,91400,500,32900,210,19900,1786683659697
IMPLOG,leaf,ForkJoinPool-104-worker-3,6,36,4,22,900,106800,600,39100,198,21000,1786683659697
IMPLOG,leaf,ForkJoinPool-104-worker-2,6,36,4,22,800,109200,600,41000,222,23300,1786683659697
IMPLOG,leaf,ForkJoinPool-104-worker-1,6,36,4,22,2300,89700,500,32400,197,19400,1786683659697
IMPLOG,leaf,ForkJoinPool-104-worker-4,6,36,4,22,800,91900,500,33500,209,19400,1786683659697
IMPLOG,leaf,ForkJoinPool-104-worker-6,6,36,4,22,800,89500,500,32600,204,18700,1786683659697
IMPLOG,leaf,ForkJoinPool-104-worker-5,6,36,4,22,900,89000,500,32400,209,19300,1786683659697
IMPLOG,leaf,ForkJoinPool-104-worker-3,6,36,4,22,2300,89200,500,32900,184,17700,1786683659697
IMPLOG,leaf,ForkJoinPool-104-worker-2,6,36,4,22,6900,86100,500,33500,168,16300,1786683659697
IMPLOG,leaf,ForkJoinPool-104-worker-1,6,36,4,22,2300,90300,500,33200,222,21100,1786683659697
IMPLOG,leaf,ForkJoinPool-104-worker-4,6,36,4,22,4900,91000,500,34200,206,22000,1786683659697
IMPLOG,leaf,ForkJoinPool-104-worker-6,6,36,4,22,800,92500,500,34300,209,20400,1786683659697
IMPLOG,leaf,ForkJoinPool-104-worker-5,6,36,4,22,2300,87600,500,32000,210,19600,1786683659697
IMPLOG,leaf,ForkJoinPool-104-worker-2,6,36,4,22,700,83700,500,35200,137,14400,1786683659697
IMPLOG,leaf,ForkJoinPool-104-worker-3,6,36,4,22,800,90800,500,33800,197,19700,1786683659697
IMPLOG,leaf,ForkJoinPool-104-worker-1,6,36,4,22,700,88600,500,35500,176,17700,1786683659697
IMPLOG,leaf,ForkJoinPool-104-worker-5,6,36,4,22,500,60000,500,22000,190,14400,1786683659697
IMPLOG,leaf,ForkJoinPool-104-worker-3,6,36,4,22,3900,70900,500,25600,209,17000,1786683659697
IMPLOG,leaf,ForkJoinPool-104-worker-6,6,36,4,22,4600,91800,500,33800,215,19500,1786683659697
IMPLOG,leaf,ForkJoinPool-104-worker-2,6,36,4,22,4300,88600,500,33600,207,20000,1786683659697
IMPLOG,leaf,ForkJoinPool-104-worker-5,6,36,4,22,1800,60500,500,21000,202,15600,1786683659697
IMPLOG,leaf,ForkJoinPool-104-worker-3,6,36,4,22,500,60200,500,20700,197,15500,1786683659697
IMPLOG,scan,main,6,36,4,22,737800,1786683659697
IMPLOG,leaf,ForkJoinPool-104-worker-6,6,36,4,23,900,62100,500,22400,188,14800,1786683659698
IMPLOG,leaf,ForkJoinPool-104-worker-3,6,36,4,23,1400,62400,500,20100,213,16500,1786683659698
IMPLOG,leaf,ForkJoinPool-104-worker-4,6,36,4,23,5500,89700,600,29900,211,17600,1786683659698
IMPLOG,leaf,ForkJoinPool-104-worker-1,6,36,4,23,4400,103100,600,42500,179,19100,1786683659698
IMPLOG,leaf,ForkJoinPool-104-worker-2,6,36,4,23,2100,112600,600,41400,255,24800,1786683659698
IMPLOG,leaf,ForkJoinPool-104-worker-6,6,36,4,23,3700,61700,500,20800,215,15900,1786683659698
IMPLOG,leaf,ForkJoinPool-104-worker-3,6,36,4,23,3600,59700,500,20800,195,14900,1786683659698
IMPLOG,leaf,ForkJoinPool-104-worker-4,6,36,4,23,1100,101200,600,39000,231,20900,1786683659698
IMPLOG,leaf,ForkJoinPool-104-worker-1,6,36,4,23,900,86900,500,35100,171,15600,1786683659698
IMPLOG,leaf,ForkJoinPool-104-worker-5,6,36,4,23,4500,204200,600,39100,270,25800,1786683659698
IMPLOG,leaf,ForkJoinPool-104-worker-2,6,36,4,23,800,104900,600,41800,201,20900,1786683659698
IMPLOG,leaf,ForkJoinPool-104-worker-3,6,36,4,23,800,87300,500,33700,178,17300,1786683659698
IMPLOG,leaf,ForkJoinPool-104-worker-6,6,36,4,23,1000,86800,500,36200,151,16100,1786683659698
IMPLOG,leaf,ForkJoinPool-104-worker-4,6,36,4,23,5700,86600,500,32500,186,17200,1786683659698
IMPLOG,leaf,ForkJoinPool-104-worker-1,6,36,4,23,5400,89400,500,34300,201,18100,1786683659698
IMPLOG,leaf,ForkJoinPool-104-worker-6,6,36,4,23,500,61400,500,22800,176,14600,1786683659698
IMPLOG,leaf,ForkJoinPool-104-worker-5,6,36,4,23,900,109500,600,39500,252,24200,1786683659698
IMPLOG,leaf,ForkJoinPool-104-worker-2,6,36,4,23,800,85900,500,35300,168,15800,1786683659698
IMPLOG,leaf,ForkJoinPool-104-worker-4,6,36,4,23,800,89100,500,33400,199,18900,1786683659698
IMPLOG,leaf,ForkJoinPool-104-worker-6,6,36,4,23,9500,63400,500,21200,221,17600,1786683659698
IMPLOG,leaf,ForkJoinPool-104-worker-1,6,36,4,23,5100,74100,600,22000,257,19700,1786683659698
IMPLOG,leaf,ForkJoinPool-104-worker-3,6,36,4,23,5300,89900,500,33200,207,20000,1786683659698
IMPLOG,leaf,ForkJoinPool-104-worker-5,6,36,4,23,4800,91900,500,34400,207,19800,1786683659698
IMPLOG,leaf,ForkJoinPool-104-worker-2,6,36,4,23,10900,89100,500,31300,200,19300,1786683659698
IMPLOG,leaf,ForkJoinPool-104-worker-1,6,36,4,23,500,75700,600,25500,236,18700,1786683659698
IMPLOG,leaf,ForkJoinPool-104-worker-3,6,36,4,23,800,88600,500,33900,192,18500,1786683659698
IMPLOG,leaf,ForkJoinPool-104-worker-2,6,36,4,23,2300,89200,500,32800,207,19000,1786683659698
IMPLOG,leaf,ForkJoinPool-104-worker-1,6,36,4,23,2000,60700,500,20200,210,16200,1786683659698
IMPLOG,leaf,ForkJoinPool-104-worker-3,6,36,4,23,800,91200,500,32900,222,21100,1786683659698
IMPLOG,leaf,ForkJoinPool-104-worker-1,6,36,4,23,500,59200,500,21300,190,14700,1786683659698
IMPLOG,leaf,ForkJoinPool-104-worker-2,6,36,4,23,800,90300,500,34400,205,19500,1786683659698
IMPLOG,leaf,ForkJoinPool-104-worker-1,6,36,4,23,2700,61300,500,19800,201,14100,1786683659698
IMPLOG,leaf,ForkJoinPool-104-worker-2,6,36,4,23,2100,89100,500,31000,207,18900,1786683659698
IMPLOG,leaf,ForkJoinPool-104-worker-3,6,36,4,23,7200,107200,600,40000,241,23800,1786683659698
IMPLOG,leaf,ForkJoinPool-104-worker-4,6,36,4,23,6200,333000,500,73000,202,226500,1786683659698
IMPLOG,leaf,ForkJoinPool-104-worker-1,6,36,4,23,500,62200,500,20800,194,14400,1786683659698
IMPLOG,scan,main,6,36,4,23,812200,1786683659698
IMPLOG,leaf,ForkJoinPool-104-worker-4,6,36,4,24,2400,101200,600,38500,211,20300,1786683659698
IMPLOG,leaf,ForkJoinPool-104-worker-1,6,36,4,24,1000,89000,500,34800,188,18200,1786683659698
IMPLOG,leaf,ForkJoinPool-104-worker-6,6,36,4,24,900,90000,500,33200,215,21200,1786683659698
IMPLOG,leaf,ForkJoinPool-104-worker-5,6,36,4,24,900,95600,500,33600,213,20800,1786683659698
IMPLOG,leaf,ForkJoinPool-104-worker-3,6,36,4,24,1100,109400,600,39500,269,26900,1786683659698
IMPLOG,leaf,ForkJoinPool-104-worker-2,6,36,4,24,2500,108700,600,38700,257,24800,1786683659698
IMPLOG,leaf,ForkJoinPool-104-worker-6,6,36,4,24,2400,59500,500,23000,152,11900,1786683659699
IMPLOG,leaf,ForkJoinPool-104-worker-4,6,36,4,24,800,105800,600,39700,231,20800,1786683659698
IMPLOG,leaf,ForkJoinPool-104-worker-1,6,36,4,24,12500,89900,500,34400,195,18900,1786683659698
IMPLOG,leaf,ForkJoinPool-104-worker-3,6,36,4,24,2600,108800,600,40300,252,24600,1786683659699
IMPLOG,leaf,ForkJoinPool-104-worker-2,6,36,4,24,900,103900,600,40300,201,19700,1786683659699
IMPLOG,leaf,ForkJoinPool-104-worker-6,6,36,4,24,400,70400,500,27500,176,15400,1786683659699
IMPLOG,leaf,ForkJoinPool-104-worker-4,6,36,4,24,2200,87600,500,32800,186,17900,1786683659699
IMPLOG,leaf,ForkJoinPool-104-worker-1,6,36,4,24,1000,76600,600,27300,257,19100,1786683659699
IMPLOG,leaf,ForkJoinPool-104-worker-5,6,36,4,24,2500,86700,500,33900,168,15800,1786683659699
IMPLOG,leaf,ForkJoinPool-104-worker-3,6,36,4,24,800,90900,500,34600,207,22100,1786683659699
IMPLOG,leaf,ForkJoinPool-104-worker-6,6,36,4,24,2100,105900,600,40400,242,22200,1786683659699
IMPLOG,leaf,ForkJoinPool-104-worker-4,6,36,4,24,700,88200,500,33200,199,18700,1786683659699
IMPLOG,leaf,ForkJoinPool-104-worker-5,6,36,4,24,2300,87900,500,32800,200,18700,1786683659699
IMPLOG,leaf,ForkJoinPool-104-worker-1,6,36,4,24,1700,102100,600,37000,236,21400,1786683659699
IMPLOG,leaf,ForkJoinPool-104-worker-3,6,36,4,24,5800,92300,500,32200,222,21900,1786683659699
IMPLOG,leaf,ForkJoinPool-104-worker-2,6,36,4,24,4900,103000,600,42100,179,16700,1786683659699
IMPLOG,leaf,ForkJoinPool-104-worker-6,6,36,4,24,5900,88300,500,33200,201,19400,1786683659699
IMPLOG,leaf,ForkJoinPool-104-worker-4,6,36,4,24,2200,88300,500,31500,202,20000,1786683659699
IMPLOG,leaf,ForkJoinPool-104-worker-5,6,36,4,24,800,89600,500,33800,207,19300,1786683659699
IMPLOG,leaf,ForkJoinPool-104-worker-1,6,36,4,24,800,89200,500,31600,210,18700,1786683659699
IMPLOG,leaf,ForkJoinPool-104-worker-3,6,36,4,24,2000,90900,500,34100,207,19800,1786683659699
IMPLOG,leaf,ForkJoinPool-104-worker-2,6,36,4,24,800,88100,500,34300,171,16600,1786683659699
IMPLOG,leaf,ForkJoinPool-104-worker-6,6,36,4,24,800,88100,500,32400,206,18300,1786683659699
IMPLOG,leaf,ForkJoinPool-104-worker-4,6,36,4,24,800,91100,500,33800,205,20200,1786683659699
IMPLOG,leaf,ForkJoinPool-104-worker-5,6,36,4,24,800,88000,500,33700,195,17800,1786683659699
IMPLOG,leaf,ForkJoinPool-104-worker-1,6,36,4,24,2200,88200,500,33200,192,18600,1786683659699
IMPLOG,leaf,ForkJoinPool-104-worker-3,6,36,4,24,800,84100,500,32900,178,15600,1786683659699
IMPLOG,leaf,ForkJoinPool-104-worker-2,6,36,4,24,2000,85500,500,33300,201,19600,1786683659699
IMPLOG,leaf,ForkJoinPool-104-worker-6,6,36,4,24,2200,81800,500,29100,220,19200,1786683659699
IMPLOG,leaf,ForkJoinPool-104-worker-4,6,36,4,24,19500,70900,500,24300,190,15800,1786683659699
IMPLOG,scan,main,6,36,4,24,707700,1786683659698
IMPLOG,leaf,ForkJoinPool-104-worker-4,6,36,4,25,3300,103900,600,39700,211,21100,1786683659699
IMPLOG,leaf,ForkJoinPool-104-worker-6,6,36,4,25,900,88200,500,34100,189,17700,1786683659699
IMPLOG,leaf,ForkJoinPool-104-worker-3,6,36,4,25,3400,87800,500,34900,153,16000,1786683659699
IMPLOG,leaf,ForkJoinPool-104-worker-2,6,36,4,25,2800,92500,500,34400,213,20000,1786683659699
IMPLOG,leaf,ForkJoinPool-104-worker-1,6,36,4,25,2800,111400,600,39600,269,25400,1786683659699
IMPLOG,leaf,ForkJoinPool-104-worker-5,6,36,4,25,10500,109100,600,40900,257,24700,1786683659699
IMPLOG,leaf,ForkJoinPool-104-worker-6,6,36,4,25,900,91200,500,34200,215,20200,1786683659699
IMPLOG,leaf,ForkJoinPool-104-worker-3,6,36,4,25,900,88600,500,35100,176,18200,1786683659699
IMPLOG,leaf,ForkJoinPool-104-worker-2,6,36,4,25,800,90600,500,35500,195,19300,1786683659699
IMPLOG,leaf,ForkJoinPool-104-worker-4,6,36,4,25,800,105600,600,39800,231,22600,1786683659699
IMPLOG,leaf,ForkJoinPool-104-worker-1,6,36,4,25,800,109100,600,40600,252,25000,1786683659699
IMPLOG,leaf,ForkJoinPool-104-worker-5,6,36,4,25,2300,99600,600,39500,203,20100,1786683659699
IMPLOG,leaf,ForkJoinPool-104-worker-3,6,36,4,25,2100,88400,500,33700,168,16400,1786683659699
IMPLOG,leaf,ForkJoinPool-104-worker-6,6,36,4,25,900,66500,500,23100,222,17100,1786683659699
IMPLOG,leaf,ForkJoinPool-104-worker-4,6,36,4,25,2300,87200,500,31900,186,18200,1786683659699
IMPLOG,leaf,ForkJoinPool-104-worker-2,6,36,4,25,2400,101400,600,40200,179,18500,1786683659699
IMPLOG,leaf,ForkJoinPool-104-worker-1,6,36,4,25,2200,90400,500,33700,207,21100,1786683659699
IMPLOG,leaf,ForkJoinPool-104-worker-6,6,36,4,25,2200,90000,500,34000,207,20400,1786683659699
IMPLOG,leaf,ForkJoinPool-104-worker-4,6,36,4,25,2000,89000,500,32700,199,19000,1786683659699
IMPLOG,leaf,ForkJoinPool-104-worker-2,6,36,4,25,900,87100,500,35400,171,17400,1786683659699
IMPLOG,leaf,ForkJoinPool-104-worker-3,6,36,4,25,2400,110000,600,38400,257,25600,1786683659699
IMPLOG,leaf,ForkJoinPool-104-worker-1,6,36,4,25,800,88100,500,34200,178,17800,1786683659699
IMPLOG,leaf,ForkJoinPool-104-worker-5,6,36,4,25,900,112300,600,40800,242,23500,1786683659699
IMPLOG,leaf,ForkJoinPool-104-worker-4,6,36,4,25,800,74400,500,26500,202,17600,1786683659700
IMPLOG,leaf,ForkJoinPool-104-worker-6,6,36,4,25,2000,90300,500,33800,201,20600,1786683659699
IMPLOG,leaf,ForkJoinPool-104-worker-3,6,36,4,25,800,74100,600,25900,236,18400,1786683659700
IMPLOG,leaf,ForkJoinPool-104-worker-5,6,36,4,25,800,89000,500,32800,201,19700,1786683659700
IMPLOG,leaf,ForkJoinPool-104-worker-4,6,36,4,25,1700,77700,500,28800,206,17400,1786683659700
IMPLOG,leaf,ForkJoinPool-104-worker-6,6,36,4,25,800,88700,500,32700,200,19100,1786683659700
IMPLOG,leaf,ForkJoinPool-104-worker-3,6,36,4,25,2300,90000,500,32900,210,20000,1786683659700
IMPLOG,leaf,ForkJoinPool-104-worker-2,6,36,4,25,2300,90000,500,34200,205,19900,1786683659700
IMPLOG,leaf,ForkJoinPool-104-worker-1,6,36,4,25,2300,88000,500,34900,195,18900,1786683659700
IMPLOG,leaf,ForkJoinPool-104-worker-5,6,36,4,25,2100,90900,500,34500,207,20500,1786683659700
IMPLOG,leaf,ForkJoinPool-104-worker-4,6,36,4,25,800,75900,500,26500,190,15900,1786683659700
IMPLOG,leaf,ForkJoinPool-104-worker-3,6,36,4,25,900,74000,500,25900,222,19000,1786683659700
IMPLOG,leaf,ForkJoinPool-104-worker-6,6,36,4,25,2000,77900,500,26800,194,16800,1786683659700
IMPLOG,scan,main,6,36,4,25,691800,1786683659699
IMPLOG,leaf,ForkJoinPool-104-worker-4,6,36,4,26,1000,103800,600,39600,211,20800,1786683659700
IMPLOG,leaf,ForkJoinPool-104-worker-5,6,36,4,26,900,109600,600,39200,269,26100,1786683659700
IMPLOG,leaf,ForkJoinPool-104-worker-3,6,36,4,26,2400,109900,600,39900,257,25400,1786683659700
IMPLOG,leaf,ForkJoinPool-104-worker-6,6,36,4,26,2300,108600,600,40900,257,24100,1786683659700
IMPLOG,leaf,ForkJoinPool-104-worker-2,6,36,4,26,4200,101800,600,41200,179,18400,1786683659700
IMPLOG,leaf,ForkJoinPool-104-worker-1,6,36,4,26,3400,108900,600,38800,242,23300,1786683659700
IMPLOG,leaf,ForkJoinPool-104-worker-4,6,36,4,26,2300,107300,600,41200,231,21800,1786683659700
IMPLOG,leaf,ForkJoinPool-104-worker-2,6,36,4,26,800,87500,500,35800,171,17600,1786683659700
IMPLOG,leaf,ForkJoinPool-104-worker-1,6,36,4,26,800,88500,500,32100,201,18000,1786683659700
IMPLOG,leaf,ForkJoinPool-104-worker-5,6,36,4,26,2200,108100,600,39500,253,24700,1786683659700
IMPLOG,leaf,ForkJoinPool-104-worker-3,6,36,4,26,800,105900,600,40700,203,21300,1786683659700
IMPLOG,leaf,ForkJoinPool-104-worker-6,6,36,4,26,800,106700,600,40100,236,21900,1786683659700
IMPLOG,leaf,ForkJoinPool-104-worker-4,6,36,4,26,800,88400,500,33700,186,18700,1786683659700
IMPLOG,leaf,ForkJoinPool-104-worker-2,6,36,4,26,5400,88000,500,34400,179,18400,1786683659700
IMPLOG,leaf,ForkJoinPool-104-worker-1,6,36,4,26,2200,89400,500,33500,206,20000,1786683659700
IMPLOG,leaf,ForkJoinPool-104-worker-3,6,36,4,26,800,87400,500,33200,168,16700,1786683659700
IMPLOG,leaf,ForkJoinPool-104-worker-5,6,36,4,26,800,89900,500,31800,207,20400,1786683659700
IMPLOG,leaf,ForkJoinPool-104-worker-6,6,36,4,26,2200,90100,500,32800,210,19600,1786683659700
IMPLOG,leaf,ForkJoinPool-104-worker-4,6,36,4,26,2200,88600,500,33000,199,18900,1786683659700
IMPLOG,leaf,ForkJoinPool-104-worker-2,6,36,4,26,800,90300,500,34400,201,19600,1786683659700
IMPLOG,leaf,ForkJoinPool-104-worker-1,6,36,4,26,900,88600,500,32500,195,18600,1786683659700
IMPLOG,leaf,ForkJoinPool-104-worker-3,6,36,4,26,800,86600,500,35500,153,15400,1786683659700
IMPLOG,leaf,ForkJoinPool-104-worker-6,6,36,4,26,800,87400,500,33500,194,18600,1786683659700
IMPLOG,leaf,ForkJoinPool-104-worker-5,6,36,4,26,800,92300,500,33100,222,21200,1786683659700
IMPLOG,leaf,ForkJoinPool-104-worker-4,6,36,4,26,800,89100,500,32000,202,18500,1786683659700
IMPLOG,leaf,ForkJoinPool-104-worker-2,6,36,4,26,700,90600,500,34000,207,19600,1786683659700
IMPLOG,leaf,ForkJoinPool-104-worker-1,6,36,4,26,2100,89500,500,33700,200,19800,1786683659700
IMPLOG,leaf,ForkJoinPool-104-worker-6,6,36,4,26,2400,89800,500,32500,222,20300,1786683659700
IMPLOG,leaf,ForkJoinPool-104-worker-5,6,36,4,26,2100,89600,500,34700,189,18500,1786683659700
IMPLOG,leaf,ForkJoinPool-104-worker-3,6,36,4,26,15400,88500,500,34800,176,17500,1786683659700
IMPLOG,leaf,ForkJoinPool-104-worker-4,6,36,4,26,2000,90700,500,34500,205,20200,1786683659700
IMPLOG,leaf,ForkJoinPool-104-worker-1,6,36,4,26,4400,89500,500,34200,207,19000,1786683659700
IMPLOG,leaf,ForkJoinPool-104-worker-2,6,36,4,26,800,91600,500,33200,213,21600,1786683659700
IMPLOG,leaf,ForkJoinPool-104-worker-5,6,36,4,26,1000,85900,500,32500,218,20300,1786683659700
IMPLOG,leaf,ForkJoinPool-104-worker-6,6,36,4,26,900,88800,500,34500,191,19000,1786683659700
IMPLOG,leaf,ForkJoinPool-104-worker-3,6,36,4,26,5000,89500,500,33600,193,19500,1786683659700
IMPLOG,scan,main,6,36,4,26,879300,1786683659700
IMPLOG,leaf,ForkJoinPool-104-worker-4,6,36,4,27,9500,105200,600,39400,211,20000,1786683659701
IMPLOG,leaf,ForkJoinPool-104-worker-2,6,36,4,27,2800,92600,500,32800,203,19600,1786683659701
IMPLOG,leaf,ForkJoinPool-104-worker-6,6,36,4,27,5600,102500,600,41900,179,17600,1786683659701
IMPLOG,leaf,ForkJoinPool-104-worker-3,6,36,4,27,4100,103100,600,39400,257,24300,1786683659701
IMPLOG,leaf,ForkJoinPool-104-worker-5,6,36,4,27,1000,111300,600,38900,268,24700,1786683659701
IMPLOG,leaf,ForkJoinPool-104-worker-6,6,36,4,27,2100,87400,500,34800,165,16500,1786683659701
IMPLOG,leaf,ForkJoinPool-104-worker-2,6,36,4,27,4900,89800,500,34400,199,19000,1786683659701
IMPLOG,leaf,ForkJoinPool-104-worker-3,6,36,4,27,700,96200,600,36500,206,18800,1786683659701
IMPLOG,leaf,ForkJoinPool-104-worker-4,6,36,4,27,800,105800,600,40500,231,21500,1786683659701
IMPLOG,leaf,ForkJoinPool-104-worker-5,6,36,4,27,2300,107800,600,39800,245,23700,1786683659701
IMPLOG,leaf,ForkJoinPool-104-worker-7,6,36,4,27,4600,88900,500,33900,186,17200,1786683659701
IMPLOG,leaf,ForkJoinPool-104-worker-2,6,36,4,27,800,90400,500,33300,206,20100,1786683659701
IMPLOG,leaf,ForkJoinPool-104-worker-6,6,36,4,27,800,91600,500,35100,201,18700,1786683659701
IMPLOG,leaf,ForkJoinPool-104-worker-3,6,36,4,27,2300,87200,500,34300,168,16700,1786683659701
IMPLOG,leaf,ForkJoinPool-104-worker-4,6,36,4,27,2600,87900,500,33400,186,18100,1786683659701
IMPLOG,leaf,ForkJoinPool-104-worker-5,6,36,4,27,900,89900,500,34100,189,19200,1786683659701
IMPLOG,leaf,ForkJoinPool-104-worker-6,6,36,4,27,2200,61200,500,21700,216,15700,1786683659701
IMPLOG,leaf,ForkJoinPool-104-worker-2,6,36,4,27,2100,91100,500,32300,213,20000,1786683659701
IMPLOG,leaf,ForkJoinPool-104-worker-3,6,36,4,27,800,86800,500,36100,162,16200,1786683659701
IMPLOG,leaf,ForkJoinPool-104-worker-4,6,36,4,27,800,88900,500,34100,199,19400,1786683659701
IMPLOG,leaf,ForkJoinPool-104-worker-1,6,36,4,27,900,107800,600,39200,258,23600,1786683659701
IMPLOG,leaf,ForkJoinPool-104-worker-5,6,36,4,27,2300,86200,500,34500,186,17900,1786683659701
IMPLOG,leaf,ForkJoinPool-104-worker-7,6,36,4,27,900,88700,500,32700,200,19100,1786683659701
IMPLOG,leaf,ForkJoinPool-104-worker-6,6,36,4,27,500,66000,500,23800,166,13900,1786683659701
IMPLOG,leaf,ForkJoinPool-104-worker-7,6,36,4,27,4300,79900,500,28100,207,17100,1786683659701
IMPLOG,leaf,ForkJoinPool-104-worker-4,6,36,4,27,12600,89300,500,32000,202,19000,1786683659701
IMPLOG,leaf,ForkJoinPool-104-worker-1,6,36,4,27,500,85800,600,31100,236,19800,1786683659701
IMPLOG,leaf,ForkJoinPool-104-worker-6,6,36,4,27,3500,61100,500,20100,207,15300,1786683659701
IMPLOG,leaf,ForkJoinPool-104-worker-2,6,36,4,27,900,106200,600,40800,235,22500,1786683659701
IMPLOG,leaf,ForkJoinPool-104-worker-3,6,36,4,27,1000,86600,500,33800,194,17900,1786683659701
IMPLOG,leaf,ForkJoinPool-104-worker-5,6,36,4,27,1000,91500,500,33500,222,20900,1786683659701
IMPLOG,leaf,ForkJoinPool-104-worker-7,6,36,4,27,800,87100,500,32100,191,18200,1786683659701
IMPLOG,leaf,ForkJoinPool-104-worker-1,6,36,4,27,4200,82300,500,29700,206,19400,1786683659701
IMPLOG,leaf,ForkJoinPool-104-worker-4,6,36,4,27,5300,90700,500,32900,211,21400,1786683659701
IMPLOG,leaf,ForkJoinPool-104-worker-2,6,36,4,27,5000,84600,500,30200,202,19400,1786683659701
IMPLOG,leaf,ForkJoinPool-104-worker-5,6,36,4,27,6000,72300,500,26600,193,17000,1786683659701
IMPLOG,scan,main,6,36,4,27,697400,1786683659701
IMPLOG,leaf,ForkJoinPool-104-worker-4,6,36,4,28,4900,105100,600,38500,235,21600,1786683659701
IMPLOG,leaf,ForkJoinPool-104-worker-6,6,36,4,28,800,90100,500,36100,194,19800,1786683659701
IMPLOG,leaf,ForkJoinPool-104-worker-7,6,36,4,28,4400,90200,500,34700,213,19700,1786683659701
IMPLOG,leaf,ForkJoinPool-104-worker-2,6,36,4,28,5300,108600,600,40300,268,25100,1786683659701
IMPLOG,leaf,ForkJoinPool-104-worker-1,6,36,4,28,1100,107800,600,38300,259,25100,1786683659701
IMPLOG,leaf,ForkJoinPool-104-worker-5,6,36,4,28,900,108300,600,37500,258,23600,1786683659701
IMPLOG,leaf,ForkJoinPool-104-worker-7,6,36,4,28,700,88000,500,31400,190,18200,1786683659701
IMPLOG,leaf,ForkJoinPool-104-worker-6,6,36,4,28,12000,93200,500,36600,216,21400,1786683659701
IMPLOG,leaf,ForkJoinPool-104-worker-4,6,36,4,28,800,110400,600,39500,242,26800,1786683659701
IMPLOG,leaf,ForkJoinPool-104-worker-2,6,36,4,28,800,107600,600,38400,250,24100,1786683659702
IMPLOG,leaf,ForkJoinPool-104-worker-1,6,36,4,28,4300,104100,600,40400,211,20700,1786683659702
IMPLOG,leaf,ForkJoinPool-104-worker-5,6,36,4,28,10400,107500,600,40200,254,24600,1786683659702
IMPLOG,leaf,ForkJoinPool-104-worker-6,6,36,4,28,7900,87700,500,34800,162,16800,1786683659702
IMPLOG,leaf,ForkJoinPool-104-worker-4,6,36,4,28,9300,87600,500,32100,192,18800,1786683659702
IMPLOG,leaf,ForkJoinPool-104-worker-1,6,36,4,28,800,85800,500,35300,168,16900,1786683659702
IMPLOG,leaf,ForkJoinPool-104-worker-7,6,36,4,28,2300,110300,600,40900,252,24100,1786683659702
IMPLOG,leaf,ForkJoinPool-104-worker-2,6,36,4,28,4900,89700,500,32600,208,20400,1786683659702
IMPLOG,leaf,ForkJoinPool-104-worker-5,6,36,4,28,6000,87900,500,31700,211,20000,1786683659702
IMPLOG,leaf,ForkJoinPool-104-worker-6,6,36,4,28,800,86100,500,33300,166,15800,1786683659702
IMPLOG,leaf,ForkJoinPool-104-worker-4,6,36,4,28,800,88800,500,33800,209,19600,1786683659702
IMPLOG,leaf,ForkJoinPool-104-worker-2,6,36,4,28,800,89200,500,33500,203,20400,1786683659702
IMPLOG,leaf,ForkJoinPool-104-worker-3,6,36,4,28,3700,60600,500,20700,204,14400,1786683659702
IMPLOG,leaf,ForkJoinPool-104-worker-7,6,36,4,28,7100,89300,500,32400,208,20400,1786683659702
IMPLOG,leaf,ForkJoinPool-104-worker-5,6,36,4,28,800,77700,500,26800,208,16400,1786683659702
IMPLOG,leaf,ForkJoinPool-104-worker-3,6,36,4,28,400,60400,500,21400,211,14900,1786683659702
IMPLOG,leaf,ForkJoinPool-104-worker-6,6,36,4,28,2200,91200,500,32800,222,22100,1786683659702
IMPLOG,leaf,ForkJoinPool-104-worker-4,6,36,4,28,4800,89600,500,34100,203,19400,1786683659702
IMPLOG,leaf,ForkJoinPool-104-worker-2,6,36,4,28,2400,89600,500,31900,204,20000,1786683659702
IMPLOG,leaf,ForkJoinPool-104-worker-7,6,36,4,28,800,89300,500,33000,209,19600,1786683659702
IMPLOG,leaf,ForkJoinPool-104-worker-5,6,36,4,28,900,89100,500,33700,207,19500,1786683659702
IMPLOG,leaf,ForkJoinPool-104-worker-1,6,36,4,28,1000,101800,600,39200,207,19100,1786683659702
IMPLOG,leaf,ForkJoinPool-104-worker-3,6,36,4,28,3200,59800,500,21700,207,14800,1786683659702
IMPLOG,leaf,ForkJoinPool-104-worker-6,6,36,4,28,800,69200,500,23600,208,16800,1786683659702
IMPLOG,leaf,ForkJoinPool-104-worker-1,6,36,4,28,4200,62100,500,23900,179,14300,1786683659702
IMPLOG,leaf,ForkJoinPool-104-worker-4,6,36,4,28,900,90700,500,34500,197,18800,1786683659702
IMPLOG,leaf,ForkJoinPool-104-worker-2,6,36,4,28,800,88300,500,32100,209,19300,1786683659702
IMPLOG,scan,main,6,36,4,28,657800,1786683659701
IMPLOG,leaf,ForkJoinPool-104-worker-4,6,36,4,29,2100,104000,600,40200,235,22000,1786683659702
IMPLOG,leaf,ForkJoinPool-104-worker-5,6,36,4,29,4700,88600,500,33000,204,19300,1786683659702
IMPLOG,leaf,ForkJoinPool-104-worker-2,6,36,4,29,1000,109500,600,40700,268,25800,1786683659702
IMPLOG,leaf,ForkJoinPool-104-worker-6,6,36,4,29,900,107500,600,39700,258,24900,1786683659702
IMPLOG,leaf,ForkJoinPool-104-worker-1,6,36,4,29,900,109600,600,40100,259,24300,1786683659702
IMPLOG,leaf,ForkJoinPool-104-worker-7,6,36,4,29,2600,108100,600,39800,252,23400,1786683659702
IMPLOG,leaf,ForkJoinPool-104-worker-5,6,36,4,29,800,89600,500,33000,211,20100,1786683659702
IMPLOG,leaf,ForkJoinPool-104-worker-4,6,36,4,29,3500,105300,600,39600,242,22500,1786683659702
IMPLOG,leaf,ForkJoinPool-104-worker-7,6,36,4,29,900,89900,500,32200,208,19400,1786683659702
IMPLOG,leaf,ForkJoinPool-104-worker-2,6,36,4,29,6000,107400,600,38100,251,23300,1786683659702
IMPLOG,leaf,ForkJoinPool-104-worker-1,6,36,4,29,2200,105200,600,39700,211,21800,1786683659702
IMPLOG,leaf,ForkJoinPool-104-worker-6,6,36,4,29,2700,108100,600,38000,254,24100,1786683659702
IMPLOG,leaf,ForkJoinPool-104-worker-4,6,36,4,29,900,87300,500,33600,192,18300,1786683659702
IMPLOG,leaf,ForkJoinPool-104-worker-5,6,36,4,29,4800,90000,500,32800,207,20800,1786683659702
IMPLOG,leaf,ForkJoinPool-104-worker-7,6,36,4,29,900,90300,500,32900,210,20000,1786683659702
IMPLOG,leaf,ForkJoinPool-104-worker-1,6,36,4,29,800,85900,500,35000,168,16400,1786683659702
IMPLOG,leaf,ForkJoinPool-104-worker-2,6,36,4,29,800,88000,500,31300,208,19600,1786683659702
IMPLOG,leaf,ForkJoinPool-104-worker-6,6,36,4,29,900,88200,500,31100,211,19700,1786683659702
IMPLOG,leaf,ForkJoinPool-104-worker-5,6,36,4,29,700,88900,500,31200,207,19100,1786683659702
IMPLOG,leaf,ForkJoinPool-104-worker-4,6,36,4,29,6600,89300,500,31500,209,20800,1786683659702
IMPLOG,leaf,ForkJoinPool-104-worker-7,6,36,4,29,5300,89900,500,31800,208,19800,1786683659702
IMPLOG,leaf,ForkJoinPool-104-worker-1,6,36,4,29,800,85300,500,34600,161,15100,1786683659702
IMPLOG,leaf,ForkJoinPool-104-worker-2,6,36,4,29,7000,88900,500,32900,203,19300,1786683659702
IMPLOG,leaf,ForkJoinPool-104-worker-6,6,36,4,29,3400,88500,500,32800,208,19400,1786683659702
IMPLOG,leaf,ForkJoinPool-104-worker-1,6,36,4,29,4600,61700,500,23200,166,13100,1786683659702
IMPLOG,leaf,ForkJoinPool-104-worker-5,6,36,4,29,5400,91000,500,33900,222,20900,1786683659702
IMPLOG,leaf,ForkJoinPool-104-worker-4,6,36,4,29,4600,90300,500,34000,203,19100,1786683659702
IMPLOG,leaf,ForkJoinPool-104-worker-7,6,36,4,29,800,87700,500,33100,194,18900,1786683659702
IMPLOG,leaf,ForkJoinPool-104-worker-3,6,36,4,29,900,71300,600,26700,207,15400,1786683659702
IMPLOG,leaf,ForkJoinPool-104-worker-2,6,36,4,29,900,88500,500,31800,204,19200,1786683659702
IMPLOG,leaf,ForkJoinPool-104-worker-4,6,36,4,29,800,66900,500,22400,197,15500,1786683659703
IMPLOG,leaf,ForkJoinPool-104-worker-3,6,36,4,29,2400,58300,500,21700,179,13800,1786683659703
IMPLOG,leaf,ForkJoinPool-104-worker-1,6,36,4,29,500,84600,500,31200,213,20100,1786683659703
IMPLOG,leaf,ForkJoinPool-104-worker-6,6,36,4,29,900,84800,500,30300,209,19500,1786683659703
IMPLOG,leaf,ForkJoinPool-104-worker-5,6,36,4,29,5800,88000,500,33700,190,18300,1786683659703
IMPLOG,leaf,ForkJoinPool-104-worker-7,6,36,4,29,2100,89900,500,33600,216,20300,1786683659703
IMPLOG,scan,main,6,36,4,29,634200,1786683659702
IMPLOG,leaf,ForkJoinPool-104-worker-4,6,36,4,30,2400,104800,600,38200,255,23300,1786683659703
IMPLOG,leaf,ForkJoinPool-104-worker-5,6,36,4,30,900,90500,500,32400,226,21300,1786683659703
IMPLOG,leaf,ForkJoinPool-104-worker-6,6,36,4,30,1900,106200,600,38600,258,24800,1786683659703
IMPLOG,leaf,ForkJoinPool-104-worker-3,6,36,4,30,5700,107000,600,40200,253,24400,1786683659703
IMPLOG,leaf,ForkJoinPool-104-worker-2,6,36,4,30,1000,109100,600,38700,268,25600,1786683659703
IMPLOG,leaf,ForkJoinPool-104-worker-1,6,36,4,30,2300,107700,600,39400,259,24900,1786683659703
IMPLOG,leaf,ForkJoinPool-104-worker-5,6,36,4,30,2800,88200,500,32000,209,19900,1786683659703
IMPLOG,leaf,ForkJoinPool-104-worker-4,6,36,4,30,2100,106400,600,38200,255,23700,1786683659703
IMPLOG,leaf,ForkJoinPool-104-worker-3,6,36,4,30,800,89100,500,32700,213,19500,1786683659703
IMPLOG,leaf,ForkJoinPool-104-worker-6,6,36,4,30,2200,107600,600,38900,258,24900,1786683659703
IMPLOG,leaf,ForkJoinPool-104-worker-2,6,36,4,30,800,108400,600,38600,262,25100,1786683659703
IMPLOG,leaf,ForkJoinPool-104-worker-1,6,36,4,30,700,106800,600,39400,237,23300,1786683659703
IMPLOG,leaf,ForkJoinPool-104-worker-5,6,36,4,30,800,89800,500,32700,209,18900,1786683659703
IMPLOG,leaf,ForkJoinPool-104-worker-4,6,36,4,30,800,89800,500,33700,210,19600,1786683659703
IMPLOG,leaf,ForkJoinPool-104-worker-3,6,36,4,30,2000,89700,500,32200,217,20800,1786683659703
IMPLOG,leaf,ForkJoinPool-104-worker-6,6,36,4,30,800,89100,500,32400,211,20700,1786683659703
IMPLOG,leaf,ForkJoinPool-104-worker-1,6,36,4,30,800,88700,500,34300,194,17400,1786683659703
IMPLOG,leaf,ForkJoinPool-104-worker-2,6,36,4,30,2700,89500,500,32400,214,19500,1786683659703
IMPLOG,leaf,ForkJoinPool-104-worker-5,6,36,4,30,2200,92200,500,34100,227,20900,1786683659703
IMPLOG,leaf,ForkJoinPool-104-worker-4,6,36,4,30,900,89800,500,32600,220,20500,1786683659703
IMPLOG,leaf,ForkJoinPool-104-worker-3,6,36,4,30,800,89500,500,32400,217,19900,1786683659703
IMPLOG,leaf,ForkJoinPool-104-worker-2,6,36,4,30,800,87900,500,30000,221,18900,1786683659703
IMPLOG,leaf,ForkJoinPool-104-worker-1,6,36,4,30,4500,87400,500,33100,190,17900,1786683659703
IMPLOG,leaf,ForkJoinPool-104-worker-6,6,36,4,30,6700,88900,500,31300,212,19000,1786683659703
IMPLOG,leaf,ForkJoinPool-104-worker-5,6,36,4,30,800,90700,500,33600,212,19400,1786683659703
IMPLOG,leaf,ForkJoinPool-104-worker-4,6,36,4,30,18300,88300,500,32700,222,21100,1786683659703
IMPLOG,leaf,ForkJoinPool-104-worker-1,6,36,4,30,800,88000,500,32400,196,18600,1786683659703
IMPLOG,leaf,ForkJoinPool-104-worker-3,6,36,4,30,5600,105200,600,41900,224,21300,1786683659703
IMPLOG,leaf,ForkJoinPool-104-worker-2,6,36,4,30,6000,86700,500,33500,197,17100,1786683659703
IMPLOG,leaf,ForkJoinPool-104-worker-6,6,36,4,30,800,90300,500,33200,217,20200,1786683659703
IMPLOG,leaf,ForkJoinPool-104-worker-5,6,36,4,30,5000,88100,500,32900,194,17400,1786683659703
IMPLOG,leaf,ForkJoinPool-104-worker-4,6,36,4,30,4400,89900,500,32800,218,21100,1786683659703
IMPLOG,leaf,ForkJoinPool-104-worker-3,6,36,4,30,800,87000,500,33800,179,17300,1786683659703
IMPLOG,leaf,ForkJoinPool-104-worker-1,6,36,4,30,800,81400,500,27300,219,19700,1786683659703
IMPLOG,leaf,ForkJoinPool-104-worker-6,6,36,4,30,900,89500,500,32100,216,20200,1786683659703
IMPLOG,leaf,ForkJoinPool-104-worker-7,6,36,4,30,1000,87300,500,32800,198,19200,1786683659703
IMPLOG,scan,main,6,36,4,30,678900,1786683659703
IMPLOG,leaf,ForkJoinPool-104-worker-1,6,36,4,31,1000,89500,500,32200,217,20900,1786683659703
IMPLOG,leaf,ForkJoinPool-104-worker-4,6,36,4,31,3700,108000,600,39500,255,24300,1786683659703
IMPLOG,leaf,ForkJoinPool-104-worker-2,6,36,4,31,2900,109800,600,39600,268,25100,1786683659703
IMPLOG,leaf,ForkJoinPool-104-worker-6,6,36,4,31,2500,107300,600,39100,259,24000,1786683659703
IMPLOG,leaf,ForkJoinPool-104-worker-7,6,36,4,31,900,106500,600,37800,257,24200,1786683659703
IMPLOG,leaf,ForkJoinPool-104-worker-3,6,36,4,31,7500,106600,600,42300,224,22500,1786683659703
IMPLOG,leaf,ForkJoinPool-104-worker-1,6,36,4,31,2100,89100,500,33100,216,20700,1786683659703
IMPLOG,leaf,ForkJoinPool-104-worker-4,6,36,4,31,900,107900,600,40700,255,24100,1786683659703
IMPLOG,leaf,ForkJoinPool-104-worker-3,6,36,4,31,2100,87400,500,34100,179,16900,1786683659704
IMPLOG,leaf,ForkJoinPool-104-worker-2,6,36,4,31,900,106800,600,38300,261,23900,1786683659703
IMPLOG,leaf,ForkJoinPool-104-worker-6,6,36,4,31,800,110700,600,43200,237,23400,1786683659703
IMPLOG,leaf,ForkJoinPool-104-worker-7,6,36,4,31,800,107200,600,39600,258,24600,1786683659704
IMPLOG,leaf,ForkJoinPool-104-worker-1,6,36,4,31,2100,88400,500,31900,219,21200,1786683659704
IMPLOG,leaf,ForkJoinPool-104-worker-3,6,36,4,31,800,86800,500,32400,194,17400,1786683659704
IMPLOG,leaf,ForkJoinPool-104-worker-4,6,36,4,31,2700,89000,500,31700,209,20500,1786683659704
IMPLOG,leaf,ForkJoinPool-104-worker-2,6,36,4,31,2100,90200,500,31100,214,20300,1786683659704
IMPLOG,leaf,ForkJoinPool-104-worker-7,6,36,4,31,8300,87900,500,31300,211,19300,1786683659704
IMPLOG,leaf,ForkJoinPool-104-worker-6,6,36,4,31,9000,90500,500,35400,194,18600,1786683659704
IMPLOG,leaf,ForkJoinPool-104-worker-1,6,36,4,31,900,87800,500,32500,198,18900,1786683659704
IMPLOG,leaf,ForkJoinPool-104-worker-4,6,36,4,31,800,90400,500,32500,226,20900,1786683659704
IMPLOG,leaf,ForkJoinPool-104-worker-3,6,36,4,31,4500,91200,500,32700,218,21500,1786683659704
IMPLOG,leaf,ForkJoinPool-104-worker-2,6,36,4,31,800,90200,500,31800,221,21200,1786683659704
IMPLOG,leaf,ForkJoinPool-104-worker-7,6,36,4,31,4300,88400,500,32200,212,18900,1786683659704
IMPLOG,leaf,ForkJoinPool-104-worker-6,6,36,4,31,800,89000,500,31500,190,17900,1786683659704
IMPLOG,leaf,ForkJoinPool-104-worker-1,6,36,4,31,4700,76300,500,26400,196,16100,1786683659704
IMPLOG,leaf,ForkJoinPool-104-worker-4,6,36,4,31,6700,87900,500,31800,209,19900,1786683659704
IMPLOG,leaf,ForkJoinPool-104-worker-3,6,36,4,31,800,89300,500,32900,197,18200,1786683659704
IMPLOG,leaf,ForkJoinPool-104-worker-7,6,36,4,31,800,89200,500,31200,222,20000,1786683659704
IMPLOG,leaf,ForkJoinPool-104-worker-5,6,36,4,31,5300,107900,600,40200,254,23300,1786683659704
IMPLOG,leaf,ForkJoinPool-104-worker-1,6,36,4,31,700,89100,500,31200,217,20200,1786683659704
IMPLOG,leaf,ForkJoinPool-104-worker-6,6,36,4,31,1000,90600,500,33600,217,21000,1786683659704
IMPLOG,leaf,ForkJoinPool-104-worker-4,6,36,4,31,800,73900,500,25000,213,17800,1786683659704
IMPLOG,leaf,ForkJoinPool-104-worker-3,6,36,4,31,800,90800,500,34000,210,20500,1786683659704
IMPLOG,leaf,ForkJoinPool-104-worker-7,6,36,4,31,2100,90200,500,32900,226,20700,1786683659704
IMPLOG,leaf,ForkJoinPool-104-worker-6,6,36,4,31,1700,60500,500,20000,212,15800,1786683659704
IMPLOG,leaf,ForkJoinPool-104-worker-2,6,36,4,31,2400,306800,500,20600,220,260900,1786683659704
IMPLOG,scan,main,6,36,4,31,880600,1786683659703
IMPLOG,leaf,ForkJoinPool-104-worker-4,6,36,4,32,1100,105700,600,38200,255,22400,1786683659704
IMPLOG,leaf,ForkJoinPool-104-worker-6,6,36,4,32,800,90000,500,32800,226,21400,1786683659704
IMPLOG,leaf,ForkJoinPool-104-worker-7,6,36,4,32,2700,108600,600,38100,269,25200,1786683659704
IMPLOG,leaf,ForkJoinPool-104-worker-3,6,36,4,32,2300,106000,600,38700,257,23300,1786683659704
IMPLOG,leaf,ForkJoinPool-104-worker-2,6,36,4,32,900,105900,600,39400,255,23300,1786683659704
IMPLOG,leaf,ForkJoinPool-104-worker-1,6,36,4,32,900,108100,600,38300,259,24400,1786683659704
IMPLOG,leaf,ForkJoinPool-104-worker-6,6,36,4,32,2300,89200,500,32200,209,20000,1786683659704
IMPLOG,leaf,ForkJoinPool-104-worker-4,6,36,4,32,2600,108200,600,39400,255,23600,1786683659704
IMPLOG,leaf,ForkJoinPool-104-worker-2,6,36,4,32,2500,89100,500,31500,213,20700,1786683659704
IMPLOG,leaf,ForkJoinPool-104-worker-7,6,36,4,32,800,107700,600,39800,261,24200,1786683659704
IMPLOG,leaf,ForkJoinPool-104-worker-3,6,36,4,32,800,105800,600,40200,258,22900,1786683659704
IMPLOG,leaf,ForkJoinPool-104-worker-1,6,36,4,32,2100,107400,600,40600,238,22700,1786683659704
IMPLOG,leaf,ForkJoinPool-104-worker-6,6,36,4,32,700,93400,500,33500,209,19500,1786683659704
IMPLOG,leaf,ForkJoinPool-104-worker-2,6,36,4,32,9400,88000,500,29400,217,20900,1786683659704
IMPLOG,leaf,ForkJoinPool-104-worker-7,6,36,4,32,4900,90100,500,33400,214,20000,1786683659704
IMPLOG,leaf,ForkJoinPool-104-worker-4,6,36,4,32,5000,105000,600,39800,224,21500,1786683659704
IMPLOG,leaf,ForkJoinPool-104-worker-3,6,36,4,32,7300,89800,500,31100,211,20100,1786683659704
IMPLOG,leaf,ForkJoinPool-104-worker-1,6,36,4,32,700,88400,500,33400,194,17900,1786683659704
IMPLOG,leaf,ForkJoinPool-104-worker-6,6,36,4,32,4900,88800,500,34600,194,18900,1786683659705
IMPLOG,leaf,ForkJoinPool-104-worker-2,6,36,4,32,800,88500,500,32400,217,20000,1786683659705
IMPLOG,leaf,ForkJoinPool-104-worker-1,6,36,4,32,2300,88000,500,33300,190,18900,1786683659705
IMPLOG,leaf,ForkJoinPool-104-worker-3,6,36,4,32,6100,91900,500,32900,212,20000,1786683659705
IMPLOG,leaf,ForkJoinPool-104-worker-6,6,36,4,32,800,90500,500,33200,218,20400,1786683659705
IMPLOG,leaf,ForkJoinPool-104-worker-2,6,36,4,32,2200,87800,500,33500,197,19000,1786683659705
IMPLOG,leaf,ForkJoinPool-104-worker-1,6,36,4,32,800,89700,500,34000,196,19700,1786683659705
IMPLOG,leaf,ForkJoinPool-104-worker-3,6,36,4,32,800,91000,500,31500,222,21000,1786683659705
IMPLOG,leaf,ForkJoinPool-104-worker-6,6,36,4,32,800,91100,500,35600,217,22100,1786683659705
IMPLOG,leaf,ForkJoinPool-104-worker-2,6,36,4,32,800,88300,500,32100,211,19200,1786683659705
IMPLOG,leaf,ForkJoinPool-104-worker-7,6,36,4,32,800,266800,500,115400,220,76800,1786683659705
IMPLOG,leaf,ForkJoinPool-104-worker-1,6,36,4,32,6300,89400,500,32600,219,20300,1786683659705
IMPLOG,leaf,ForkJoinPool-104-worker-3,6,36,4,32,3400,93000,500,32300,226,21000,1786683659705
IMPLOG,leaf,ForkJoinPool-104-worker-4,6,36,4,32,800,313100,500,268800,179,13700,1786683659705
IMPLOG,leaf,ForkJoinPool-104-worker-6,6,36,4,32,2200,72700,500,26000,216,17200,1786683659705
IMPLOG,leaf,ForkJoinPool-104-worker-5,6,36,4,32,800,59400,500,19500,198,13300,1786683659705
IMPLOG,leaf,ForkJoinPool-104-worker-2,6,36,4,32,2200,91100,500,33900,220,22800,1786683659705
IMPLOG,leaf,ForkJoinPool-104-worker-3,6,36,4,32,800,88700,500,32700,212,19400,1786683659705
IMPLOG,scan,main,6,36,4,32,753100,1786683659704
IMPLOG,leaf,ForkJoinPool-104-worker-4,6,36,4,33,3300,106300,600,38900,255,21900,1786683659705
IMPLOG,leaf,ForkJoinPool-104-worker-6,6,36,4,33,1000,90500,500,32800,220,19600,1786683659705
IMPLOG,leaf,ForkJoinPool-104-worker-3,6,36,4,33,1100,108400,600,37900,269,24700,1786683659705
IMPLOG,leaf,ForkJoinPool-104-worker-7,6,36,4,33,1000,106000,600,37300,257,24200,1786683659705
IMPLOG,leaf,ForkJoinPool-104-worker-1,6,36,4,33,3500,105100,600,40500,224,21200,1786683659705
IMPLOG,leaf,ForkJoinPool-104-worker-6,6,36,4,33,2500,87800,500,33100,197,17800,1786683659705
IMPLOG,leaf,ForkJoinPool-104-worker-4,6,36,4,33,800,106700,600,39500,255,24000,1786683659705
IMPLOG,leaf,ForkJoinPool-104-worker-1,6,36,4,33,800,86600,500,31800,179,16600,1786683659705
IMPLOG,leaf,ForkJoinPool-104-worker-3,6,36,4,33,5200,107400,600,38800,261,23700,1786683659705
IMPLOG,leaf,ForkJoinPool-104-worker-6,6,36,4,33,700,88700,500,32300,214,19500,1786683659705
IMPLOG,leaf,ForkJoinPool-104-worker-4,6,36,4,33,900,88400,500,32300,209,19700,1786683659705
IMPLOG,leaf,ForkJoinPool-104-worker-1,6,36,4,33,2300,87300,500,33200,192,17300,1786683659705
IMPLOG,leaf,ForkJoinPool-104-worker-3,6,36,4,33,800,89100,500,32300,218,20800,1786683659705
IMPLOG,leaf,ForkJoinPool-104-worker-2,6,36,4,33,1100,108000,600,39000,259,24700,1786683659705
IMPLOG,leaf,ForkJoinPool-104-worker-7,6,36,4,33,1900,241200,600,92100,258,20000,1786683659705
IMPLOG,leaf,ForkJoinPool-104-worker-6,6,36,4,33,2100,90500,500,32600,217,19900,1786683659705
IMPLOG,leaf,ForkJoinPool-104-worker-1,6,36,4,33,900,87900,500,34000,190,17600,1786683659705
IMPLOG,leaf,ForkJoinPool-104-worker-4,6,36,4,33,4900,89900,500,31100,226,22400,1786683659705
IMPLOG,leaf,ForkJoinPool-104-worker-3,6,36,4,33,5900,90500,500,33200,219,21300,1786683659705
IMPLOG,leaf,ForkJoinPool-104-worker-2,6,36,4,33,800,106700,600,39700,238,22200,1786683659705
IMPLOG,leaf,ForkJoinPool-104-worker-7,6,36,4,33,800,87800,500,32300,211,20600,1786683659705
IMPLOG,leaf,ForkJoinPool-104-worker-6,6,36,4,33,2200,88900,500,34000,216,20000,1786683659705
IMPLOG,leaf,ForkJoinPool-104-worker-1,6,36,4,33,2000,88900,500,33800,196,19300,1786683659705
IMPLOG,leaf,ForkJoinPool-104-worker-4,6,36,4,33,800,90000,500,33300,209,20800,1786683659705
IMPLOG,leaf,ForkJoinPool-104-worker-3,6,36,4,33,900,85900,500,32900,198,19100,1786683659705
IMPLOG,leaf,ForkJoinPool-104-worker-2,6,36,4,33,5100,89500,500,34700,194,17800,1786683659705
IMPLOG,leaf,ForkJoinPool-104-worker-7,6,36,4,33,2000,89600,500,31900,212,19500,1786683659705
IMPLOG,leaf,ForkJoinPool-104-worker-1,6,36,4,33,800,72900,600,23000,255,18700,1786683659705
IMPLOG,leaf,ForkJoinPool-104-worker-4,6,36,4,33,12200,88800,500,31300,211,18800,1786683659705
IMPLOG,leaf,ForkJoinPool-104-worker-5,6,36,4,33,8500,79100,500,28800,222,19300,1786683659706
IMPLOG,leaf,ForkJoinPool-104-worker-6,6,36,4,33,900,90600,500,31800,226,21300,1786683659706
IMPLOG,leaf,ForkJoinPool-104-worker-1,6,36,4,33,10100,59200,500,19500,213,14800,1786683659706
IMPLOG,leaf,ForkJoinPool-104-worker-3,6,36,4,33,7500,78200,500,27200,212,17700,1786683659706
IMPLOG,leaf,ForkJoinPool-104-worker-2,6,36,4,33,900,91100,500,32800,220,21400,1786683659706
IMPLOG,leaf,ForkJoinPool-104-worker-7,6,36,4,33,800,89900,500,31700,218,20000,1786683659706
IMPLOG,leaf,ForkJoinPool-104-worker-4,6,36,4,33,1200,72300,500,25300,217,17200,1786683659706
IMPLOG,scan,main,6,36,4,33,725200,1786683659705
IMPLOG,leaf,ForkJoinPool-104-worker-4,6,36,4,34,1200,106400,600,40200,244,22000,1786683659706
IMPLOG,leaf,ForkJoinPool-104-worker-6,6,36,4,34,2500,87400,500,32700,176,17500,1786683659706
IMPLOG,leaf,ForkJoinPool-104-worker-1,6,36,4,34,2700,107600,600,38100,268,24800,1786683659706
IMPLOG,leaf,ForkJoinPool-104-worker-7,6,36,4,34,1100,106900,600,39700,257,23300,1786683659706
IMPLOG,leaf,ForkJoinPool-104-worker-3,6,36,4,34,2700,106300,600,37700,251,23400,1786683659706
IMPLOG,leaf,ForkJoinPool-104-worker-5,6,36,4,34,800,104600,600,40100,192,18900,1786683659706
IMPLOG,leaf,ForkJoinPool-104-worker-6,6,36,4,34,800,89300,500,32800,214,19900,1786683659706
IMPLOG,leaf,ForkJoinPool-104-worker-5,6,36,4,34,2800,84600,500,34500,162,15000,1786683659706
IMPLOG,leaf,ForkJoinPool-104-worker-4,6,36,4,34,2300,106700,600,39200,242,21900,1786683659706
IMPLOG,leaf,ForkJoinPool-104-worker-1,6,36,4,34,800,107900,600,39000,261,24200,1786683659706
IMPLOG,leaf,ForkJoinPool-104-worker-3,6,36,4,34,800,105600,600,40400,227,21200,1786683659706
IMPLOG,leaf,ForkJoinPool-104-worker-7,6,36,4,34,2300,106800,600,39000,256,23500,1786683659706
IMPLOG,leaf,ForkJoinPool-104-worker-6,6,36,4,34,8200,88600,500,32900,211,19700,1786683659706
IMPLOG,leaf,ForkJoinPool-104-worker-5,6,36,4,34,1000,89200,500,32400,217,20300,1786683659706
IMPLOG,leaf,ForkJoinPool-104-worker-4,6,36,4,34,800,88700,500,31700,205,20400,1786683659706
IMPLOG,leaf,ForkJoinPool-104-worker-1,6,36,4,34,2200,89400,500,32400,214,20400,1786683659706
IMPLOG,leaf,ForkJoinPool-104-worker-7,6,36,4,34,800,88000,500,32500,211,21100,1786683659706
IMPLOG,leaf,ForkJoinPool-104-worker-3,6,36,4,34,2300,88000,500,33500,182,17900,1786683659706
IMPLOG,leaf,ForkJoinPool-104-worker-6,6,36,4,34,800,90200,500,33500,220,21100,1786683659706
IMPLOG,leaf,ForkJoinPool-104-worker-5,6,36,4,34,2100,87100,500,31900,193,18200,1786683659706
IMPLOG,leaf,ForkJoinPool-104-worker-4,6,36,4,34,2300,90000,500,31700,226,21400,1786683659706
IMPLOG,leaf,ForkJoinPool-104-worker-3,6,36,4,34,800,86800,500,34400,179,17600,1786683659706
IMPLOG,leaf,ForkJoinPool-104-worker-1,6,36,4,34,800,89500,500,32000,210,18900,1786683659706
IMPLOG,leaf,ForkJoinPool-104-worker-7,6,36,4,34,2200,89300,500,32600,209,18800,1786683659706
IMPLOG,leaf,ForkJoinPool-104-worker-6,6,36,4,34,2200,90700,500,33600,226,21500,1786683659706
IMPLOG,leaf,ForkJoinPool-104-worker-5,6,36,4,34,1900,89800,500,32400,222,20900,1786683659706
IMPLOG,leaf,ForkJoinPool-104-worker-4,6,36,4,34,800,88200,500,32700,203,19000,1786683659706
IMPLOG,leaf,ForkJoinPool-104-worker-3,6,36,4,34,2400,88600,500,33400,189,17900,1786683659706
IMPLOG,leaf,ForkJoinPool-104-worker-7,6,36,4,34,800,88600,500,31500,222,20400,1786683659706
IMPLOG,leaf,ForkJoinPool-104-worker-1,6,36,4,34,2700,90200,500,33600,216,20700,1786683659706
IMPLOG,leaf,ForkJoinPool-104-worker-4,6,36,4,34,800,78100,600,26300,252,19200,1786683659706
IMPLOG,leaf,ForkJoinPool-104-worker-5,6,36,4,34,700,86200,500,32800,190,17800,1786683659706
IMPLOG,leaf,ForkJoinPool-104-worker-2,6,36,4,34,2500,60700,500,20000,218,15000,1786683659706
IMPLOG,leaf,ForkJoinPool-104-worker-6,6,36,4,34,2600,88400,500,32400,209,18700,1786683659706
IMPLOG,leaf,ForkJoinPool-104-worker-4,6,36,4,34,1500,63200,500,22900,208,15300,1786683659706
IMPLOG,leaf,ForkJoinPool-104-worker-2,6,36,4,34,500,65200,500,23000,207,15500,1786683659706
IMPLOG,scan,main,6,36,4,34,672400,1786683659706
IMPLOG,leaf,ForkJoinPool-104-worker-4,6,36,4,35,1000,109400,600,38900,244,26900,1786683659706
IMPLOG,leaf,ForkJoinPool-104-worker-1,6,36,4,35,2300,90200,500,32100,217,20400,1786683659706
IMPLOG,leaf,ForkJoinPool-104-worker-2,6,36,4,35,1000,107800,600,38800,268,24500,1786683659706
IMPLOG,leaf,ForkJoinPool-104-worker-6,6,36,4,35,1100,105600,600,40200,251,21900,1786683659706
IMPLOG,leaf,ForkJoinPool-104-worker-7,6,36,4,35,2700,100900,600,39000,191,18000,1786683659706
IMPLOG,leaf,ForkJoinPool-104-worker-3,6,36,4,35,2900,106300,600,37700,258,22100,1786683659706
IMPLOG,leaf,ForkJoinPool-104-worker-1,6,36,4,35,800,87400,500,32700,193,18100,1786683659707
IMPLOG,leaf,ForkJoinPool-104-worker-4,6,36,4,35,800,105000,600,38100,242,21900,1786683659707
IMPLOG,leaf,ForkJoinPool-104-worker-7,6,36,4,35,800,84700,500,34200,162,14700,1786683659707
IMPLOG,leaf,ForkJoinPool-104-worker-2,6,36,4,35,2200,107100,600,40400,261,23400,1786683659707
IMPLOG,leaf,ForkJoinPool-104-worker-6,6,36,4,35,2300,105200,600,41300,227,22900,1786683659707
IMPLOG,leaf,ForkJoinPool-104-worker-3,6,36,4,35,800,105800,600,38500,256,22800,1786683659707
IMPLOG,leaf,ForkJoinPool-104-worker-1,6,36,4,35,2200,89100,500,33300,214,20600,1786683659707
IMPLOG,leaf,ForkJoinPool-104-worker-7,6,36,4,35,800,86500,500,33700,176,17100,1786683659707
IMPLOG,leaf,ForkJoinPool-104-worker-4,6,36,4,35,2600,88000,500,32800,205,18900,1786683659707
IMPLOG,leaf,ForkJoinPool-104-worker-6,6,36,4,35,800,87000,500,33100,182,18500,1786683659707
IMPLOG,leaf,ForkJoinPool-104-worker-2,6,36,4,35,800,89700,500,33000,209,19700,1786683659707
IMPLOG,leaf,ForkJoinPool-104-worker-3,6,36,4,35,2300,88300,500,32100,211,19000,1786683659707
IMPLOG,leaf,ForkJoinPool-104-worker-1,6,36,4,35,800,90600,500,32000,222,20700,1786683659707
IMPLOG,leaf,ForkJoinPool-104-worker-4,6,36,4,35,800,88300,500,31400,226,20200,1786683659707
IMPLOG,leaf,ForkJoinPool-104-worker-7,6,36,4,35,2200,89500,500,33000,214,19500,1786683659707
IMPLOG,leaf,ForkJoinPool-104-worker-6,6,36,4,35,2000,85000,500,33000,178,16100,1786683659707
IMPLOG,leaf,ForkJoinPool-104-worker-2,6,36,4,35,2500,89800,500,33200,216,20500,1786683659707
IMPLOG,leaf,ForkJoinPool-104-worker-3,6,36,4,35,800,88900,500,32700,209,18800,1786683659707
IMPLOG,leaf,ForkJoinPool-104-worker-7,6,36,4,35,800,66500,500,25000,189,15000,1786683659707
IMPLOG,leaf,ForkJoinPool-104-worker-4,6,36,4,35,2100,68300,500,24100,203,15900,1786683659707
IMPLOG,leaf,ForkJoinPool-104-worker-1,6,36,4,35,2800,86900,500,33100,190,18400,1786683659707
IMPLOG,leaf,ForkJoinPool-104-worker-5,6,36,4,35,2900,78400,600,25000,252,18900,1786683659707
IMPLOG,leaf,ForkJoinPool-104-worker-3,6,36,4,35,2200,89400,500,33700,222,19800,1786683659707
IMPLOG,leaf,ForkJoinPool-104-worker-7,6,36,4,35,1600,60200,500,21200,210,16000,1786683659707
IMPLOG,leaf,ForkJoinPool-104-worker-4,6,36,4,35,800,81900,500,29000,218,20500,1786683659707
IMPLOG,leaf,ForkJoinPool-104-worker-1,6,36,4,35,800,89700,500,33500,207,19400,1786683659707
IMPLOG,leaf,ForkJoinPool-104-worker-5,6,36,4,35,700,87900,500,32800,208,19300,1786683659707
IMPLOG,leaf,ForkJoinPool-104-worker-2,6,36,4,35,900,79600,500,28200,220,18000,1786683659707
IMPLOG,leaf,ForkJoinPool-104-worker-6,6,36,4,35,3600,90600,500,32700,227,21800,1786683659707
IMPLOG,leaf,ForkJoinPool-104-worker-3,6,36,4,35,800,84900,500,29000,209,19400,1786683659707
IMPLOG,scan,main,6,36,4,35,640800,1786683659706
IMPLOG,leaf,ForkJoinPool-104-worker-4,6,36,4,36,900,105500,600,38200,244,22000,1786683659707
IMPLOG,leaf,ForkJoinPool-104-worker-1,6,36,4,36,1000,89200,500,31800,210,19700,1786683659707
IMPLOG,leaf,ForkJoinPool-104-worker-3,6,36,4,36,1000,108100,600,38200,269,24700,1786683659707
IMPLOG,leaf,ForkJoinPool-104-worker-6,6,36,4,36,1000,106100,600,38800,254,23400,1786683659707
IMPLOG,leaf,ForkJoinPool-104-worker-1,6,36,4,36,2300,89800,500,32000,215,21100,1786683659707
IMPLOG,leaf,ForkJoinPool-104-worker-4,6,36,4,36,2300,105600,600,39600,242,23300,1786683659707
IMPLOG,leaf,ForkJoinPool-104-worker-6,6,36,4,36,2400,88300,500,32900,205,18700,1786683659707
IMPLOG,leaf,ForkJoinPool-104-worker-3,6,36,4,36,2100,107800,600,40400,261,24400,1786683659707
IMPLOG,leaf,ForkJoinPool-104-worker-1,6,36,4,36,700,90400,500,31900,222,19900,1786683659707
IMPLOG,leaf,ForkJoinPool-104-worker-4,6,36,4,36,800,88100,500,32800,205,19900,1786683659707
IMPLOG,leaf,ForkJoinPool-104-worker-6,6,36,4,36,700,89200,500,31800,218,21600,1786683659707
IMPLOG,leaf,ForkJoinPool-104-worker-7,6,36,4,36,5000,288200,600,33400,258,171000,1786683659707
IMPLOG,leaf,ForkJoinPool-104-worker-3,6,36,4,36,800,87300,500,31600,214,19200,1786683659707
IMPLOG,leaf,ForkJoinPool-104-worker-2,6,36,4,36,2400,358100,600,286200,250,24300,1786683659707
IMPLOG,leaf,ForkJoinPool-104-worker-1,6,36,4,36,2100,86500,500,32200,191,17500,1786683659707
IMPLOG,leaf,ForkJoinPool-104-worker-6,6,36,4,36,1900,89200,500,32500,208,19500,1786683659707
IMPLOG,leaf,ForkJoinPool-104-worker-3,6,36,4,36,1800,90700,500,32000,219,20300,1786683659707
IMPLOG,leaf,ForkJoinPool-104-worker-4,6,36,4,36,13800,90300,500,32500,226,20400,1786683659707
IMPLOG,leaf,ForkJoinPool-104-worker-7,6,36,4,36,800,107700,600,39500,256,24300,1786683659707
IMPLOG,leaf,ForkJoinPool-104-worker-1,6,36,4,36,800,83400,500,33200,177,16100,1786683659707
IMPLOG,leaf,ForkJoinPool-104-worker-2,6,36,4,36,2700,111700,600,38300,221,21000,1786683659707
IMPLOG,leaf,ForkJoinPool-104-worker-3,6,36,4,36,700,88500,500,33200,193,18700,1786683659707
IMPLOG,leaf,ForkJoinPool-104-worker-4,6,36,4,36,800,88500,500,33100,210,19700,1786683659707
IMPLOG,leaf,ForkJoinPool-104-worker-7,6,36,4,36,2300,93800,500,41400,212,17600,1786683659707
IMPLOG,leaf,ForkJoinPool-104-worker-6,6,36,4,36,800,136300,500,31000,203,19700,1786683659707
IMPLOG,leaf,ForkJoinPool-104-worker-1,6,36,4,36,800,86100,500,32500,189,17800,1786683659708
IMPLOG,leaf,ForkJoinPool-104-worker-2,6,36,4,36,1500,72000,500,27600,182,14300,1786683659708
IMPLOG,leaf,ForkJoinPool-104-worker-7,6,36,4,36,1100,63300,500,21000,209,14900,1786683659708
IMPLOG,leaf,ForkJoinPool-104-worker-4,6,36,4,36,800,89800,500,33000,220,20900,1786683659708
IMPLOG,leaf,ForkJoinPool-104-worker-3,6,36,4,36,700,100800,600,39500,191,17400,1786683659708
IMPLOG,leaf,ForkJoinPool-104-worker-6,6,36,4,36,900,88400,500,32600,224,20700,1786683659708
IMPLOG,leaf,ForkJoinPool-104-worker-7,6,36,4,36,1900,63000,500,20700,223,16400,1786683659708
IMPLOG,leaf,ForkJoinPool-104-worker-1,6,36,4,36,11600,81400,500,33000,176,16300,1786683659708
IMPLOG,leaf,ForkJoinPool-104-worker-2,6,36,4,36,3000,86200,500,27100,163,14800,1786683659708
IMPLOG,leaf,ForkJoinPool-104-worker-4,6,36,4,36,2200,88700,500,32800,209,18900,1786683659708
IMPLOG,leaf,ForkJoinPool-104-worker-3,6,36,4,36,15700,86800,500,31800,211,19000,1786683659708
IMPLOG,scan,main,6,36,4,36,779300,1786683659707
IMPLOG,leaf,ForkJoinPool-104-worker-7,6,36,4,37,4000,75200,600,25000,257,18700,1786683659708
IMPLOG,leaf,ForkJoinPool-104-worker-3,6,36,4,37,1300,86400,600,28100,269,21300,1786683659708
IMPLOG,leaf,ForkJoinPool-104-worker-4,6,36,4,37,1400,105000,600,38600,244,20600,1786683659708
IMPLOG,leaf,ForkJoinPool-104-worker-6,6,36,4,37,2600,88800,500,32700,210,18400,1786683659708
IMPLOG,leaf,ForkJoinPool-104-worker-1,6,36,4,37,1100,106500,600,40000,250,22500,1786683659708
IMPLOG,leaf,ForkJoinPool-104-worker-2,6,36,4,37,2400,101100,600,40700,191,18500,1786683659708
IMPLOG,leaf,ForkJoinPool-104-worker-7,6,36,4,37,600,71900,600,24800,256,18400,1786683659708
IMPLOG,leaf,ForkJoinPool-104-worker-3,6,36,4,37,3000,71700,600,22500,261,18200,1786683659708
IMPLOG,leaf,ForkJoinPool-104-worker-6,6,36,4,37,900,89200,500,32800,220,20900,1786683659708
IMPLOG,leaf,ForkJoinPool-104-worker-4,6,36,4,37,2700,104400,600,38000,242,22200,1786683659708
IMPLOG,leaf,ForkJoinPool-104-worker-2,6,36,4,37,800,84200,500,33500,163,16300,1786683659708
IMPLOG,leaf,ForkJoinPool-104-worker-7,6,36,4,37,1600,59200,500,20000,212,14200,1786683659708
IMPLOG,leaf,ForkJoinPool-104-worker-1,6,36,4,37,2400,105900,600,40200,221,21900,1786683659708
IMPLOG,leaf,ForkJoinPool-104-worker-3,6,36,4,37,400,59100,500,20700,214,15800,1786683659708
IMPLOG,leaf,ForkJoinPool-104-worker-7,6,36,4,37,400,60000,500,22100,209,15400,1786683659708
IMPLOG,leaf,ForkJoinPool-104-worker-6,6,36,4,37,900,89800,500,32400,224,20700,1786683659708
IMPLOG,leaf,ForkJoinPool-104-worker-3,6,36,4,37,400,59600,500,20600,220,15800,1786683659708
IMPLOG,leaf,ForkJoinPool-104-worker-4,6,36,4,37,2300,87200,500,32100,205,17900,1786683659708
IMPLOG,leaf,ForkJoinPool-104-worker-2,6,36,4,37,2900,86100,500,34400,175,17800,1786683659708
IMPLOG,leaf,ForkJoinPool-104-worker-1,6,36,4,37,900,89900,500,32900,182,17300,1786683659708
IMPLOG,leaf,ForkJoinPool-104-worker-3,6,36,4,37,1600,59000,500,20100,193,12900,1786683659708
IMPLOG,leaf,ForkJoinPool-104-worker-7,6,36,4,37,1600,61900,500,19300,223,17400,1786683659708
IMPLOG,leaf,ForkJoinPool-104-worker-2,6,36,4,37,800,90100,500,32300,211,21000,1786683659708
IMPLOG,leaf,ForkJoinPool-104-worker-4,6,36,4,37,900,90500,500,32500,226,22300,1786683659708
IMPLOG,leaf,ForkJoinPool-104-worker-6,6,36,4,37,13000,88800,500,33600,209,20100,1786683659708
IMPLOG,leaf,ForkJoinPool-104-worker-1,6,36,4,37,2400,86300,500,33200,177,18200,1786683659708
IMPLOG,leaf,ForkJoinPool-104-worker-3,6,36,4,37,500,59900,500,20700,210,14500,1786683659708
IMPLOG,leaf,ForkJoinPool-104-worker-5,6,36,4,37,2100,90800,600,33400,254,20400,1786683659708
IMPLOG,leaf,ForkJoinPool-104-worker-3,6,36,4,37,1600,59200,500,20400,215,15800,1786683659708
IMPLOG,leaf,ForkJoinPool-104-worker-4,6,36,4,37,2200,88600,500,33100,203,18800,1786683659708
IMPLOG,leaf,ForkJoinPool-104-worker-2,6,36,4,37,9600,89400,500,32000,222,20500,1786683659708
IMPLOG,leaf,ForkJoinPool-104-worker-6,6,36,4,37,800,88800,500,31100,218,19800,1786683659708
IMPLOG,leaf,ForkJoinPool-104-worker-7,6,36,4,37,1000,88100,500,32400,205,19600,1786683659708
IMPLOG,leaf,ForkJoinPool-104-worker-1,6,36,4,37,2200,84700,500,31900,189,16900,1786683659708
IMPLOG,leaf,ForkJoinPool-104-worker-3,6,36,4,37,500,57300,500,19400,191,13800,1786683659708
IMPLOG,leaf,ForkJoinPool-104-worker-5,6,36,4,37,900,76600,500,26200,208,16800,1786683659708
IMPLOG,scan,main,6,36,4,37,605400,1786683659708
IMPLOG,leaf,ForkJoinPool-104-worker-4,6,36,4,38,2500,122400,600,38600,249,38400,1786683659708
IMPLOG,leaf,ForkJoinPool-104-worker-3,6,36,4,38,1000,119400,600,48700,269,24600,1786683659708
IMPLOG,leaf,ForkJoinPool-104-worker-1,6,36,4,38,900,120300,600,50400,253,22500,1786683659708
IMPLOG,leaf,ForkJoinPool-104-worker-6,6,36,4,38,3300,100700,500,32900,214,31100,1786683659708
IMPLOG,leaf,ForkJoinPool-104-worker-5,6,36,4,38,1300,106300,500,31800,220,35800,1786683659708
IMPLOG,leaf,ForkJoinPool-104-worker-2,6,36,4,38,900,137900,600,40800,202,54200,1786683659708
IMPLOG,leaf,ForkJoinPool-104-worker-6,6,36,4,38,900,63000,500,22200,194,13500,1786683659709
IMPLOG,leaf,ForkJoinPool-104-worker-7,6,36,4,38,900,59300,500,22100,181,13800,1786683659709
IMPLOG,leaf,ForkJoinPool-104-worker-4,6,36,4,38,800,105400,600,39500,246,22300,1786683659709
IMPLOG,leaf,ForkJoinPool-104-worker-3,6,36,4,38,2100,107800,600,39600,261,23900,1786683659709
IMPLOG,leaf,ForkJoinPool-104-worker-2,6,36,4,38,2400,86800,500,34800,166,17000,1786683659709
IMPLOG,leaf,ForkJoinPool-104-worker-1,6,36,4,38,2300,106000,600,40500,224,20800,1786683659709
IMPLOG,leaf,ForkJoinPool-104-worker-7,6,36,4,38,10700,59800,500,19000,213,14400,1786683659709
IMPLOG,leaf,ForkJoinPool-104-worker-6,6,36,4,38,2300,90500,500,34100,212,21400,1786683659709
IMPLOG,leaf,ForkJoinPool-104-worker-1,6,36,4,38,700,60700,500,21300,186,13800,1786683659709
IMPLOG,leaf,ForkJoinPool-104-worker-5,6,36,4,38,2600,90400,500,33300,222,21800,1786683659709
IMPLOG,leaf,ForkJoinPool-104-worker-4,6,36,4,38,2300,88000,500,31400,206,19500,1786683659709
IMPLOG,leaf,ForkJoinPool-104-worker-3,6,36,4,38,800,86300,500,32300,195,18400,1786683659709
IMPLOG,leaf,ForkJoinPool-104-worker-1,6,36,4,38,1700,64400,500,20900,193,14700,1786683659709
IMPLOG,leaf,ForkJoinPool-104-worker-4,6,36,4,38,700,65900,500,22100,226,16700,1786683659709
IMPLOG,leaf,ForkJoinPool-104-worker-2,6,36,4,38,1000,88000,500,34700,185,15800,1786683659709
IMPLOG,leaf,ForkJoinPool-104-worker-6,6,36,4,38,900,84600,500,29400,215,18900,1786683659709
IMPLOG,leaf,ForkJoinPool-104-worker-7,6,36,4,38,700,105000,600,38700,257,22500,1786683659709
IMPLOG,leaf,ForkJoinPool-104-worker-5,6,36,4,38,900,89900,500,31500,218,20000,1786683659709
IMPLOG,leaf,ForkJoinPool-104-worker-4,6,36,4,38,1600,86700,500,32500,206,20200,1786683659709
IMPLOG,leaf,ForkJoinPool-104-worker-3,6,36,4,38,1800,72100,600,22800,255,18200,1786683659709
IMPLOG,leaf,ForkJoinPool-104-worker-6,6,36,4,38,2400,89700,500,32500,211,20200,1786683659709
IMPLOG,leaf,ForkJoinPool-104-worker-2,6,36,4,38,2400,90300,500,32800,223,20900,1786683659709
IMPLOG,leaf,ForkJoinPool-104-worker-1,6,36,4,38,900,88000,500,32900,212,19800,1786683659709
IMPLOG,leaf,ForkJoinPool-104-worker-7,6,36,4,38,2100,108300,600,40500,257,25100,1786683659709
IMPLOG,leaf,ForkJoinPool-104-worker-5,6,36,4,38,2300,80600,500,28700,220,19700,1786683659709
IMPLOG,leaf,ForkJoinPool-104-worker-2,6,36,4,38,2100,69800,500,25400,218,17100,1786683659709
IMPLOG,leaf,ForkJoinPool-104-worker-3,6,36,4,38,400,85700,500,29500,208,18100,1786683659709
IMPLOG,leaf,ForkJoinPool-104-worker-4,6,36,4,38,800,91200,500,31900,224,21100,1786683659709
IMPLOG,leaf,ForkJoinPool-104-worker-1,6,36,4,38,800,87700,500,31200,209,18600,1786683659709
IMPLOG,leaf,ForkJoinPool-104-worker-6,6,36,4,38,900,86100,500,31000,209,18700,1786683659709
IMPLOG,scan,main,6,36,4,38,623500,1786683659708
IMPLOG,leaf,ForkJoinPool-104-worker-4,6,36,4,39,1000,106300,600,40800,249,22500,1786683659709
IMPLOG,leaf,ForkJoinPool-104-worker-3,6,36,4,39,1000,108100,600,40200,269,25200,1786683659709
IMPLOG,leaf,ForkJoinPool-104-worker-7,6,36,4,39,1000,106200,600,39500,253,24300,1786683659709
IMPLOG,leaf,ForkJoinPool-104-worker-5,6,36,4,39,2300,106600,600,40000,257,23400,1786683659709
IMPLOG,leaf,ForkJoinPool-104-worker-6,6,36,4,39,3100,105800,500,39200,212,23400,1786683659709
IMPLOG,leaf,ForkJoinPool-104-worker-2,6,36,4,39,5600,93800,500,33200,218,20600,1786683659709
IMPLOG,leaf,ForkJoinPool-104-worker-4,6,36,4,39,900,105500,600,40900,246,22400,1786683659709
IMPLOG,leaf,ForkJoinPool-104-worker-6,6,36,4,39,3200,89000,500,31600,215,20700,1786683659709
IMPLOG,leaf,ForkJoinPool-104-worker-2,6,36,4,39,2600,89500,500,32500,220,20600,1786683659709
IMPLOG,leaf,ForkJoinPool-104-worker-3,6,36,4,39,2300,106000,600,38400,261,25000,1786683659709
IMPLOG,leaf,ForkJoinPool-104-worker-7,6,36,4,39,900,104900,600,40200,224,22000,1786683659709
IMPLOG,leaf,ForkJoinPool-104-worker-5,6,36,4,39,800,106600,600,39800,256,23000,1786683659709
IMPLOG,leaf,ForkJoinPool-104-worker-4,6,36,4,39,12100,87800,500,32500,206,19400,1786683659709
IMPLOG,leaf,ForkJoinPool-104-worker-6,6,36,4,39,800,89200,500,32100,222,20100,1786683659709
IMPLOG,leaf,ForkJoinPool-104-worker-2,6,36,4,39,800,88900,500,31600,224,19700,1786683659709
IMPLOG,leaf,ForkJoinPool-104-worker-3,6,36,4,39,800,89300,500,32800,214,19200,1786683659709
IMPLOG,leaf,ForkJoinPool-104-worker-7,6,36,4,39,2200,88200,500,33100,186,18500,1786683659709
IMPLOG,leaf,ForkJoinPool-104-worker-5,6,36,4,39,2000,88600,500,32200,212,19200,1786683659709
IMPLOG,leaf,ForkJoinPool-104-worker-6,6,36,4,39,2200,87300,500,33600,195,17900,1786683659709
IMPLOG,leaf,ForkJoinPool-104-worker-4,6,36,4,39,2200,89500,500,32700,226,19700,1786683659709
IMPLOG,leaf,ForkJoinPool-104-worker-2,6,36,4,39,2000,89200,500,33900,209,19100,1786683659709
IMPLOG,leaf,ForkJoinPool-104-worker-7,6,36,4,39,800,87400,500,32500,185,17900,1786683659709
IMPLOG,leaf,ForkJoinPool-104-worker-3,6,36,4,39,800,90100,500,32200,220,20900,1786683659709
IMPLOG,leaf,ForkJoinPool-104-worker-5,6,36,4,39,800,88500,500,31300,211,19400,1786683659709
IMPLOG,leaf,ForkJoinPool-104-worker-1,6,36,4,39,2500,72500,600,24400,255,18200,1786683659709
IMPLOG,leaf,ForkJoinPool-104-worker-4,6,36,4,39,800,87200,500,30900,206,18800,1786683659709
IMPLOG,leaf,ForkJoinPool-104-worker-6,6,36,4,39,800,89100,500,34100,193,18900,1786683659709
IMPLOG,leaf,ForkJoinPool-104-worker-2,6,36,4,39,800,90200,500,32800,223,21100,1786683659709
IMPLOG,leaf,ForkJoinPool-104-worker-3,6,36,4,39,8500,87400,500,32300,194,18500,1786683659709
IMPLOG,leaf,ForkJoinPool-104-worker-1,6,36,4,39,500,83700,500,31900,208,18500,1786683659710
IMPLOG,leaf,ForkJoinPool-104-worker-4,6,36,4,39,2200,88500,500,31000,218,20300,1786683659710
IMPLOG,leaf,ForkJoinPool-104-worker-7,6,36,4,39,2900,82000,500,30900,166,15200,1786683659710
IMPLOG,leaf,ForkJoinPool-104-worker-2,6,36,4,39,900,87700,500,34200,181,17900,1786683659710
IMPLOG,leaf,ForkJoinPool-104-worker-3,6,36,4,39,800,88800,500,33300,213,19700,1786683659710
IMPLOG,leaf,ForkJoinPool-104-worker-5,6,36,4,39,9800,59800,500,20200,209,14400,1786683659710
IMPLOG,leaf,ForkJoinPool-104-worker-6,6,36,4,39,800,102200,600,38200,202,18400,1786683659710
IMPLOG,scan,main,6,36,4,39,651300,1786683659709
IMPLOG,leaf,ForkJoinPool-104-worker-7,6,36,4,40,1100,88700,500,32400,218,20500,1786683659710
IMPLOG,leaf,ForkJoinPool-104-worker-4,6,36,4,40,2400,105200,600,38400,249,22600,1786683659710
IMPLOG,leaf,ForkJoinPool-104-worker-3,6,36,4,40,2500,107900,600,39200,269,25400,1786683659710
IMPLOG,leaf,ForkJoinPool-104-worker-1,6,36,4,40,2400,106800,600,38100,258,23300,1786683659710
IMPLOG,leaf,ForkJoinPool-104-worker-6,6,36,4,40,3000,106700,600,38500,257,22900,1786683659710
IMPLOG,leaf,ForkJoinPool-104-worker-2,6,36,4,40,2200,108200,600,40300,259,24500,1786683659710
IMPLOG,leaf,ForkJoinPool-104-worker-7,6,36,4,40,2100,89200,500,32300,218,20400,1786683659710
IMPLOG,leaf,ForkJoinPool-104-worker-4,6,36,4,40,800,105300,600,39100,246,22200,1786683659710
IMPLOG,leaf,ForkJoinPool-104-worker-6,6,36,4,40,800,87600,500,33800,208,19000,1786683659710
IMPLOG,leaf,ForkJoinPool-104-worker-3,6,36,4,40,800,106900,600,39200,261,23400,1786683659710
IMPLOG,leaf,ForkJoinPool-104-worker-1,6,36,4,40,2000,106900,600,41400,254,24100,1786683659710
IMPLOG,leaf,ForkJoinPool-104-worker-2,6,36,4,40,700,105400,600,40400,231,22400,1786683659710
IMPLOG,leaf,ForkJoinPool-104-worker-7,6,36,4,40,2000,89600,500,33800,224,19800,1786683659710
IMPLOG,leaf,ForkJoinPool-104-worker-4,6,36,4,40,2100,87900,500,31800,208,19400,1786683659710
IMPLOG,leaf,ForkJoinPool-104-worker-6,6,36,4,40,2100,88400,500,31100,217,19300,1786683659710
IMPLOG,leaf,ForkJoinPool-104-worker-3,6,36,4,40,2200,89800,500,32800,215,20300,1786683659710
IMPLOG,leaf,ForkJoinPool-104-worker-1,6,36,4,40,800,88200,500,32000,212,20000,1786683659710
IMPLOG,leaf,ForkJoinPool-104-worker-2,6,36,4,40,2100,88600,500,33500,189,17400,1786683659710
IMPLOG,leaf,ForkJoinPool-104-worker-7,6,36,4,40,700,88400,500,32300,208,19900,1786683659710
IMPLOG,leaf,ForkJoinPool-104-worker-4,6,36,4,40,2200,89300,500,30900,225,20400,1786683659710
IMPLOG,leaf,ForkJoinPool-104-worker-6,6,36,4,40,800,89000,500,33100,209,19500,1786683659710
IMPLOG,leaf,ForkJoinPool-104-worker-3,6,36,4,40,2000,90300,500,32500,220,21700,1786683659710
IMPLOG,leaf,ForkJoinPool-104-worker-1,6,36,4,40,800,90200,500,33400,212,20700,1786683659710
IMPLOG,leaf,ForkJoinPool-104-worker-2,6,36,4,40,800,87900,500,34100,185,16900,1786683659710
IMPLOG,leaf,ForkJoinPool-104-worker-7,6,36,4,40,2200,74400,500,25100,223,17800,1786683659710
IMPLOG,leaf,ForkJoinPool-104-worker-4,6,36,4,40,800,88300,500,32400,205,19000,1786683659710
IMPLOG,leaf,ForkJoinPool-104-worker-6,6,36,4,40,800,91100,500,33200,213,20700,1786683659710
IMPLOG,leaf,ForkJoinPool-104-worker-5,6,36,4,40,900,68500,600,24600,199,15100,1786683659710
IMPLOG,leaf,ForkJoinPool-104-worker-3,6,36,4,40,800,87400,500,32200,194,18000,1786683659710
IMPLOG,leaf,ForkJoinPool-104-worker-2,6,36,4,40,900,87100,500,33400,193,17500,1786683659710
IMPLOG,leaf,ForkJoinPool-104-worker-7,6,36,4,40,700,86000,500,31900,188,17800,1786683659710
IMPLOG,leaf,ForkJoinPool-104-worker-1,6,36,4,40,11100,82800,500,33100,166,15800,1786683659710
IMPLOG,leaf,ForkJoinPool-104-worker-5,6,36,4,40,2400,61200,500,20000,218,15300,1786683659710
IMPLOG,leaf,ForkJoinPool-104-worker-6,6,36,4,40,11800,65700,500,22900,215,15100,1786683659710
IMPLOG,leaf,ForkJoinPool-104-worker-4,6,36,4,40,2200,89800,500,31500,222,20400,1786683659710
IMPLOG,leaf,ForkJoinPool-104-worker-3,6,36,4,40,2300,85500,500,32500,195,18400,1786683659710
IMPLOG,scan,main,6,36,4,40,648400,1786683659710
IMPLOG,leaf,ForkJoinPool-104-worker-4,6,36,4,41,2300,105400,600,38400,247,23000,1786683659710
IMPLOG,leaf,ForkJoinPool-104-worker-6,6,36,4,41,900,94700,500,37800,213,20300,1786683659710
IMPLOG,leaf,ForkJoinPool-104-worker-7,6,36,4,41,3100,89200,500,31900,217,19700,1786683659710
IMPLOG,leaf,ForkJoinPool-104-worker-3,6,36,4,41,900,107300,600,38300,269,24900,1786683659710
IMPLOG,leaf,ForkJoinPool-104-worker-2,6,36,4,41,1100,106800,600,38600,259,23400,1786683659710
IMPLOG,leaf,ForkJoinPool-104-worker-5,6,36,4,41,900,106200,600,38700,258,23900,1786683659710
IMPLOG,leaf,ForkJoinPool-104-worker-7,6,36,4,41,800,88900,500,32000,218,19200,1786683659711
IMPLOG,leaf,ForkJoinPool-104-worker-6,6,36,4,41,2400,89100,500,32300,216,20900,1786683659711
IMPLOG,leaf,ForkJoinPool-104-worker-4,6,36,4,41,800,105500,600,39300,244,21800,1786683659710
IMPLOG,leaf,ForkJoinPool-104-worker-3,6,36,4,41,2300,107100,600,38600,261,24000,1786683659711
IMPLOG,leaf,ForkJoinPool-104-worker-5,6,36,4,41,700,107000,600,39500,253,23900,1786683659711
IMPLOG,leaf,ForkJoinPool-104-worker-2,6,36,4,41,7100,105000,600,39800,231,22900,1786683659711
IMPLOG,leaf,ForkJoinPool-104-worker-6,6,36,4,41,600,88800,500,31800,222,19300,1786683659711
IMPLOG,leaf,ForkJoinPool-104-worker-7,6,36,4,41,700,89800,500,33900,224,20100,1786683659711
IMPLOG,leaf,ForkJoinPool-104-worker-4,6,36,4,41,2700,87300,500,30800,206,18900,1786683659711
IMPLOG,leaf,ForkJoinPool-104-worker-3,6,36,4,41,1900,90200,500,32400,215,20700,1786683659711
IMPLOG,leaf,ForkJoinPool-104-worker-5,6,36,4,41,2300,87400,500,31600,213,19400,1786683659711
IMPLOG,leaf,ForkJoinPool-104-worker-2,6,36,4,41,2600,88700,500,32300,188,17300,1786683659711
IMPLOG,leaf,ForkJoinPool-104-worker-6,6,36,4,41,2300,87000,500,32800,194,16800,1786683659711
IMPLOG,leaf,ForkJoinPool-104-worker-7,6,36,4,41,800,88000,500,33100,208,18300,1786683659711
IMPLOG,leaf,ForkJoinPool-104-worker-4,6,36,4,41,800,89700,500,32400,225,20800,1786683659711
IMPLOG,leaf,ForkJoinPool-104-worker-3,6,36,4,41,800,89700,500,31900,220,20800,1786683659711
IMPLOG,leaf,ForkJoinPool-104-worker-5,6,36,4,41,800,88400,500,33500,211,18800,1786683659711
IMPLOG,leaf,ForkJoinPool-104-worker-2,6,36,4,41,900,87000,500,34000,185,17000,1786683659711
IMPLOG,leaf,ForkJoinPool-104-worker-6,6,36,4,41,800,87200,500,33200,193,18400,1786683659711
IMPLOG,leaf,ForkJoinPool-104-worker-4,6,36,4,41,2100,88000,500,32000,204,20000,1786683659711
IMPLOG,leaf,ForkJoinPool-104-worker-7,6,36,4,41,11600,89700,500,30700,223,20700,1786683659711
IMPLOG,leaf,ForkJoinPool-104-worker-1,6,36,4,41,2600,74400,600,26800,198,14700,1786683659711
IMPLOG,leaf,ForkJoinPool-104-worker-3,6,36,4,41,2300,87100,500,31600,194,17800,1786683659711
IMPLOG,leaf,ForkJoinPool-104-worker-5,6,36,4,41,2000,60400,500,20400,208,14800,1786683659711
IMPLOG,leaf,ForkJoinPool-104-worker-4,6,36,4,41,800,88200,500,31200,209,18400,1786683659711
IMPLOG,leaf,ForkJoinPool-104-worker-2,6,36,4,41,900,89600,500,31200,217,20500,1786683659711
IMPLOG,leaf,ForkJoinPool-104-worker-1,6,36,4,41,700,84700,500,34500,166,15600,1786683659711
IMPLOG,leaf,ForkJoinPool-104-worker-6,6,36,4,41,1300,106700,600,39900,256,23800,1786683659711
IMPLOG,leaf,ForkJoinPool-104-worker-7,6,36,4,41,2500,88100,500,33300,188,17700,1786683659711
IMPLOG,leaf,ForkJoinPool-104-worker-3,6,36,4,41,700,88900,500,31200,217,19700,1786683659711
IMPLOG,scan,main,6,36,4,41,629800,1786683659710
IMPLOG,leaf,ForkJoinPool-104-worker-5,6,36,4,42,600,59700,500,21300,188,13500,1786683659711
IMPLOG,leaf,ForkJoinPool-104-worker-2,6,36,4,42,3400,72200,600,22900,258,18100,1786683659711
IMPLOG,leaf,ForkJoinPool-104-worker-4,6,36,4,42,1200,105800,600,40400,247,22400,1786683659711
IMPLOG,leaf,ForkJoinPool-104-worker-7,6,36,4,42,1000,107200,600,39100,270,24100,1786683659711
IMPLOG,leaf,ForkJoinPool-104-worker-1,6,36,4,42,2500,102000,600,39300,198,19500,1786683659711
IMPLOG,leaf,ForkJoinPool-104-worker-3,6,36,4,42,2600,107300,600,39800,259,25500,1786683659711
IMPLOG,leaf,ForkJoinPool-104-worker-5,6,36,4,42,2200,62800,500,22300,217,15300,1786683659711
IMPLOG,leaf,ForkJoinPool-104-worker-2,6,36,4,42,500,72000,600,24900,253,17300,1786683659711
IMPLOG,leaf,ForkJoinPool-104-worker-1,6,36,4,42,800,84700,500,32800,166,15600,1786683659711
IMPLOG,leaf,ForkJoinPool-104-worker-5,6,36,4,42,1700,60600,500,21400,217,15400,1786683659711
IMPLOG,leaf,ForkJoinPool-104-worker-4,6,36,4,42,900,105400,600,39500,244,22400,1786683659711
IMPLOG,leaf,ForkJoinPool-104-worker-7,6,36,4,42,800,107500,600,40400,261,23400,1786683659711
IMPLOG,leaf,ForkJoinPool-104-worker-2,6,36,4,42,1700,59000,500,19600,213,15200,1786683659711
IMPLOG,leaf,ForkJoinPool-104-worker-3,6,36,4,42,2200,105400,600,39300,232,21500,1786683659711
IMPLOG,leaf,ForkJoinPool-104-worker-5,6,36,4,42,500,60200,500,19700,218,15800,1786683659711
IMPLOG,leaf,ForkJoinPool-104-worker-2,6,36,4,42,500,59600,500,20900,211,15500,1786683659711
IMPLOG,leaf,ForkJoinPool-104-worker-1,6,36,4,42,800,89500,500,31900,220,21100,1786683659711
IMPLOG,leaf,ForkJoinPool-104-worker-4,6,36,4,42,7500,87800,500,32700,206,18400,1786683659711
IMPLOG,leaf,ForkJoinPool-104-worker-7,6,36,4,42,2200,89300,500,32700,215,19500,1786683659711
IMPLOG,leaf,ForkJoinPool-104-worker-3,6,36,4,42,800,87700,500,34700,188,17900,1786683659711
IMPLOG,leaf,ForkJoinPool-104-worker-5,6,36,4,42,1700,65300,500,20500,224,16000,1786683659711
IMPLOG,leaf,ForkJoinPool-104-worker-2,6,36,4,42,800,59900,500,19500,223,15500,1786683659711
IMPLOG,leaf,ForkJoinPool-104-worker-1,6,36,4,42,6800,87000,500,33400,194,18300,1786683659711
IMPLOG,leaf,ForkJoinPool-104-worker-5,6,36,4,42,500,62100,500,21300,208,14900,1786683659711
IMPLOG,leaf,ForkJoinPool-104-worker-4,6,36,4,42,5300,90500,500,33100,225,20500,1786683659711
IMPLOG,leaf,ForkJoinPool-104-worker-3,6,36,4,42,800,86100,500,34000,185,17300,1786683659711
IMPLOG,leaf,ForkJoinPool-104-worker-7,6,36,4,42,700,90700,500,33500,213,20200,1786683659711
IMPLOG,leaf,ForkJoinPool-104-worker-6,6,36,4,42,3900,73300,500,25600,222,17700,1786683659711
IMPLOG,leaf,ForkJoinPool-104-worker-5,6,36,4,42,4000,71900,600,23300,256,18200,1786683659711
IMPLOG,leaf,ForkJoinPool-104-worker-1,6,36,4,42,800,89000,500,33600,216,19700,1786683659711
IMPLOG,leaf,ForkJoinPool-104-worker-2,6,36,4,42,7200,71800,500,24300,217,17800,1786683659711
IMPLOG,leaf,ForkJoinPool-104-worker-4,6,36,4,42,800,87100,500,31400,204,18600,1786683659711
IMPLOG,leaf,ForkJoinPool-104-worker-7,6,36,4,42,10900,88200,500,32300,194,18600,1786683659711
IMPLOG,leaf,ForkJoinPool-104-worker-3,6,36,4,42,14600,92500,500,33700,193,18400,1786683659711
IMPLOG,leaf,ForkJoinPool-104-worker-5,6,36,4,42,400,67100,500,23200,209,14900,1786683659712
IMPLOG,leaf,ForkJoinPool-104-worker-1,6,36,4,42,5200,65700,500,21200,208,15200,1786683659712
IMPLOG,scan,main,6,36,4,42,593500,1786683659711
IMPLOG,leaf,ForkJoinPool-104-worker-4,6,36,4,43,700,106000,600,38900,247,22300,1786683659712
IMPLOG,leaf,ForkJoinPool-104-worker-3,6,36,4,43,5700,87100,500,33300,187,17900,1786683659712
IMPLOG,leaf,ForkJoinPool-104-worker-5,6,36,4,43,1000,108000,600,39700,270,25600,1786683659712
IMPLOG,leaf,ForkJoinPool-104-worker-7,6,36,4,43,900,101300,600,39200,198,18900,1786683659712
IMPLOG,leaf,ForkJoinPool-104-worker-2,6,36,4,43,5700,116400,600,41600,259,26100,1786683659712
IMPLOG,leaf,ForkJoinPool-104-worker-1,6,36,4,43,5300,119400,600,41400,258,27600,1786683659712
IMPLOG,leaf,ForkJoinPool-104-worker-3,6,36,4,43,900,88000,500,32000,217,18900,1786683659712
IMPLOG,leaf,ForkJoinPool-104-worker-7,6,36,4,43,6500,85100,500,32600,166,16300,1786683659712
IMPLOG,leaf,ForkJoinPool-104-worker-4,6,36,4,43,4800,104800,600,39600,244,23300,1786683659712
IMPLOG,leaf,ForkJoinPool-104-worker-5,6,36,4,43,800,107600,600,39000,262,25100,1786683659712
IMPLOG,leaf,ForkJoinPool-104-worker-2,6,36,4,43,2600,105500,600,39300,234,22300,1786683659712
IMPLOG,leaf,ForkJoinPool-104-worker-1,6,36,4,43,800,107100,600,39300,253,23300,1786683659712
IMPLOG,leaf,ForkJoinPool-104-worker-3,6,36,4,43,2200,89800,500,33000,213,20100,1786683659712
IMPLOG,leaf,ForkJoinPool-104-worker-4,6,36,4,43,800,86700,500,32300,206,18400,1786683659712
IMPLOG,leaf,ForkJoinPool-104-worker-7,6,36,4,43,1900,89000,500,33500,220,20700,1786683659712
IMPLOG,leaf,ForkJoinPool-104-worker-5,6,36,4,43,7400,87500,500,31600,215,19300,1786683659712
IMPLOG,leaf,ForkJoinPool-104-worker-1,6,36,4,43,2300,88500,500,32200,213,20700,1786683659712
IMPLOG,leaf,ForkJoinPool-104-worker-2,6,36,4,43,800,88400,500,34500,191,17200,1786683659712
IMPLOG,leaf,ForkJoinPool-104-worker-3,6,36,4,43,4900,88000,500,32200,216,19100,1786683659712
IMPLOG,leaf,ForkJoinPool-104-worker-7,6,36,4,43,800,87200,500,32300,193,19000,1786683659712
IMPLOG,leaf,ForkJoinPool-104-worker-4,6,36,4,43,6300,89500,500,32900,225,20500,1786683659712
IMPLOG,leaf,ForkJoinPool-104-worker-5,6,36,4,43,4400,87200,500,32500,186,17500,1786683659712
IMPLOG,leaf,ForkJoinPool-104-worker-1,6,36,4,43,600,88600,500,33300,211,19700,1786683659712
IMPLOG,leaf,ForkJoinPool-104-worker-2,6,36,4,43,800,89100,500,32300,222,19600,1786683659712
IMPLOG,leaf,ForkJoinPool-104-worker-3,6,36,4,43,800,88600,500,32700,193,19700,1786683659712
IMPLOG,leaf,ForkJoinPool-104-worker-7,6,36,4,43,4600,88700,500,33900,217,19000,1786683659712
IMPLOG,leaf,ForkJoinPool-104-worker-4,6,36,4,43,800,88300,500,32100,204,19100,1786683659712
IMPLOG,leaf,ForkJoinPool-104-worker-5,6,36,4,43,800,86800,500,32700,195,18400,1786683659712
IMPLOG,leaf,ForkJoinPool-104-worker-1,6,36,4,43,6400,64100,500,21000,223,16000,1786683659712
IMPLOG,leaf,ForkJoinPool-104-worker-6,6,36,4,43,2200,75200,600,23300,256,17600,1786683659712
IMPLOG,leaf,ForkJoinPool-104-worker-7,6,36,4,43,700,59800,500,19100,218,14700,1786683659712
IMPLOG,leaf,ForkJoinPool-104-worker-4,6,36,4,43,800,89200,500,31400,217,19000,1786683659712
IMPLOG,leaf,ForkJoinPool-104-worker-1,6,36,4,43,900,87700,500,31800,224,19800,1786683659712
IMPLOG,leaf,ForkJoinPool-104-worker-5,6,36,4,43,5800,61900,500,20600,209,14700,1786683659712
IMPLOG,leaf,ForkJoinPool-104-worker-3,6,36,4,43,4200,83300,500,30900,208,18600,1786683659712
IMPLOG,leaf,ForkJoinPool-104-worker-2,6,36,4,43,4700,86300,500,30400,210,19100,1786683659712
IMPLOG,scan,main,6,36,4,43,654600,1786683659712
IMPLOG,leaf,ForkJoinPool-104-worker-4,6,36,4,44,5400,104700,600,37900,245,21000,1786683659712
IMPLOG,leaf,ForkJoinPool-104-worker-3,6,36,4,44,1000,89800,500,33200,217,19900,1786683659712
IMPLOG,leaf,ForkJoinPool-104-worker-7,6,36,4,44,2300,90200,500,32200,225,20400,1786683659712
IMPLOG,leaf,ForkJoinPool-104-worker-2,6,36,4,44,1200,105500,600,37600,258,23600,1786683659712
IMPLOG,leaf,ForkJoinPool-104-worker-6,6,36,4,44,1000,108100,600,39300,270,24800,1786683659712
IMPLOG,leaf,ForkJoinPool-104-worker-1,6,36,4,44,2400,105600,600,38100,256,23300,1786683659712
IMPLOG,leaf,ForkJoinPool-104-worker-3,6,36,4,44,2800,89500,500,33300,218,20900,1786683659712
IMPLOG,leaf,ForkJoinPool-104-worker-7,6,36,4,44,800,88000,500,32500,204,19300,1786683659712
IMPLOG,leaf,ForkJoinPool-104-worker-1,6,36,4,44,2600,87700,500,32400,210,19600,1786683659712
IMPLOG,leaf,ForkJoinPool-104-worker-4,6,36,4,44,900,104800,600,38400,244,22700,1786683659712
IMPLOG,leaf,ForkJoinPool-104-worker-2,6,36,4,44,2500,106200,600,38500,254,22900,1786683659712
IMPLOG,leaf,ForkJoinPool-104-worker-6,6,36,4,44,2500,107400,600,38800,262,23800,1786683659712
IMPLOG,leaf,ForkJoinPool-104-worker-3,6,36,4,44,700,90300,500,31200,224,20500,1786683659712
IMPLOG,leaf,ForkJoinPool-104-worker-7,6,36,4,44,800,87600,500,32300,207,20500,1786683659712
IMPLOG,leaf,ForkJoinPool-104-worker-1,6,36,4,44,800,88600,500,31300,217,19600,1786683659712
IMPLOG,leaf,ForkJoinPool-104-worker-2,6,36,4,44,700,87400,500,31800,212,19400,1786683659713
IMPLOG,leaf,ForkJoinPool-104-worker-6,6,36,4,44,800,89900,500,31700,215,21500,1786683659713
IMPLOG,leaf,ForkJoinPool-104-worker-4,6,36,4,44,800,107200,600,40000,259,24300,1786683659713
IMPLOG,leaf,ForkJoinPool-104-worker-3,6,36,4,44,2500,86700,500,33400,209,19700,1786683659713
IMPLOG,leaf,ForkJoinPool-104-worker-7,6,36,4,44,2400,92300,500,33800,213,20800,1786683659713
IMPLOG,leaf,ForkJoinPool-104-worker-1,6,36,4,44,800,90100,500,33300,208,19000,1786683659713
IMPLOG,leaf,ForkJoinPool-104-worker-6,6,36,4,44,4800,89000,500,32400,220,19000,1786683659713
IMPLOG,leaf,ForkJoinPool-104-worker-2,6,36,4,44,15300,88200,500,32700,211,18300,1786683659713
IMPLOG,leaf,ForkJoinPool-104-worker-4,6,36,4,44,2100,105400,600,40200,234,20900,1786683659713
IMPLOG,leaf,ForkJoinPool-104-worker-3,6,36,4,44,2200,76300,500,25600,223,18600,1786683659713
IMPLOG,leaf,ForkJoinPool-104-worker-7,6,36,4,44,800,88400,500,31300,216,19800,1786683659713
IMPLOG,leaf,ForkJoinPool-104-worker-1,6,36,4,44,10300,87700,500,33300,186,18400,1786683659713
IMPLOG,leaf,ForkJoinPool-104-worker-6,6,36,4,44,800,86500,500,33000,193,17300,1786683659713
IMPLOG,leaf,ForkJoinPool-104-worker-5,6,36,4,44,6000,59600,500,20800,193,14100,1786683659713
IMPLOG,leaf,ForkJoinPool-104-worker-4,6,36,4,44,700,88700,500,35200,191,18900,1786683659713
IMPLOG,leaf,ForkJoinPool-104-worker-7,6,36,4,44,8800,74500,500,27000,195,16000,1786683659713
IMPLOG,leaf,ForkJoinPool-104-worker-2,6,36,4,44,2900,90400,500,33000,222,20000,1786683659713
IMPLOG,leaf,ForkJoinPool-104-worker-3,6,36,4,44,800,101100,600,39200,198,19700,1786683659713
IMPLOG,leaf,ForkJoinPool-104-worker-6,6,36,4,44,2300,66900,500,22900,188,15000,1786683659713
IMPLOG,leaf,ForkJoinPool-104-worker-5,6,36,4,44,500,62400,500,22900,166,12100,1786683659713
IMPLOG,leaf,ForkJoinPool-104-worker-1,6,36,4,44,2500,82500,500,30300,217,19600,1786683659713
IMPLOG,scan,main,6,36,4,44,676100,1786683659712
IMPLOG,leaf,ForkJoinPool-104-worker-4,6,36,4,45,2000,105200,600,40000,245,22800,1786683659713
IMPLOG,leaf,ForkJoinPool-104-worker-1,6,36,4,45,800,102500,600,39100,198,18400,1786683659713
IMPLOG,leaf,ForkJoinPool-104-worker-6,6,36,4,45,2800,109000,600,39100,270,24300,1786683659713
IMPLOG,leaf,ForkJoinPool-104-worker-3,6,36,4,45,2800,106200,600,39600,259,23800,1786683659713
IMPLOG,leaf,ForkJoinPool-104-worker-2,6,36,4,45,1000,90700,500,33100,213,20200,1786683659713
IMPLOG,leaf,ForkJoinPool-104-worker-5,6,36,4,45,3100,90300,500,32500,220,20500,1786683659713
IMPLOG,leaf,ForkJoinPool-104-worker-1,6,36,4,45,2400,84600,500,33600,166,16100,1786683659713
IMPLOG,leaf,ForkJoinPool-104-worker-4,6,36,4,45,2200,105100,600,38300,244,23100,1786683659713
IMPLOG,leaf,ForkJoinPool-104-worker-5,6,36,4,45,800,86900,500,32500,192,17100,1786683659713
IMPLOG,leaf,ForkJoinPool-104-worker-2,6,36,4,45,2600,89600,500,33500,216,19600,1786683659713
IMPLOG,leaf,ForkJoinPool-104-worker-6,6,36,4,45,800,107500,600,39100,262,25100,1786683659713
IMPLOG,leaf,ForkJoinPool-104-worker-3,6,36,4,45,800,105900,600,39900,235,21500,1786683659713
IMPLOG,leaf,ForkJoinPool-104-worker-1,6,36,4,45,2200,86600,500,33100,188,17500,1786683659713
IMPLOG,leaf,ForkJoinPool-104-worker-4,6,36,4,45,800,86200,500,28400,207,18600,1786683659713
IMPLOG,leaf,ForkJoinPool-104-worker-5,6,36,4,45,2200,89900,500,32500,215,20000,1786683659713
IMPLOG,leaf,ForkJoinPool-104-worker-2,6,36,4,45,800,89200,500,32200,222,19100,1786683659713
IMPLOG,leaf,ForkJoinPool-104-worker-3,6,36,4,45,800,88500,500,34000,191,18700,1786683659713
IMPLOG,leaf,ForkJoinPool-104-worker-6,6,36,4,45,15900,89300,500,32800,216,20800,1786683659713
IMPLOG,leaf,ForkJoinPool-104-worker-4,6,36,4,45,7700,72300,500,25100,225,17400,1786683659713
IMPLOG,leaf,ForkJoinPool-104-worker-1,6,36,4,45,800,86800,500,32400,196,17400,1786683659713
IMPLOG,leaf,ForkJoinPool-104-worker-2,6,36,4,45,900,87700,500,33100,186,18500,1786683659713
IMPLOG,leaf,ForkJoinPool-104-worker-3,6,36,4,45,2100,89300,500,33200,194,19100,1786683659713
IMPLOG,leaf,ForkJoinPool-104-worker-5,6,36,4,45,2100,102700,600,37600,258,23500,1786683659713
IMPLOG,leaf,ForkJoinPool-104-worker-7,6,36,4,45,800,60100,500,19900,215,13800,1786683659713
IMPLOG,leaf,ForkJoinPool-104-worker-4,6,36,4,45,1000,67000,500,24200,204,15900,1786683659713
IMPLOG,leaf,ForkJoinPool-104-worker-1,6,36,4,45,1900,89600,500,32500,224,18900,1786683659713
IMPLOG,leaf,ForkJoinPool-104-worker-5,6,36,4,45,500,74200,600,26800,254,18200,1786683659713
IMPLOG,leaf,ForkJoinPool-104-worker-7,6,36,4,45,1600,87300,500,32300,218,20000,1786683659713
IMPLOG,leaf,ForkJoinPool-104-worker-3,6,36,4,45,900,86200,500,31100,211,17700,1786683659713
IMPLOG,leaf,ForkJoinPool-104-worker-6,6,36,4,45,900,89200,500,31500,217,20900,1786683659713
IMPLOG,leaf,ForkJoinPool-104-worker-2,6,36,4,45,2200,107100,600,39000,256,24400,1786683659713
IMPLOG,leaf,ForkJoinPool-104-worker-4,6,36,4,45,3000,88600,500,32200,212,20300,1786683659713
IMPLOG,leaf,ForkJoinPool-104-worker-5,6,36,4,45,1900,59500,500,20100,208,14300,1786683659713
IMPLOG,leaf,ForkJoinPool-104-worker-1,6,36,4,45,900,80900,500,28700,209,18800,1786683659713
IMPLOG,leaf,ForkJoinPool-104-worker-3,6,36,4,45,8300,60500,500,18500,223,15900,1786683659713
IMPLOG,leaf,ForkJoinPool-104-worker-6,6,36,4,45,2200,70600,500,23000,210,15800,1786683659713
IMPLOG,scan,main,6,36,4,45,639000,1786683659713
IMPLOG,leaf,ForkJoinPool-105-worker-1,6,36,5,1,3800,107100,600,36700,258,23300,1786683659719
IMPLOG,leaf,ForkJoinPool-105-worker-1,6,36,5,1,1000,107900,600,37600,265,23800,1786683659719
IMPLOG,leaf,ForkJoinPool-105-worker-1,6,36,5,1,2600,85500,500,27700,221,18500,1786683659719
IMPLOG,leaf,ForkJoinPool-105-worker-1,6,36,5,1,2300,68800,500,23800,224,17000,1786683659719
IMPLOG,leaf,ForkJoinPool-105-worker-1,6,36,5,1,500,74800,500,26000,215,17000,1786683659719
IMPLOG,leaf,ForkJoinPool-105-worker-1,6,36,5,1,1900,77100,600,23500,268,19100,1786683659720
IMPLOG,leaf,ForkJoinPool-105-worker-1,6,36,5,1,500,77800,500,27300,220,17400,1786683659720
IMPLOG,leaf,ForkJoinPool-105-worker-4,6,36,5,1,1400,104200,600,35800,258,22100,1786683659720
IMPLOG,leaf,ForkJoinPool-105-worker-3,6,36,5,1,1100,86400,600,28000,260,21400,1786683659720
IMPLOG,leaf,ForkJoinPool-105-worker-1,6,36,5,1,2800,85400,500,29000,214,18900,1786683659720
IMPLOG,leaf,ForkJoinPool-105-worker-3,6,36,5,1,2200,74000,600,24500,257,19200,1786683659720
IMPLOG,leaf,ForkJoinPool-105-worker-4,6,36,5,1,3100,108200,600,36700,265,24100,1786683659720
IMPLOG,leaf,ForkJoinPool-105-worker-5,6,36,5,1,900,80900,500,26300,213,18000,1786683659720
IMPLOG,leaf,ForkJoinPool-105-worker-1,6,36,5,1,800,90500,500,32400,217,20100,1786683659720
IMPLOG,leaf,ForkJoinPool-105-worker-2,6,36,5,1,1100,110200,600,39100,263,25700,1786683659720
IMPLOG,leaf,ForkJoinPool-105-worker-3,6,36,5,1,700,83300,500,26700,218,18400,1786683659720
IMPLOG,leaf,ForkJoinPool-105-worker-5,6,36,5,1,2300,61700,500,19400,220,16600,1786683659720
IMPLOG,leaf,ForkJoinPool-105-worker-4,6,36,5,1,1000,86900,500,30000,216,18800,1786683659720
IMPLOG,leaf,ForkJoinPool-105-worker-5,6,36,5,1,500,61200,500,17500,204,15800,1786683659720
IMPLOG,leaf,ForkJoinPool-105-worker-1,6,36,5,1,800,110800,600,39200,258,25300,1786683659720
IMPLOG,leaf,ForkJoinPool-105-worker-3,6,36,5,1,2500,91600,500,31600,220,22100,1786683659720
IMPLOG,leaf,ForkJoinPool-105-worker-6,6,36,5,1,1100,96800,500,33400,216,22300,1786683659720
IMPLOG,leaf,ForkJoinPool-105-worker-2,6,36,5,1,3200,110500,600,38300,267,24900,1786683659720
IMPLOG,leaf,ForkJoinPool-105-worker-4,6,36,5,1,2600,87800,500,29200,221,18600,1786683659720
IMPLOG,leaf,ForkJoinPool-105-worker-5,6,36,5,1,1800,61400,500,19700,220,15600,1786683659720
IMPLOG,leaf,ForkJoinPool-105-worker-1,6,36,5,1,2300,93300,500,33600,223,22500,1786683659720
IMPLOG,leaf,ForkJoinPool-105-worker-3,6,36,5,1,800,90100,500,32400,209,20600,1786683659720
IMPLOG,leaf,ForkJoinPool-105-worker-6,6,36,5,1,800,93000,500,33300,226,22100,1786683659720
IMPLOG,leaf,ForkJoinPool-105-worker-2,6,36,5,1,2600,91800,500,33200,217,21300,1786683659720
IMPLOG,leaf,ForkJoinPool-105-worker-4,6,36,5,1,900,89700,500,30700,220,20800,1786683659720
IMPLOG,leaf,ForkJoinPool-105-worker-5,6,36,5,1,1300,61600,500,20000,223,15900,1786683659720
IMPLOG,leaf,ForkJoinPool-105-worker-1,6,36,5,1,800,75200,500,25700,225,18800,1786683659720
IMPLOG,leaf,ForkJoinPool-105-worker-3,6,36,5,1,800,92300,500,33800,222,21800,1786683659720
IMPLOG,leaf,ForkJoinPool-105-worker-6,6,36,5,1,2000,89900,500,31700,221,20700,1786683659720
IMPLOG,leaf,ForkJoinPool-105-worker-4,6,36,5,1,2600,89700,500,31300,217,20100,1786683659720
IMPLOG,leaf,ForkJoinPool-105-worker-5,6,36,5,1,500,61600,500,21000,220,16600,1786683659720
IMPLOG,scan,main,6,36,5,1,1840000,1786683659718
IMPLOG,leaf,ForkJoinPool-105-worker-6,6,36,5,2,700,62200,500,19200,226,17200,1786683659720
IMPLOG,leaf,ForkJoinPool-105-worker-1,6,36,5,2,600,104000,600,37100,258,23600,1786683659720
IMPLOG,leaf,ForkJoinPool-105-worker-5,6,36,5,2,2500,91300,500,33100,216,20200,1786683659720
IMPLOG,leaf,ForkJoinPool-105-worker-4,6,36,5,2,4400,107800,600,36100,262,24300,1786683659720
IMPLOG,leaf,ForkJoinPool-105-worker-3,6,36,5,2,2600,109000,600,39300,259,26600,1786683659720
IMPLOG,leaf,ForkJoinPool-105-worker-2,6,36,5,2,1100,108700,600,38900,258,25200,1786683659720
IMPLOG,leaf,ForkJoinPool-105-worker-6,6,36,5,2,1900,60700,500,20100,221,16000,1786683659720
IMPLOG,leaf,ForkJoinPool-105-worker-5,6,36,5,2,800,90400,500,33700,216,20400,1786683659720
IMPLOG,leaf,ForkJoinPool-105-worker-6,6,36,5,2,500,60600,500,19500,219,15400,1786683659720
IMPLOG,leaf,ForkJoinPool-105-worker-1,6,36,5,2,2200,108900,600,38300,265,24800,1786683659720
IMPLOG,leaf,ForkJoinPool-105-worker-2,6,36,5,2,2800,91900,500,32800,223,22600,1786683659720
IMPLOG,leaf,ForkJoinPool-105-worker-4,6,36,5,2,900,114000,600,37900,267,23600,1786683659720
IMPLOG,leaf,ForkJoinPool-105-worker-3,6,36,5,2,800,111200,600,39500,257,25300,1786683659720
IMPLOG,leaf,ForkJoinPool-105-worker-6,6,36,5,2,1600,61900,500,19500,223,16500,1786683659721
IMPLOG,leaf,ForkJoinPool-105-worker-5,6,36,5,2,1900,91800,500,34000,216,21800,1786683659721
IMPLOG,leaf,ForkJoinPool-105-worker-1,6,36,5,2,800,90000,500,32200,221,20300,1786683659721
IMPLOG,leaf,ForkJoinPool-105-worker-2,6,36,5,2,900,91200,500,32200,217,21600,1786683659721
IMPLOG,leaf,ForkJoinPool-105-worker-4,6,36,5,2,2800,90000,500,32900,207,20000,1786683659721
IMPLOG,leaf,ForkJoinPool-105-worker-3,6,36,5,2,2200,94800,500,33400,218,21000,1786683659721
IMPLOG,leaf,ForkJoinPool-105-worker-6,6,36,5,2,1300,65100,500,19200,219,14800,1786683659721
IMPLOG,leaf,ForkJoinPool-105-worker-1,6,36,5,2,2000,74100,500,23900,224,17400,1786683659721
IMPLOG,leaf,ForkJoinPool-105-worker-5,6,36,5,2,800,93400,500,33100,209,20500,1786683659721
IMPLOG,leaf,ForkJoinPool-105-worker-2,6,36,5,2,800,107200,600,39300,260,24400,1786683659721
IMPLOG,leaf,ForkJoinPool-105-worker-1,6,36,5,2,500,81900,500,27800,216,19300,1786683659721
IMPLOG,leaf,ForkJoinPool-105-worker-5,6,36,5,2,800,91300,500,33100,225,22200,1786683659721
IMPLOG,leaf,ForkJoinPool-105-worker-6,6,36,5,2,900,90100,500,31900,221,20500,1786683659721
IMPLOG,leaf,ForkJoinPool-105-worker-3,6,36,5,2,1100,89400,500,31300,219,19500,1786683659721
IMPLOG,leaf,ForkJoinPool-105-worker-4,6,36,5,2,1400,73600,600,25500,268,20300,1786683659721
IMPLOG,leaf,ForkJoinPool-105-worker-2,6,36,5,2,1900,107900,600,38800,265,24900,1786683659721
IMPLOG,leaf,ForkJoinPool-105-worker-1,6,36,5,2,11100,87800,500,31200,216,20200,1786683659721
IMPLOG,leaf,ForkJoinPool-105-worker-4,6,36,5,2,500,60000,500,20400,221,15000,1786683659721
IMPLOG,leaf,ForkJoinPool-105-worker-5,6,36,5,2,2100,89200,500,32100,217,21000,1786683659721
IMPLOG,leaf,ForkJoinPool-105-worker-6,6,36,5,2,2500,75800,500,25300,217,16500,1786683659721
IMPLOG,leaf,ForkJoinPool-105-worker-3,6,36,5,2,800,90400,500,31700,214,19100,1786683659721
IMPLOG,leaf,ForkJoinPool-105-worker-2,6,36,5,2,800,90600,500,31800,221,20800,1786683659721
IMPLOG,leaf,ForkJoinPool-105-worker-5,6,36,5,2,800,77900,500,27600,220,18900,1786683659721
IMPLOG,scan,main,6,36,5,2,725800,1786683659720
IMPLOG,leaf,ForkJoinPool-105-worker-1,6,36,5,3,2300,104400,600,39200,235,21100,1786683659721
IMPLOG,leaf,ForkJoinPool-105-worker-6,6,36,5,3,6000,62400,500,20400,219,16000,1786683659721
IMPLOG,leaf,ForkJoinPool-105-worker-2,6,36,5,3,2400,110100,600,41600,262,24800,1786683659721
IMPLOG,leaf,ForkJoinPool-105-worker-5,6,36,5,3,2700,107700,600,39600,260,23600,1786683659721
IMPLOG,leaf,ForkJoinPool-105-worker-3,6,36,5,3,2400,108700,600,39300,250,25000,1786683659721
IMPLOG,leaf,ForkJoinPool-105-worker-4,6,36,5,3,2500,110100,600,40200,259,26100,1786683659721
IMPLOG,leaf,ForkJoinPool-105-worker-6,6,36,5,3,2300,63400,500,21100,223,17600,1786683659721
IMPLOG,leaf,ForkJoinPool-105-worker-1,6,36,5,3,800,107500,600,38400,255,23600,1786683659721
IMPLOG,leaf,ForkJoinPool-105-worker-2,6,36,5,3,2100,111100,600,40000,267,26200,1786683659721
IMPLOG,leaf,ForkJoinPool-105-worker-6,6,36,5,3,500,60900,500,21500,210,16400,1786683659721
IMPLOG,leaf,ForkJoinPool-105-worker-3,6,36,5,3,800,92400,500,33800,223,21000,1786683659721
IMPLOG,leaf,ForkJoinPool-105-worker-5,6,36,5,3,1000,109700,600,38500,260,24100,1786683659721
IMPLOG,leaf,ForkJoinPool-105-worker-4,6,36,5,3,800,109100,600,40800,241,21900,1786683659721
IMPLOG,leaf,ForkJoinPool-105-worker-6,6,36,5,3,1600,62400,500,20100,212,16000,1786683659721
IMPLOG,leaf,ForkJoinPool-105-worker-1,6,36,5,3,800,91000,500,32600,217,21000,1786683659721
IMPLOG,leaf,ForkJoinPool-105-worker-2,6,36,5,3,800,93400,500,33800,226,21600,1786683659721
IMPLOG,leaf,ForkJoinPool-105-worker-3,6,36,5,3,2500,90500,500,34100,204,19300,1786683659721
IMPLOG,leaf,ForkJoinPool-105-worker-5,6,36,5,3,2400,89200,500,31400,216,19200,1786683659721
IMPLOG,leaf,ForkJoinPool-105-worker-4,6,36,5,3,2300,87900,500,33700,184,17900,1786683659721
IMPLOG,leaf,ForkJoinPool-105-worker-6,6,36,5,3,1500,74800,600,25600,261,19000,1786683659721
IMPLOG,leaf,ForkJoinPool-105-worker-1,6,36,5,3,2200,89400,500,33900,211,19900,1786683659721
IMPLOG,leaf,ForkJoinPool-105-worker-2,6,36,5,3,2000,92600,500,33600,216,21200,1786683659721
IMPLOG,leaf,ForkJoinPool-105-worker-3,6,36,5,3,800,90400,500,33100,216,19900,1786683659721
IMPLOG,leaf,ForkJoinPool-105-worker-5,6,36,5,3,3000,87400,500,29700,215,18500,1786683659721
IMPLOG,leaf,ForkJoinPool-105-worker-4,6,36,5,3,800,87000,500,35500,180,17300,1786683659721
IMPLOG,leaf,ForkJoinPool-105-worker-6,6,36,5,3,400,61800,500,21800,221,16300,1786683659721
IMPLOG,leaf,ForkJoinPool-105-worker-1,6,36,5,3,800,90100,500,33400,208,19500,1786683659721
IMPLOG,leaf,ForkJoinPool-105-worker-3,6,36,5,3,2100,65500,500,24500,187,15000,1786683659721
IMPLOG,leaf,ForkJoinPool-105-worker-6,6,36,5,3,1500,60600,500,21800,207,15800,1786683659721
IMPLOG,leaf,ForkJoinPool-105-worker-2,6,36,5,3,900,90500,500,34100,204,18700,1786683659721
IMPLOG,leaf,ForkJoinPool-105-worker-5,6,36,5,3,900,91300,500,33700,219,18800,1786683659721
IMPLOG,leaf,ForkJoinPool-105-worker-1,6,36,5,3,2300,92400,500,33200,225,21400,1786683659722
IMPLOG,leaf,ForkJoinPool-105-worker-6,6,36,5,3,500,81600,500,30100,212,17400,1786683659722
IMPLOG,leaf,ForkJoinPool-105-worker-3,6,36,5,3,800,82800,500,28600,214,18800,1786683659722
IMPLOG,leaf,ForkJoinPool-105-worker-4,6,36,5,3,1000,81600,500,29100,212,19100,1786683659722
IMPLOG,leaf,ForkJoinPool-105-worker-5,6,36,5,3,13100,89000,500,33200,221,19800,1786683659722
IMPLOG,scan,main,6,36,5,3,671400,1786683659721
IMPLOG,leaf,ForkJoinPool-105-worker-6,6,36,5,4,8600,74200,600,24300,250,19400,1786683659722
IMPLOG,leaf,ForkJoinPool-105-worker-3,6,36,5,4,7300,103900,600,38300,235,22900,1786683659722
IMPLOG,leaf,ForkJoinPool-105-worker-2,6,36,5,4,2300,91600,500,33300,222,20500,1786683659722
IMPLOG,leaf,ForkJoinPool-105-worker-4,6,36,5,4,1300,106500,600,38600,262,22900,1786683659722
IMPLOG,leaf,ForkJoinPool-105-worker-5,6,36,5,4,2600,108100,600,38700,260,25300,1786683659722
IMPLOG,leaf,ForkJoinPool-105-worker-1,6,36,5,4,2400,109800,600,41400,261,24000,1786683659722
IMPLOG,leaf,ForkJoinPool-105-worker-6,6,36,5,4,900,62600,500,20600,223,17300,1786683659722
IMPLOG,leaf,ForkJoinPool-105-worker-2,6,36,5,4,800,92500,500,34400,223,21500,1786683659722
IMPLOG,leaf,ForkJoinPool-105-worker-3,6,36,5,4,2200,106100,600,39400,255,24200,1786683659722
IMPLOG,leaf,ForkJoinPool-105-worker-6,6,36,5,4,500,62600,500,21100,225,16400,1786683659722
IMPLOG,leaf,ForkJoinPool-105-worker-5,6,36,5,4,800,107200,600,39700,255,24000,1786683659722
IMPLOG,leaf,ForkJoinPool-105-worker-4,6,36,5,4,11400,108200,600,38900,267,24300,1786683659722
IMPLOG,leaf,ForkJoinPool-105-worker-1,6,36,5,4,800,109000,600,42000,247,23300,1786683659722
IMPLOG,leaf,ForkJoinPool-105-worker-6,6,36,5,4,1400,60800,500,22400,211,15700,1786683659722
IMPLOG,leaf,ForkJoinPool-105-worker-3,6,36,5,4,800,89200,500,31400,217,20300,1786683659722
IMPLOG,leaf,ForkJoinPool-105-worker-2,6,36,5,4,9700,90000,500,32200,210,20500,1786683659722
IMPLOG,leaf,ForkJoinPool-105-worker-1,6,36,5,4,2300,87600,500,33200,184,18500,1786683659722
IMPLOG,leaf,ForkJoinPool-105-worker-5,6,36,5,4,2300,89800,500,33600,210,20300,1786683659722
IMPLOG,leaf,ForkJoinPool-105-worker-4,6,36,5,4,900,90100,500,33600,203,19300,1786683659722
IMPLOG,leaf,ForkJoinPool-105-worker-6,6,36,5,4,400,61700,500,20600,214,15600,1786683659722
IMPLOG,leaf,ForkJoinPool-105-worker-3,6,36,5,4,1900,89100,500,33000,211,19400,1786683659722
IMPLOG,leaf,ForkJoinPool-105-worker-2,6,36,5,4,800,90600,500,33600,216,19700,1786683659722
IMPLOG,leaf,ForkJoinPool-105-worker-1,6,36,5,4,800,88000,500,33500,183,16900,1786683659722
IMPLOG,leaf,ForkJoinPool-105-worker-6,6,36,5,4,2200,58800,500,19300,187,14200,1786683659722
IMPLOG,leaf,ForkJoinPool-105-worker-5,6,36,5,4,800,90000,500,33300,215,20400,1786683659722
IMPLOG,leaf,ForkJoinPool-105-worker-4,6,36,5,4,2700,88600,500,32200,207,20200,1786683659722
IMPLOG,leaf,ForkJoinPool-105-worker-3,6,36,5,4,800,88100,500,32700,208,20000,1786683659722
IMPLOG,leaf,ForkJoinPool-105-worker-2,6,36,5,4,2300,92900,500,34700,224,21000,1786683659722
IMPLOG,leaf,ForkJoinPool-105-worker-5,6,36,5,4,800,91100,500,33700,219,20200,1786683659722
IMPLOG,leaf,ForkJoinPool-105-worker-1,6,36,5,4,2600,84300,500,29600,207,17200,1786683659722
IMPLOG,leaf,ForkJoinPool-105-worker-6,6,36,5,4,900,107400,600,40000,261,24700,1786683659722
IMPLOG,leaf,ForkJoinPool-105-worker-4,6,36,5,4,7900,63200,500,20600,222,16800,1786683659722
IMPLOG,leaf,ForkJoinPool-105-worker-2,6,36,5,4,800,68400,500,22200,212,16000,1786683659722
IMPLOG,leaf,ForkJoinPool-105-worker-3,6,36,5,4,2200,90800,500,32200,214,21900,1786683659722
IMPLOG,leaf,ForkJoinPool-105-worker-6,6,36,5,4,2000,81600,500,29700,221,18900,1786683659722
IMPLOG,leaf,ForkJoinPool-105-worker-1,6,36,5,4,700,87600,500,30700,212,19000,1786683659722
IMPLOG,scan,main,6,36,5,4,672100,1786683659722
IMPLOG,leaf,ForkJoinPool-105-worker-3,6,36,5,5,2900,110800,600,42900,235,21900,1786683659722
IMPLOG,leaf,ForkJoinPool-105-worker-5,6,36,5,5,2800,110300,600,38400,262,24900,1786683659722
IMPLOG,leaf,ForkJoinPool-105-worker-6,6,36,5,5,2400,110700,600,40500,262,25500,1786683659722
IMPLOG,leaf,ForkJoinPool-105-worker-1,6,36,5,5,1000,108900,600,38400,260,25400,1786683659722
IMPLOG,leaf,ForkJoinPool-105-worker-4,6,36,5,5,2300,91900,500,33600,222,21700,1786683659722
IMPLOG,leaf,ForkJoinPool-105-worker-2,6,36,5,5,2400,109900,600,39800,250,23900,1786683659722
IMPLOG,leaf,ForkJoinPool-105-worker-3,6,36,5,5,900,108000,600,40400,255,24100,1786683659723
IMPLOG,leaf,ForkJoinPool-105-worker-4,6,36,5,5,2400,92700,500,33800,223,22700,1786683659723
IMPLOG,leaf,ForkJoinPool-105-worker-5,6,36,5,5,800,109500,600,39700,267,25000,1786683659723
IMPLOG,leaf,ForkJoinPool-105-worker-6,6,36,5,5,700,109900,600,40300,247,24500,1786683659723
IMPLOG,leaf,ForkJoinPool-105-worker-1,6,36,5,5,2000,108600,600,40200,254,24800,1786683659723
IMPLOG,leaf,ForkJoinPool-105-worker-2,6,36,5,5,2600,93500,500,33500,222,22500,1786683659723
IMPLOG,leaf,ForkJoinPool-105-worker-3,6,36,5,5,2300,92100,500,31400,217,21600,1786683659723
IMPLOG,leaf,ForkJoinPool-105-worker-4,6,36,5,5,800,90800,500,33200,210,20500,1786683659723
IMPLOG,leaf,ForkJoinPool-105-worker-5,6,36,5,5,800,89300,500,34800,197,19100,1786683659723
IMPLOG,leaf,ForkJoinPool-105-worker-6,6,36,5,5,2200,88400,500,33700,184,18400,1786683659723
IMPLOG,leaf,ForkJoinPool-105-worker-1,6,36,5,5,700,90200,500,33700,210,19600,1786683659723
IMPLOG,leaf,ForkJoinPool-105-worker-2,6,36,5,5,800,93600,500,33900,225,23200,1786683659723
IMPLOG,leaf,ForkJoinPool-105-worker-3,6,36,5,5,800,90200,500,30800,211,20700,1786683659723
IMPLOG,leaf,ForkJoinPool-105-worker-4,6,36,5,5,2200,92400,500,33400,218,22400,1786683659723
IMPLOG,leaf,ForkJoinPool-105-worker-6,6,36,5,5,900,88200,500,34100,181,17300,1786683659723
IMPLOG,leaf,ForkJoinPool-105-worker-5,6,36,5,5,2100,91900,500,32900,220,21200,1786683659723
IMPLOG,leaf,ForkJoinPool-105-worker-1,6,36,5,5,2700,90100,500,34700,215,20100,1786683659723
IMPLOG,leaf,ForkJoinPool-105-worker-2,6,36,5,5,3000,91400,500,32800,211,20600,1786683659723
IMPLOG,leaf,ForkJoinPool-105-worker-3,6,36,5,5,2300,67700,500,22300,208,17000,1786683659723
IMPLOG,leaf,ForkJoinPool-105-worker-4,6,36,5,5,800,91400,500,33400,208,22100,1786683659723
IMPLOG,leaf,ForkJoinPool-105-worker-6,6,36,5,5,2200,89000,500,34800,187,19000,1786683659723
IMPLOG,leaf,ForkJoinPool-105-worker-1,6,36,5,5,800,91800,500,33300,219,21200,1786683659723
IMPLOG,leaf,ForkJoinPool-105-worker-2,6,36,5,5,800,109800,600,39300,261,25300,1786683659723
IMPLOG,leaf,ForkJoinPool-105-worker-3,6,36,5,5,1500,78100,500,28300,225,19500,1786683659723
IMPLOG,leaf,ForkJoinPool-105-worker-4,6,36,5,5,2100,92200,500,32800,224,22100,1786683659723
IMPLOG,leaf,ForkJoinPool-105-worker-6,6,36,5,5,800,91300,500,34400,212,20100,1786683659723
IMPLOG,leaf,ForkJoinPool-105-worker-1,6,36,5,5,8200,90500,500,33200,211,19700,1786683659723
IMPLOG,leaf,ForkJoinPool-105-worker-5,6,36,5,5,1000,90000,500,34500,214,19300,1786683659723
IMPLOG,leaf,ForkJoinPool-105-worker-2,6,36,5,5,2000,85300,500,30600,220,20300,1786683659723
IMPLOG,leaf,ForkJoinPool-105-worker-3,6,36,5,5,800,86700,500,30100,208,18600,1786683659723
IMPLOG,scan,main,6,36,5,5,719300,1786683659722
IMPLOG,leaf,ForkJoinPool-105-worker-3,6,36,5,6,2300,105000,600,38300,236,22300,1786683659723
IMPLOG,leaf,ForkJoinPool-105-worker-6,6,36,5,6,800,89700,500,33000,197,19100,1786683659723
IMPLOG,leaf,ForkJoinPool-105-worker-5,6,36,5,6,2300,89100,500,34600,182,18300,1786683659723
IMPLOG,leaf,ForkJoinPool-105-worker-2,6,36,5,6,2500,110100,600,39500,262,24500,1786683659723
IMPLOG,leaf,ForkJoinPool-105-worker-1,6,36,5,6,2400,109500,600,40800,250,24500,1786683659723
IMPLOG,leaf,ForkJoinPool-105-worker-4,6,36,5,6,2400,110500,600,40700,262,26800,1786683659723
IMPLOG,leaf,ForkJoinPool-105-worker-5,6,36,5,6,800,88800,500,32900,191,19100,1786683659723
IMPLOG,leaf,ForkJoinPool-105-worker-6,6,36,5,6,2200,92000,500,34700,220,21800,1786683659723
IMPLOG,leaf,ForkJoinPool-105-worker-3,6,36,5,6,900,107400,600,39100,255,24300,1786683659723
IMPLOG,leaf,ForkJoinPool-105-worker-1,6,36,5,6,800,93500,500,33700,222,22700,1786683659723
IMPLOG,leaf,ForkJoinPool-105-worker-2,6,36,5,6,800,110300,600,40600,267,25600,1786683659723
IMPLOG,leaf,ForkJoinPool-105-worker-4,6,36,5,6,800,109100,600,41100,247,24600,1786683659723
IMPLOG,leaf,ForkJoinPool-105-worker-5,6,36,5,6,2600,89700,500,34100,188,19000,1786683659723
IMPLOG,leaf,ForkJoinPool-105-worker-6,6,36,5,6,900,91200,500,33500,218,21600,1786683659723
IMPLOG,leaf,ForkJoinPool-105-worker-3,6,36,5,6,1000,90800,500,32900,215,21100,1786683659723
IMPLOG,leaf,ForkJoinPool-105-worker-1,6,36,5,6,2200,93500,500,35800,225,23000,1786683659723
IMPLOG,leaf,ForkJoinPool-105-worker-2,6,36,5,6,2800,88800,500,32800,210,20200,1786683659723
IMPLOG,leaf,ForkJoinPool-105-worker-4,6,36,5,6,2200,89200,500,31300,208,20600,1786683659723
IMPLOG,leaf,ForkJoinPool-105-worker-5,6,36,5,6,800,66700,500,22500,211,16600,1786683659723
IMPLOG,leaf,ForkJoinPool-105-worker-3,6,36,5,6,6000,90700,500,33200,211,20700,1786683659723
IMPLOG,leaf,ForkJoinPool-105-worker-2,6,36,5,6,900,91600,500,33600,222,20900,1786683659723
IMPLOG,leaf,ForkJoinPool-105-worker-4,6,36,5,6,6100,99400,600,34300,260,22800,1786683659723
IMPLOG,leaf,ForkJoinPool-105-worker-1,6,36,5,6,900,89400,500,32600,207,19900,1786683659724
IMPLOG,leaf,ForkJoinPool-105-worker-5,6,36,5,6,700,107800,600,39300,262,24000,1786683659723
IMPLOG,leaf,ForkJoinPool-105-worker-3,6,36,5,6,800,76400,500,26400,225,17500,1786683659724
IMPLOG,leaf,ForkJoinPool-105-worker-6,6,36,5,6,6600,161100,500,32100,223,23100,1786683659723
IMPLOG,leaf,ForkJoinPool-105-worker-4,6,36,5,6,800,109600,600,40800,254,24000,1786683659724
IMPLOG,leaf,ForkJoinPool-105-worker-3,6,36,5,6,15500,63900,500,22900,213,16600,1786683659724
IMPLOG,leaf,ForkJoinPool-105-worker-5,6,36,5,6,2200,94100,500,31500,220,21000,1786683659724
IMPLOG,leaf,ForkJoinPool-105-worker-1,6,36,5,6,5100,124600,500,64900,224,22100,1786683659724
IMPLOG,leaf,ForkJoinPool-105-worker-2,6,36,5,6,1100,78100,500,28800,212,18700,1786683659724
IMPLOG,leaf,ForkJoinPool-105-worker-6,6,36,5,6,900,91800,500,33700,214,21100,1786683659724
IMPLOG,leaf,ForkJoinPool-105-worker-3,6,36,5,6,500,62600,500,21900,215,15800,1786683659724
IMPLOG,leaf,ForkJoinPool-105-worker-4,6,36,5,6,2600,89100,500,32100,210,18900,1786683659724
IMPLOG,leaf,ForkJoinPool-105-worker-5,6,36,5,6,900,86100,500,30200,208,19600,1786683659724
IMPLOG,leaf,ForkJoinPool-105-worker-6,6,36,5,6,11500,82400,500,29800,219,19500,1786683659724
IMPLOG,scan,main,6,36,5,6,781500,1786683659723
IMPLOG,leaf,ForkJoinPool-105-worker-2,6,36,5,7,3900,62500,500,20700,212,15100,1786683659724
IMPLOG,leaf,ForkJoinPool-105-worker-3,6,36,5,7,1200,100800,600,37400,235,22000,1786683659724
IMPLOG,leaf,ForkJoinPool-105-worker-6,6,36,5,7,4400,87900,600,30400,260,20600,1786683659724
IMPLOG,leaf,ForkJoinPool-105-worker-4,6,36,5,7,1100,108100,600,38400,265,24000,1786683659724
IMPLOG,leaf,ForkJoinPool-105-worker-5,6,36,5,7,12500,92400,500,33500,224,21500,1786683659724
IMPLOG,leaf,ForkJoinPool-105-worker-1,6,36,5,7,2500,108500,600,39400,262,24400,1786683659724
IMPLOG,leaf,ForkJoinPool-105-worker-2,6,36,5,7,500,60500,500,20600,208,15100,1786683659724
IMPLOG,leaf,ForkJoinPool-105-worker-6,6,36,5,7,600,72500,600,23000,254,18300,1786683659724
IMPLOG,leaf,ForkJoinPool-105-worker-3,6,36,5,7,2200,107400,600,38900,254,24500,1786683659724
IMPLOG,leaf,ForkJoinPool-105-worker-5,6,36,5,7,800,91400,500,31100,214,21400,1786683659724
IMPLOG,leaf,ForkJoinPool-105-worker-1,6,36,5,7,800,91400,500,32800,219,21700,1786683659724
IMPLOG,leaf,ForkJoinPool-105-worker-2,6,36,5,7,1700,74300,600,26800,262,19200,1786683659724
IMPLOG,leaf,ForkJoinPool-105-worker-4,6,36,5,7,900,109600,600,39900,266,26100,1786683659724
IMPLOG,leaf,ForkJoinPool-105-worker-6,6,36,5,7,2100,60500,500,20900,211,15400,1786683659724
IMPLOG,leaf,ForkJoinPool-105-worker-3,6,36,5,7,800,90700,500,33300,214,19900,1786683659724
IMPLOG,leaf,ForkJoinPool-105-worker-6,6,36,5,7,400,60900,500,21300,215,16700,1786683659724
IMPLOG,leaf,ForkJoinPool-105-worker-5,6,36,5,7,2200,91700,500,33800,224,21700,1786683659724
IMPLOG,leaf,ForkJoinPool-105-worker-1,6,36,5,7,2400,90900,500,33500,213,21000,1786683659724
IMPLOG,leaf,ForkJoinPool-105-worker-2,6,36,5,7,11800,74000,600,24900,248,19300,1786683659724
IMPLOG,leaf,ForkJoinPool-105-worker-4,6,36,5,7,7800,90100,500,33500,213,20600,1786683659724
IMPLOG,leaf,ForkJoinPool-105-worker-6,6,36,5,7,1700,61600,500,21700,219,16100,1786683659724
IMPLOG,leaf,ForkJoinPool-105-worker-2,6,36,5,7,500,59500,500,21700,186,13800,1786683659724
IMPLOG,leaf,ForkJoinPool-105-worker-1,6,36,5,7,900,89500,500,33600,207,20600,1786683659724
IMPLOG,leaf,ForkJoinPool-105-worker-5,6,36,5,7,800,90600,500,34800,215,21100,1786683659724
IMPLOG,leaf,ForkJoinPool-105-worker-3,6,36,5,7,2200,109100,600,40400,250,26200,1786683659724
IMPLOG,leaf,ForkJoinPool-105-worker-4,6,36,5,7,800,91600,500,33100,222,22100,1786683659724
IMPLOG,leaf,ForkJoinPool-105-worker-2,6,36,5,7,1600,70700,500,26200,182,15200,1786683659724
IMPLOG,leaf,ForkJoinPool-105-worker-1,6,36,5,7,2700,93600,500,35100,225,23700,1786683659724
IMPLOG,leaf,ForkJoinPool-105-worker-5,6,36,5,7,2300,93500,500,33400,222,22000,1786683659724
IMPLOG,leaf,ForkJoinPool-105-worker-3,6,36,5,7,2000,91700,500,33300,223,22800,1786683659724
IMPLOG,leaf,ForkJoinPool-105-worker-6,6,36,5,7,1000,90800,500,34500,211,20900,1786683659724
IMPLOG,leaf,ForkJoinPool-105-worker-4,6,36,5,7,2200,92100,500,34900,197,20800,1786683659724
IMPLOG,leaf,ForkJoinPool-105-worker-2,6,36,5,7,800,95500,500,37700,191,20400,1786683659724
IMPLOG,leaf,ForkJoinPool-105-worker-6,6,36,5,7,4400,77800,500,27700,208,19200,1786683659724
IMPLOG,leaf,ForkJoinPool-105-worker-5,6,36,5,7,800,92900,500,34600,218,21200,1786683659724
IMPLOG,leaf,ForkJoinPool-105-worker-4,6,36,5,7,700,92600,500,31700,221,22000,1786683659724
IMPLOG,scan,main,6,36,5,7,659800,1786683659724
IMPLOG,leaf,ForkJoinPool-105-worker-3,6,36,5,8,1000,105000,600,38200,235,21900,1786683659725
IMPLOG,leaf,ForkJoinPool-105-worker-5,6,36,5,8,1200,92900,600,32900,258,20100,1786683659725
IMPLOG,leaf,ForkJoinPool-105-worker-6,6,36,5,8,2300,89900,500,34300,205,19100,1786683659725
IMPLOG,leaf,ForkJoinPool-105-worker-1,6,36,5,8,1300,75700,600,25400,251,18800,1786683659725
IMPLOG,leaf,ForkJoinPool-105-worker-2,6,36,5,8,2200,111300,600,40600,262,24600,1786683659725
IMPLOG,leaf,ForkJoinPool-105-worker-4,6,36,5,8,4200,110200,600,40100,265,25700,1786683659725
IMPLOG,leaf,ForkJoinPool-105-worker-1,6,36,5,8,500,65100,500,22100,222,18600,1786683659725
IMPLOG,leaf,ForkJoinPool-105-worker-6,6,36,5,8,900,90800,500,34500,218,21000,1786683659725
IMPLOG,leaf,ForkJoinPool-105-worker-5,6,36,5,8,3800,96000,600,36400,254,20900,1786683659725
IMPLOG,leaf,ForkJoinPool-105-worker-3,6,36,5,8,2400,108400,600,39500,257,25500,1786683659725
IMPLOG,leaf,ForkJoinPool-105-worker-2,6,36,5,8,2200,110800,600,41000,248,25400,1786683659725
IMPLOG,leaf,ForkJoinPool-105-worker-4,6,36,5,8,2500,111100,600,41200,266,25700,1786683659725
IMPLOG,leaf,ForkJoinPool-105-worker-1,6,36,5,8,1500,64200,500,21500,225,17000,1786683659725
IMPLOG,leaf,ForkJoinPool-105-worker-5,6,36,5,8,600,76000,500,30300,213,17300,1786683659725
IMPLOG,leaf,ForkJoinPool-105-worker-6,6,36,5,8,2100,91500,500,34500,217,21900,1786683659725
IMPLOG,leaf,ForkJoinPool-105-worker-3,6,36,5,8,700,89000,500,33800,205,19000,1786683659725
IMPLOG,leaf,ForkJoinPool-105-worker-1,6,36,5,8,500,62000,500,20900,211,16400,1786683659725
IMPLOG,leaf,ForkJoinPool-105-worker-2,6,36,5,8,800,89400,500,34600,187,18600,1786683659725
IMPLOG,leaf,ForkJoinPool-105-worker-4,6,36,5,8,800,91100,500,33100,214,21300,1786683659725
IMPLOG,leaf,ForkJoinPool-105-worker-5,6,36,5,8,3300,77000,500,27900,215,16500,1786683659725
IMPLOG,leaf,ForkJoinPool-105-worker-1,6,36,5,8,1800,62200,500,19500,222,16700,1786683659725
IMPLOG,leaf,ForkJoinPool-105-worker-6,6,36,5,8,800,91500,500,34000,210,21100,1786683659725
IMPLOG,leaf,ForkJoinPool-105-worker-3,6,36,5,8,800,90300,500,32700,213,20000,1786683659725
IMPLOG,leaf,ForkJoinPool-105-worker-2,6,36,5,8,2700,88700,500,34900,182,18700,1786683659725
IMPLOG,leaf,ForkJoinPool-105-worker-4,6,36,5,8,800,92000,500,33300,223,21300,1786683659725
IMPLOG,leaf,ForkJoinPool-105-worker-1,6,36,5,8,500,61200,500,22900,191,14700,1786683659725
IMPLOG,leaf,ForkJoinPool-105-worker-5,6,36,5,8,600,78000,500,28800,219,17300,1786683659725
IMPLOG,leaf,ForkJoinPool-105-worker-3,6,36,5,8,2200,87300,500,31100,205,20100,1786683659725
IMPLOG,leaf,ForkJoinPool-105-worker-6,6,36,5,8,2100,104700,600,39700,262,24900,1786683659725
IMPLOG,leaf,ForkJoinPool-105-worker-1,6,36,5,8,1800,74400,500,25500,224,18200,1786683659725
IMPLOG,leaf,ForkJoinPool-105-worker-5,6,36,5,8,700,78700,500,28200,224,18600,1786683659725
IMPLOG,leaf,ForkJoinPool-105-worker-2,6,36,5,8,900,92100,500,33900,216,20300,1786683659725
IMPLOG,leaf,ForkJoinPool-105-worker-4,6,36,5,8,2500,91100,500,34200,213,19400,1786683659725
IMPLOG,leaf,ForkJoinPool-105-worker-3,6,36,5,8,800,85200,500,31200,208,19300,1786683659725
IMPLOG,leaf,ForkJoinPool-105-worker-6,6,36,5,8,2600,82100,500,28900,219,18800,1786683659725
IMPLOG,leaf,ForkJoinPool-105-worker-1,6,36,5,8,11900,68400,500,23300,215,16400,1786683659725
IMPLOG,scan,main,6,36,5,8,655500,1786683659725
IMPLOG,leaf,ForkJoinPool-105-worker-2,6,36,5,9,1800,62600,500,21900,210,15400,1786683659725
IMPLOG,leaf,ForkJoinPool-105-worker-4,6,36,5,9,600,64100,500,21500,224,16400,1786683659725
IMPLOG,leaf,ForkJoinPool-105-worker-3,6,36,5,9,1100,105900,600,38700,229,22500,1786683659725
IMPLOG,leaf,ForkJoinPool-105-worker-6,6,36,5,9,1000,112200,600,42400,265,25800,1786683659725
IMPLOG,leaf,ForkJoinPool-105-worker-5,6,36,5,9,4300,108500,600,39500,258,24700,1786683659725
IMPLOG,leaf,ForkJoinPool-105-worker-1,6,36,5,9,4400,111100,600,41900,261,25100,1786683659725
IMPLOG,leaf,ForkJoinPool-105-worker-2,6,36,5,9,500,62800,500,21400,219,16100,1786683659725
IMPLOG,leaf,ForkJoinPool-105-worker-4,6,36,5,9,1800,61600,500,22000,212,15300,1786683659725
IMPLOG,leaf,ForkJoinPool-105-worker-2,6,36,5,9,1600,61100,500,21600,213,15100,1786683659725
IMPLOG,leaf,ForkJoinPool-105-worker-4,6,36,5,9,500,62700,500,23500,224,17700,1786683659725
IMPLOG,leaf,ForkJoinPool-105-worker-3,6,36,5,9,2200,108100,600,39500,255,23300,1786683659725
IMPLOG,leaf,ForkJoinPool-105-worker-6,6,36,5,9,2600,111600,600,40400,266,26500,1786683659725
IMPLOG,leaf,ForkJoinPool-105-worker-5,6,36,5,9,800,107900,600,40000,252,22100,1786683659725
IMPLOG,leaf,ForkJoinPool-105-worker-1,6,36,5,9,800,109200,600,40400,239,23500,1786683659725
IMPLOG,leaf,ForkJoinPool-105-worker-2,6,36,5,9,500,62100,500,21200,211,15400,1786683659725
IMPLOG,leaf,ForkJoinPool-105-worker-3,6,36,5,9,800,89800,500,33600,203,19000,1786683659725
IMPLOG,leaf,ForkJoinPool-105-worker-1,6,36,5,9,2300,77000,500,31700,168,15600,1786683659725
IMPLOG,leaf,ForkJoinPool-105-worker-6,6,36,5,9,800,91800,500,33800,211,19900,1786683659725
IMPLOG,leaf,ForkJoinPool-105-worker-4,6,36,5,9,900,89300,500,35600,198,18200,1786683659726
IMPLOG,leaf,ForkJoinPool-105-worker-2,6,36,5,9,500,104800,600,40600,248,24400,1786683659726
IMPLOG,leaf,ForkJoinPool-105-worker-3,6,36,5,9,900,90200,500,34300,213,19000,1786683659726
IMPLOG,leaf,ForkJoinPool-105-worker-5,6,36,5,9,1000,108700,600,38300,258,22800,1786683659726
IMPLOG,leaf,ForkJoinPool-105-worker-1,6,36,5,9,2700,87400,500,35000,157,16800,1786683659726
IMPLOG,leaf,ForkJoinPool-105-worker-6,6,36,5,9,800,91100,500,32900,222,20600,1786683659726
IMPLOG,leaf,ForkJoinPool-105-worker-4,6,36,5,9,2000,90600,500,32800,218,19900,1786683659726
IMPLOG,leaf,ForkJoinPool-105-worker-2,6,36,5,9,2100,92600,500,35600,218,22200,1786683659726
IMPLOG,leaf,ForkJoinPool-105-worker-3,6,36,5,9,800,88200,500,31600,201,19000,1786683659726
IMPLOG,leaf,ForkJoinPool-105-worker-5,6,36,5,9,2100,91200,500,33700,219,21200,1786683659726
IMPLOG,leaf,ForkJoinPool-105-worker-1,6,36,5,9,700,86700,500,35200,163,16600,1786683659726
IMPLOG,leaf,ForkJoinPool-105-worker-6,6,36,5,9,9000,102600,500,38700,219,23600,1786683659726
IMPLOG,leaf,ForkJoinPool-105-worker-4,6,36,5,9,800,92300,500,34800,217,21600,1786683659726
IMPLOG,leaf,ForkJoinPool-105-worker-2,6,36,5,9,800,92000,500,32100,219,21400,1786683659726
IMPLOG,leaf,ForkJoinPool-105-worker-5,6,36,5,9,800,86900,500,32200,209,19300,1786683659726
IMPLOG,leaf,ForkJoinPool-105-worker-1,6,36,5,9,2300,84300,500,31200,205,18800,1786683659726
IMPLOG,leaf,ForkJoinPool-105-worker-3,6,36,5,9,8800,103900,500,40300,204,23600,1786683659726
IMPLOG,leaf,ForkJoinPool-105-worker-6,6,36,5,9,4200,87200,500,33500,208,20000,1786683659726
IMPLOG,scan,main,6,36,5,9,676900,1786683659725
IMPLOG,leaf,ForkJoinPool-105-worker-3,6,36,5,10,900,104500,600,39500,230,23000,1786683659726
IMPLOG,leaf,ForkJoinPool-105-worker-5,6,36,5,10,900,90900,500,35600,209,20300,1786683659726
IMPLOG,leaf,ForkJoinPool-105-worker-6,6,36,5,10,2200,109200,600,40100,265,25200,1786683659726
IMPLOG,leaf,ForkJoinPool-105-worker-2,6,36,5,10,2200,107400,600,40000,258,23500,1786683659726
IMPLOG,leaf,ForkJoinPool-105-worker-1,6,36,5,10,1000,108500,600,39000,258,24500,1786683659726
IMPLOG,leaf,ForkJoinPool-105-worker-4,6,36,5,10,2200,111700,600,41000,262,26600,1786683659726
IMPLOG,leaf,ForkJoinPool-105-worker-5,6,36,5,10,10400,88800,500,32600,206,19800,1786683659726
IMPLOG,leaf,ForkJoinPool-105-worker-3,6,36,5,10,2300,108500,600,41700,254,25300,1786683659726
IMPLOG,leaf,ForkJoinPool-105-worker-1,6,36,5,10,2900,91000,500,33900,219,20900,1786683659726
IMPLOG,leaf,ForkJoinPool-105-worker-6,6,36,5,10,900,110100,600,41000,268,25600,1786683659726
IMPLOG,leaf,ForkJoinPool-105-worker-2,6,36,5,10,800,107100,600,40600,251,22500,1786683659726
IMPLOG,leaf,ForkJoinPool-105-worker-4,6,36,5,10,2300,109100,600,42000,238,23200,1786683659726
IMPLOG,leaf,ForkJoinPool-105-worker-3,6,36,5,10,800,89200,500,31600,202,19300,1786683659726
IMPLOG,leaf,ForkJoinPool-105-worker-5,6,36,5,10,1900,91600,500,32700,220,22200,1786683659726
IMPLOG,leaf,ForkJoinPool-105-worker-1,6,36,5,10,800,88900,500,33200,213,19700,1786683659726
IMPLOG,leaf,ForkJoinPool-105-worker-2,6,36,5,10,800,90100,500,32800,213,19600,1786683659726
IMPLOG,leaf,ForkJoinPool-105-worker-6,6,36,5,10,2300,90700,500,32800,211,19800,1786683659726
IMPLOG,leaf,ForkJoinPool-105-worker-4,6,36,5,10,800,86200,500,33600,168,17300,1786683659726
IMPLOG,leaf,ForkJoinPool-105-worker-3,6,36,5,10,2000,89000,500,33300,198,18600,1786683659726
IMPLOG,leaf,ForkJoinPool-105-worker-5,6,36,5,10,700,91000,500,34700,212,19800,1786683659726
IMPLOG,leaf,ForkJoinPool-105-worker-1,6,36,5,10,800,87600,500,33500,201,18300,1786683659726
IMPLOG,leaf,ForkJoinPool-105-worker-6,6,36,5,10,700,90400,500,33600,222,21200,1786683659726
IMPLOG,leaf,ForkJoinPool-105-worker-4,6,36,5,10,2200,86500,500,33700,157,16600,1786683659726
IMPLOG,leaf,ForkJoinPool-105-worker-2,6,36,5,10,800,89100,500,34100,209,18600,1786683659726
IMPLOG,leaf,ForkJoinPool-105-worker-3,6,36,5,10,2200,90400,500,34000,218,20200,1786683659726
IMPLOG,leaf,ForkJoinPool-105-worker-1,6,36,5,10,2300,92100,500,34100,218,21100,1786683659726
IMPLOG,leaf,ForkJoinPool-105-worker-5,6,36,5,10,2200,92700,500,33700,224,21300,1786683659726
IMPLOG,leaf,ForkJoinPool-105-worker-4,6,36,5,10,800,87600,500,36000,164,16300,1786683659726
IMPLOG,leaf,ForkJoinPool-105-worker-6,6,36,5,10,2200,91600,500,33700,219,21400,1786683659726
IMPLOG,leaf,ForkJoinPool-105-worker-2,6,36,5,10,2200,90700,500,33300,220,20400,1786683659726
IMPLOG,leaf,ForkJoinPool-105-worker-1,6,36,5,10,800,70800,500,24700,204,16500,1786683659726
IMPLOG,leaf,ForkJoinPool-105-worker-5,6,36,5,10,700,80900,600,29400,248,19000,1786683659726
IMPLOG,leaf,ForkJoinPool-105-worker-3,6,36,5,10,700,91400,500,34000,210,21500,1786683659726
IMPLOG,leaf,ForkJoinPool-105-worker-6,6,36,5,10,700,89100,500,32700,219,20800,1786683659726
IMPLOG,leaf,ForkJoinPool-105-worker-1,6,36,5,10,1500,62300,500,20900,208,15000,1786683659726
IMPLOG,leaf,ForkJoinPool-105-worker-5,6,36,5,10,1900,65300,500,25700,218,15800,1786683659727
IMPLOG,scan,main,6,36,5,10,687800,1786683659726
IMPLOG,leaf,ForkJoinPool-105-worker-3,6,36,5,11,3100,102600,600,38700,230,21000,1786683659727
IMPLOG,leaf,ForkJoinPool-105-worker-4,6,36,5,11,1700,75000,600,26700,259,19200,1786683659727
IMPLOG,leaf,ForkJoinPool-105-worker-1,6,36,5,11,1400,61400,500,21500,209,15800,1786683659727
IMPLOG,leaf,ForkJoinPool-105-worker-2,6,36,5,11,2200,109500,600,38200,266,24600,1786683659727
IMPLOG,leaf,ForkJoinPool-105-worker-6,6,36,5,11,2100,107800,600,39200,256,23700,1786683659727
IMPLOG,leaf,ForkJoinPool-105-worker-5,6,36,5,11,3800,109900,600,40900,264,25200,1786683659727
IMPLOG,leaf,ForkJoinPool-105-worker-4,6,36,5,11,700,61200,500,20100,217,16000,1786683659727
IMPLOG,leaf,ForkJoinPool-105-worker-1,6,36,5,11,1800,60200,500,20700,209,14600,1786683659727
IMPLOG,leaf,ForkJoinPool-105-worker-3,6,36,5,11,800,107400,600,40200,254,24500,1786683659727
IMPLOG,leaf,ForkJoinPool-105-worker-2,6,36,5,11,800,109300,600,38300,268,24500,1786683659727
IMPLOG,leaf,ForkJoinPool-105-worker-6,6,36,5,11,2200,107100,600,39800,251,22500,1786683659727
IMPLOG,leaf,ForkJoinPool-105-worker-5,6,36,5,11,800,108200,600,39800,235,23300,1786683659727
IMPLOG,leaf,ForkJoinPool-105-worker-4,6,36,5,11,7700,89800,500,33200,212,19600,1786683659727
IMPLOG,leaf,ForkJoinPool-105-worker-1,6,36,5,11,2000,105400,600,37900,249,22800,1786683659727
IMPLOG,leaf,ForkJoinPool-105-worker-3,6,36,5,11,2700,88400,500,34700,202,19300,1786683659727
IMPLOG,leaf,ForkJoinPool-105-worker-2,6,36,5,11,2100,89400,500,34200,211,19100,1786683659727
IMPLOG,leaf,ForkJoinPool-105-worker-5,6,36,5,11,2200,86400,500,34500,168,17600,1786683659727
IMPLOG,leaf,ForkJoinPool-105-worker-6,6,36,5,11,800,89000,500,31800,214,19300,1786683659727
IMPLOG,leaf,ForkJoinPool-105-worker-4,6,36,5,11,2200,89100,500,33000,206,19300,1786683659727
IMPLOG,leaf,ForkJoinPool-105-worker-1,6,36,5,11,800,91200,500,33600,218,20500,1786683659727
IMPLOG,leaf,ForkJoinPool-105-worker-3,6,36,5,11,2200,89000,500,34000,201,18300,1786683659727
IMPLOG,leaf,ForkJoinPool-105-worker-2,6,36,5,11,800,90200,500,32700,222,20400,1786683659727
IMPLOG,leaf,ForkJoinPool-105-worker-5,6,36,5,11,800,85900,500,35300,154,16400,1786683659727
IMPLOG,leaf,ForkJoinPool-105-worker-6,6,36,5,11,2200,89500,500,32800,209,18300,1786683659727
IMPLOG,leaf,ForkJoinPool-105-worker-4,6,36,5,11,900,91600,500,35300,218,21000,1786683659727
IMPLOG,leaf,ForkJoinPool-105-worker-1,6,36,5,11,800,92900,500,33800,220,21800,1786683659727
IMPLOG,leaf,ForkJoinPool-105-worker-3,6,36,5,11,800,91000,500,34600,220,21600,1786683659727
IMPLOG,leaf,ForkJoinPool-105-worker-2,6,36,5,11,2100,90800,500,33500,219,20200,1786683659727
IMPLOG,leaf,ForkJoinPool-105-worker-5,6,36,5,11,2800,86100,500,34200,164,15900,1786683659727
IMPLOG,leaf,ForkJoinPool-105-worker-6,6,36,5,11,700,90500,500,33500,222,20300,1786683659727
IMPLOG,leaf,ForkJoinPool-105-worker-3,6,36,5,11,2300,70500,500,24400,220,17500,1786683659727
IMPLOG,leaf,ForkJoinPool-105-worker-4,6,36,5,11,2700,91000,500,34900,204,20600,1786683659727
IMPLOG,leaf,ForkJoinPool-105-worker-1,6,36,5,11,6500,90300,500,34000,205,19800,1786683659727
IMPLOG,leaf,ForkJoinPool-105-worker-6,6,36,5,11,1600,63400,500,21200,226,17000,1786683659727
IMPLOG,leaf,ForkJoinPool-105-worker-3,6,36,5,11,600,67300,500,23800,212,16300,1786683659727
IMPLOG,leaf,ForkJoinPool-105-worker-4,6,36,5,11,800,74800,500,26400,210,18400,1786683659727
IMPLOG,scan,main,6,36,5,11,725800,1786683659727
IMPLOG,leaf,ForkJoinPool-105-worker-6,6,36,5,12,1800,61300,500,21800,209,15100,1786683659727
IMPLOG,leaf,ForkJoinPool-105-worker-1,6,36,5,12,1700,74700,600,25700,265,20000,1786683659727
IMPLOG,leaf,ForkJoinPool-105-worker-3,6,36,5,12,900,103600,600,38000,230,21000,1786683659727
IMPLOG,leaf,ForkJoinPool-105-worker-2,6,36,5,12,2300,110500,600,40200,266,24700,1786683659727
IMPLOG,leaf,ForkJoinPool-105-worker-4,6,36,5,12,2300,107400,600,39500,259,24000,1786683659727
IMPLOG,leaf,ForkJoinPool-105-worker-5,6,36,5,12,2400,107600,600,40300,256,23500,1786683659727
IMPLOG,leaf,ForkJoinPool-105-worker-6,6,36,5,12,500,60800,500,21600,209,15000,1786683659727
IMPLOG,leaf,ForkJoinPool-105-worker-1,6,36,5,12,500,72500,600,25000,236,18300,1786683659727
IMPLOG,leaf,ForkJoinPool-105-worker-6,6,36,5,12,2100,61900,500,21500,201,14800,1786683659727
IMPLOG,leaf,ForkJoinPool-105-worker-3,6,36,5,12,2800,106900,600,38600,254,23700,1786683659727
IMPLOG,leaf,ForkJoinPool-105-worker-4,6,36,5,12,900,94500,500,37900,217,21100,1786683659727
IMPLOG,leaf,ForkJoinPool-105-worker-1,6,36,5,12,600,57800,500,21200,168,11500,1786683659728
IMPLOG,leaf,ForkJoinPool-105-worker-2,6,36,5,12,800,109100,600,42300,266,25300,1786683659727
IMPLOG,leaf,ForkJoinPool-105-worker-5,6,36,5,12,900,105700,600,38600,251,23300,1786683659727
IMPLOG,leaf,ForkJoinPool-105-worker-6,6,36,5,12,400,61600,500,21300,220,16100,1786683659728
IMPLOG,leaf,ForkJoinPool-105-worker-1,6,36,5,12,2300,57200,500,22500,154,11800,1786683659728
IMPLOG,leaf,ForkJoinPool-105-worker-3,6,36,5,12,800,88000,500,31700,202,17800,1786683659728
IMPLOG,leaf,ForkJoinPool-105-worker-4,6,36,5,12,1300,88700,500,32900,212,19400,1786683659728
IMPLOG,leaf,ForkJoinPool-105-worker-2,6,36,5,12,2300,88500,500,33700,211,19800,1786683659728
IMPLOG,leaf,ForkJoinPool-105-worker-5,6,36,5,12,2300,89100,500,34600,214,19900,1786683659728
IMPLOG,leaf,ForkJoinPool-105-worker-6,6,36,5,12,9000,61900,500,20400,218,15100,1786683659728
IMPLOG,leaf,ForkJoinPool-105-worker-1,6,36,5,12,500,57900,500,23500,165,12700,1786683659728
IMPLOG,leaf,ForkJoinPool-105-worker-3,6,36,5,12,8100,88100,500,33700,206,19400,1786683659728
IMPLOG,leaf,ForkJoinPool-105-worker-6,6,36,5,12,400,61200,500,20500,204,14400,1786683659728
IMPLOG,leaf,ForkJoinPool-105-worker-4,6,36,5,12,2200,91600,500,34100,220,21000,1786683659728
IMPLOG,leaf,ForkJoinPool-105-worker-2,6,36,5,12,800,90700,500,34400,222,19600,1786683659728
IMPLOG,leaf,ForkJoinPool-105-worker-5,6,36,5,12,900,90300,500,35200,210,20000,1786683659728
IMPLOG,leaf,ForkJoinPool-105-worker-3,6,36,5,12,800,92300,500,33800,222,21400,1786683659728
IMPLOG,leaf,ForkJoinPool-105-worker-4,6,36,5,12,800,89700,500,34300,212,19000,1786683659728
IMPLOG,leaf,ForkJoinPool-105-worker-5,6,36,5,12,3100,87900,500,31900,218,19400,1786683659728
IMPLOG,leaf,ForkJoinPool-105-worker-1,6,36,5,12,3000,90900,500,34000,216,21200,1786683659728
IMPLOG,leaf,ForkJoinPool-105-worker-2,6,36,5,12,800,92800,500,34300,221,20900,1786683659728
IMPLOG,leaf,ForkJoinPool-105-worker-6,6,36,5,12,700,107800,600,39600,249,23500,1786683659728
IMPLOG,leaf,ForkJoinPool-105-worker-1,6,36,5,12,900,65800,500,25800,205,15500,1786683659728
IMPLOG,leaf,ForkJoinPool-105-worker-3,6,36,5,12,800,91700,500,34100,209,19700,1786683659728
IMPLOG,leaf,ForkJoinPool-105-worker-2,6,36,5,12,2100,90600,500,32700,219,19500,1786683659728
IMPLOG,scan,main,6,36,5,12,631700,1786683659727
IMPLOG,leaf,ForkJoinPool-105-worker-5,6,36,5,13,2200,62200,500,20600,220,15500,1786683659728
IMPLOG,leaf,ForkJoinPool-105-worker-3,6,36,5,13,2500,103100,600,39900,226,21600,1786683659728
IMPLOG,leaf,ForkJoinPool-105-worker-6,6,36,5,13,1900,73700,600,25200,259,18900,1786683659728
IMPLOG,leaf,ForkJoinPool-105-worker-4,6,36,5,13,1100,111100,600,41600,267,26000,1786683659728
IMPLOG,leaf,ForkJoinPool-105-worker-2,6,36,5,13,1900,110000,600,40900,256,24000,1786683659728
IMPLOG,leaf,ForkJoinPool-105-worker-1,6,36,5,13,2100,111200,600,41300,265,24500,1786683659728
IMPLOG,leaf,ForkJoinPool-105-worker-5,6,36,5,13,600,61100,500,21200,211,15200,1786683659728
IMPLOG,leaf,ForkJoinPool-105-worker-6,6,36,5,13,400,61200,500,20100,217,16700,1786683659728
IMPLOG,leaf,ForkJoinPool-105-worker-3,6,36,5,13,900,106200,600,39200,253,23800,1786683659728
IMPLOG,leaf,ForkJoinPool-105-worker-4,6,36,5,13,2400,109500,600,40200,267,24500,1786683659728
IMPLOG,leaf,ForkJoinPool-105-worker-5,6,36,5,13,7200,63200,500,22100,222,16700,1786683659728
IMPLOG,leaf,ForkJoinPool-105-worker-6,6,36,5,13,2100,61300,500,22200,209,14800,1786683659728
IMPLOG,leaf,ForkJoinPool-105-worker-2,6,36,5,13,2400,107000,600,40100,249,23200,1786683659728
IMPLOG,leaf,ForkJoinPool-105-worker-1,6,36,5,13,2500,108300,600,40300,233,21800,1786683659728
IMPLOG,leaf,ForkJoinPool-105-worker-5,6,36,5,13,500,60500,500,19300,207,14700,1786683659728
IMPLOG,leaf,ForkJoinPool-105-worker-6,6,36,5,13,400,60200,500,20600,207,14700,1786683659728
IMPLOG,leaf,ForkJoinPool-105-worker-3,6,36,5,13,2700,87300,500,33200,200,18600,1786683659728
IMPLOG,leaf,ForkJoinPool-105-worker-4,6,36,5,13,800,90000,500,32500,210,19300,1786683659728
IMPLOG,leaf,ForkJoinPool-105-worker-2,6,36,5,13,800,89600,500,34200,214,20800,1786683659728
IMPLOG,leaf,ForkJoinPool-105-worker-1,6,36,5,13,800,85800,500,34800,163,15500,1786683659728
IMPLOG,leaf,ForkJoinPool-105-worker-5,6,36,5,13,2200,60300,500,21500,209,14600,1786683659728
IMPLOG,leaf,ForkJoinPool-105-worker-6,6,36,5,13,600,60900,500,21100,212,14900,1786683659728
IMPLOG,leaf,ForkJoinPool-105-worker-3,6,36,5,13,2200,108400,600,40900,248,24500,1786683659728
IMPLOG,leaf,ForkJoinPool-105-worker-4,6,36,5,13,2000,91400,500,33100,222,21700,1786683659728
IMPLOG,leaf,ForkJoinPool-105-worker-6,6,36,5,13,1500,60700,500,21800,203,16000,1786683659728
IMPLOG,leaf,ForkJoinPool-105-worker-1,6,36,5,13,2700,84500,500,35300,148,15600,1786683659728
IMPLOG,leaf,ForkJoinPool-105-worker-2,6,36,5,13,2200,91300,500,33100,218,20600,1786683659728
IMPLOG,leaf,ForkJoinPool-105-worker-3,6,36,5,13,800,92000,500,34100,219,21600,1786683659728
IMPLOG,leaf,ForkJoinPool-105-worker-6,6,36,5,13,800,84300,500,29900,220,18800,1786683659728
IMPLOG,leaf,ForkJoinPool-105-worker-4,6,36,5,13,800,91700,500,33900,216,20600,1786683659728
IMPLOG,leaf,ForkJoinPool-105-worker-1,6,36,5,13,800,85100,500,34500,162,15600,1786683659728
IMPLOG,leaf,ForkJoinPool-105-worker-5,6,36,5,13,900,85600,500,31400,200,18700,1786683659728
IMPLOG,leaf,ForkJoinPool-105-worker-2,6,36,5,13,900,92000,500,34400,218,21300,1786683659728
IMPLOG,leaf,ForkJoinPool-105-worker-6,6,36,5,13,2200,75300,500,26500,205,17300,1786683659728
IMPLOG,leaf,ForkJoinPool-105-worker-3,6,36,5,13,2100,92700,500,34900,220,21600,1786683659728
IMPLOG,leaf,ForkJoinPool-105-worker-4,6,36,5,13,2200,90800,500,34000,202,19700,1786683659728
IMPLOG,scan,main,6,36,5,13,656900,1786683659728
IMPLOG,leaf,ForkJoinPool-105-worker-3,6,36,5,14,2300,103800,600,38200,226,21100,1786683659729
IMPLOG,leaf,ForkJoinPool-105-worker-6,6,36,5,14,900,90700,500,31800,206,21100,1786683659729
IMPLOG,leaf,ForkJoinPool-105-worker-2,6,36,5,14,1000,91000,500,33800,219,20600,1786683659729
IMPLOG,leaf,ForkJoinPool-105-worker-4,6,36,5,14,2400,109900,600,40300,267,24700,1786683659729
IMPLOG,leaf,ForkJoinPool-105-worker-1,6,36,5,14,900,107900,600,41100,256,22800,1786683659729
IMPLOG,leaf,ForkJoinPool-105-worker-5,6,36,5,14,1000,111600,600,42100,256,26500,1786683659729
IMPLOG,leaf,ForkJoinPool-105-worker-6,6,36,5,14,2400,90600,500,32400,220,21700,1786683659729
IMPLOG,leaf,ForkJoinPool-105-worker-2,6,36,5,14,2000,90300,500,32500,208,20000,1786683659729
IMPLOG,leaf,ForkJoinPool-105-worker-3,6,36,5,14,800,106800,600,38600,253,24700,1786683659729
IMPLOG,leaf,ForkJoinPool-105-worker-1,6,36,5,14,2100,99800,600,37000,249,22400,1786683659729
IMPLOG,leaf,ForkJoinPool-105-worker-4,6,36,5,14,800,109600,600,41000,265,25000,1786683659729
IMPLOG,leaf,ForkJoinPool-105-worker-5,6,36,5,14,2100,142400,600,40900,229,23600,1786683659729
IMPLOG,leaf,ForkJoinPool-105-worker-6,6,36,5,14,2200,89800,500,33300,213,20500,1786683659729
IMPLOG,leaf,ForkJoinPool-105-worker-2,6,36,5,14,800,89000,500,32600,210,20200,1786683659729
IMPLOG,leaf,ForkJoinPool-105-worker-3,6,36,5,14,2300,87700,500,30800,200,19400,1786683659729
IMPLOG,leaf,ForkJoinPool-105-worker-1,6,36,5,14,800,90400,500,32300,214,20800,1786683659729
IMPLOG,leaf,ForkJoinPool-105-worker-4,6,36,5,14,6900,90000,500,32600,210,20400,1786683659729
IMPLOG,leaf,ForkJoinPool-105-worker-5,6,36,5,14,900,84800,500,31900,163,16600,1786683659729
IMPLOG,leaf,ForkJoinPool-105-worker-2,6,36,5,14,2000,88700,500,32000,208,19000,1786683659729
IMPLOG,leaf,ForkJoinPool-105-worker-6,6,36,5,14,700,90700,500,34000,200,21400,1786683659729
IMPLOG,leaf,ForkJoinPool-105-worker-3,6,36,5,14,700,89000,500,33200,212,19400,1786683659729
IMPLOG,leaf,ForkJoinPool-105-worker-1,6,36,5,14,2200,89500,500,32300,209,19500,1786683659729
IMPLOG,leaf,ForkJoinPool-105-worker-4,6,36,5,14,700,90900,500,32800,222,22000,1786683659729
IMPLOG,leaf,ForkJoinPool-105-worker-5,6,36,5,14,2100,76000,500,29800,148,13400,1786683659729
IMPLOG,leaf,ForkJoinPool-105-worker-6,6,36,5,14,2200,86100,500,33300,156,16500,1786683659729
IMPLOG,leaf,ForkJoinPool-105-worker-2,6,36,5,14,800,90300,500,32600,218,19700,1786683659729
IMPLOG,leaf,ForkJoinPool-105-worker-3,6,36,5,14,2200,88900,500,33100,203,19400,1786683659729
IMPLOG,leaf,ForkJoinPool-105-worker-4,6,36,5,14,2100,91600,500,33100,217,22600,1786683659729
IMPLOG,leaf,ForkJoinPool-105-worker-2,6,36,5,14,800,92000,500,34500,215,20900,1786683659729
IMPLOG,leaf,ForkJoinPool-105-worker-5,6,36,5,14,2400,89300,500,33400,209,19500,1786683659729
IMPLOG,leaf,ForkJoinPool-105-worker-1,6,36,5,14,1000,90500,500,32300,217,21400,1786683659729
IMPLOG,leaf,ForkJoinPool-105-worker-6,6,36,5,14,600,108800,600,38600,248,23600,1786683659729
IMPLOG,leaf,ForkJoinPool-105-worker-3,6,36,5,14,800,108300,600,41700,259,24800,1786683659729
IMPLOG,leaf,ForkJoinPool-105-worker-4,6,36,5,14,800,90700,500,33000,219,19900,1786683659729
IMPLOG,leaf,ForkJoinPool-105-worker-5,6,36,5,14,800,71000,500,26000,207,16600,1786683659729
IMPLOG,leaf,ForkJoinPool-105-worker-2,6,36,5,14,2200,73700,500,25300,205,16600,1786683659729
IMPLOG,scan,main,6,36,5,14,715500,1786683659729
IMPLOG,leaf,ForkJoinPool-105-worker-3,6,36,5,15,1100,101900,600,38400,227,21100,1786683659729
IMPLOG,leaf,ForkJoinPool-105-worker-1,6,36,5,15,8300,90900,500,33100,218,20800,1786683659729
IMPLOG,leaf,ForkJoinPool-105-worker-4,6,36,5,15,900,110500,600,40800,267,26700,1786683659729
IMPLOG,leaf,ForkJoinPool-105-worker-2,6,36,5,15,1000,107600,600,40000,256,23600,1786683659729
IMPLOG,leaf,ForkJoinPool-105-worker-6,6,36,5,15,2300,108500,600,39600,259,24100,1786683659729
IMPLOG,leaf,ForkJoinPool-105-worker-5,6,36,5,15,2500,109000,600,40700,256,23600,1786683659729
IMPLOG,leaf,ForkJoinPool-105-worker-1,6,36,5,15,800,89700,500,33500,208,18400,1786683659729
IMPLOG,leaf,ForkJoinPool-105-worker-3,6,36,5,15,2700,111400,600,39100,252,23600,1786683659729
IMPLOG,leaf,ForkJoinPool-105-worker-6,6,36,5,15,800,90100,500,33500,217,20200,1786683659729
IMPLOG,leaf,ForkJoinPool-105-worker-2,6,36,5,15,2300,104300,600,38500,251,21300,1786683659729
IMPLOG,leaf,ForkJoinPool-105-worker-4,6,36,5,15,1900,108100,600,39100,263,25200,1786683659729
IMPLOG,leaf,ForkJoinPool-105-worker-5,6,36,5,15,800,107600,600,39300,229,23200,1786683659729
IMPLOG,leaf,ForkJoinPool-105-worker-3,6,36,5,15,900,87800,500,33700,201,19400,1786683659730
IMPLOG,leaf,ForkJoinPool-105-worker-1,6,36,5,15,1000,90600,500,32800,210,19700,1786683659730
IMPLOG,leaf,ForkJoinPool-105-worker-6,6,36,5,15,800,89500,500,32900,209,20200,1786683659730
IMPLOG,leaf,ForkJoinPool-105-worker-4,6,36,5,15,800,89100,500,31900,210,19800,1786683659730
IMPLOG,leaf,ForkJoinPool-105-worker-2,6,36,5,15,800,89800,500,32200,214,20700,1786683659730
IMPLOG,leaf,ForkJoinPool-105-worker-5,6,36,5,15,2200,84200,500,34000,163,15700,1786683659730
IMPLOG,leaf,ForkJoinPool-105-worker-1,6,36,5,15,2200,89900,500,33000,208,19000,1786683659730
IMPLOG,leaf,ForkJoinPool-105-worker-3,6,36,5,15,10100,88500,500,32300,212,19800,1786683659730
IMPLOG,leaf,ForkJoinPool-105-worker-6,6,36,5,15,2300,88900,500,33000,207,19100,1786683659730
IMPLOG,leaf,ForkJoinPool-105-worker-2,6,36,5,15,800,88600,500,33700,207,19300,1786683659730
IMPLOG,leaf,ForkJoinPool-105-worker-5,6,36,5,15,2100,84800,500,35000,148,16100,1786683659730
IMPLOG,leaf,ForkJoinPool-105-worker-4,6,36,5,15,2500,91100,500,32700,222,22200,1786683659730
IMPLOG,leaf,ForkJoinPool-105-worker-6,6,36,5,15,700,64400,500,21600,206,16000,1786683659730
IMPLOG,leaf,ForkJoinPool-105-worker-1,6,36,5,15,700,91100,500,32600,221,21200,1786683659730
IMPLOG,leaf,ForkJoinPool-105-worker-3,6,36,5,15,2300,88900,500,33300,203,19300,1786683659730
IMPLOG,leaf,ForkJoinPool-105-worker-5,6,36,5,15,900,85100,500,32900,157,15800,1786683659730
IMPLOG,leaf,ForkJoinPool-105-worker-4,6,36,5,15,800,90900,500,32700,216,20900,1786683659730
IMPLOG,leaf,ForkJoinPool-105-worker-6,6,36,5,15,1600,83900,500,29400,220,20000,1786683659730
IMPLOG,leaf,ForkJoinPool-105-worker-1,6,36,5,15,2300,91500,500,33200,215,21100,1786683659730
IMPLOG,leaf,ForkJoinPool-105-worker-2,6,36,5,15,2500,92100,500,32800,220,21800,1786683659730
IMPLOG,leaf,ForkJoinPool-105-worker-5,6,36,5,15,2300,90500,500,31400,213,20800,1786683659730
IMPLOG,leaf,ForkJoinPool-105-worker-4,6,36,5,15,2100,90100,500,33200,205,20400,1786683659730
IMPLOG,leaf,ForkJoinPool-105-worker-3,6,36,5,15,800,107800,600,40300,248,24100,1786683659730
IMPLOG,leaf,ForkJoinPool-105-worker-6,6,36,5,15,800,78100,500,27200,200,17800,1786683659730
IMPLOG,scan,main,6,36,5,15,707200,1786683659729
IMPLOG,leaf,ForkJoinPool-105-worker-2,6,36,5,16,600,67700,500,24000,209,16000,1786683659730
IMPLOG,leaf,ForkJoinPool-105-worker-3,6,36,5,16,1000,103500,600,38000,227,21600,1786683659730
IMPLOG,leaf,ForkJoinPool-105-worker-4,6,36,5,16,2400,109600,600,40200,267,25700,1786683659730
IMPLOG,leaf,ForkJoinPool-105-worker-6,6,36,5,16,1600,74100,600,25400,256,18700,1786683659730
IMPLOG,leaf,ForkJoinPool-105-worker-5,6,36,5,16,1000,107600,600,38800,256,23300,1786683659730
IMPLOG,leaf,ForkJoinPool-105-worker-1,6,36,5,16,1000,107700,600,39800,258,24100,1786683659730
IMPLOG,leaf,ForkJoinPool-105-worker-2,6,36,5,16,1900,59600,500,20200,205,14600,1786683659730
IMPLOG,leaf,ForkJoinPool-105-worker-6,6,36,5,16,1600,70900,600,23900,229,17600,1786683659730
IMPLOG,leaf,ForkJoinPool-105-worker-3,6,36,5,16,2200,106300,600,38700,252,22500,1786683659730
IMPLOG,leaf,ForkJoinPool-105-worker-1,6,36,5,16,1900,90400,500,31400,218,20100,1786683659730
IMPLOG,leaf,ForkJoinPool-105-worker-2,6,36,5,16,500,72400,600,24600,247,19000,1786683659730
IMPLOG,leaf,ForkJoinPool-105-worker-4,6,36,5,16,900,109100,600,37700,268,24000,1786683659730
IMPLOG,leaf,ForkJoinPool-105-worker-5,6,36,5,16,2200,106600,600,37700,251,23300,1786683659730
IMPLOG,leaf,ForkJoinPool-105-worker-6,6,36,5,16,400,55900,500,19200,163,12400,1786683659730
IMPLOG,leaf,ForkJoinPool-105-worker-2,6,36,5,16,1600,62600,500,20300,220,16300,1786683659730
IMPLOG,leaf,ForkJoinPool-105-worker-3,6,36,5,16,800,88400,500,32200,201,18800,1786683659730
IMPLOG,leaf,ForkJoinPool-105-worker-6,6,36,5,16,1500,55200,500,20300,148,11500,1786683659730
IMPLOG,leaf,ForkJoinPool-105-worker-1,6,36,5,16,1900,88900,500,31500,211,20200,1786683659730
IMPLOG,leaf,ForkJoinPool-105-worker-4,6,36,5,16,2200,89700,500,33400,210,19800,1786683659730
IMPLOG,leaf,ForkJoinPool-105-worker-5,6,36,5,16,10700,90100,500,32500,214,19300,1786683659730
IMPLOG,leaf,ForkJoinPool-105-worker-2,6,36,5,16,1600,63200,500,21000,217,17600,1786683659730
IMPLOG,leaf,ForkJoinPool-105-worker-3,6,36,5,16,2100,90800,500,32300,223,20600,1786683659730
IMPLOG,leaf,ForkJoinPool-105-worker-1,6,36,5,16,900,90200,500,33800,207,19700,1786683659730
IMPLOG,leaf,ForkJoinPool-105-worker-4,6,36,5,16,2000,90800,500,32700,218,20400,1786683659730
IMPLOG,leaf,ForkJoinPool-105-worker-6,6,36,5,16,400,108400,500,73700,158,12300,1786683659730
IMPLOG,leaf,ForkJoinPool-105-worker-2,6,36,5,16,500,61800,500,20400,205,14300,1786683659730
IMPLOG,leaf,ForkJoinPool-105-worker-5,6,36,5,16,800,90300,500,33300,207,20300,1786683659730
IMPLOG,leaf,ForkJoinPool-105-worker-6,6,36,5,16,500,60800,500,20900,206,17000,1786683659730
IMPLOG,leaf,ForkJoinPool-105-worker-3,6,36,5,16,800,91100,500,32700,216,21300,1786683659730
IMPLOG,leaf,ForkJoinPool-105-worker-2,6,36,5,16,8600,62000,500,22000,213,15400,1786683659730
IMPLOG,leaf,ForkJoinPool-105-worker-1,6,36,5,16,1900,90900,500,33700,210,20000,1786683659730
IMPLOG,leaf,ForkJoinPool-105-worker-4,6,36,5,16,800,89900,500,34000,208,20000,1786683659730
IMPLOG,leaf,ForkJoinPool-105-worker-5,6,36,5,16,2200,85000,500,30500,220,21000,1786683659730
IMPLOG,leaf,ForkJoinPool-105-worker-6,6,36,5,16,1500,61700,500,21700,219,16200,1786683659731
IMPLOG,leaf,ForkJoinPool-105-worker-2,6,36,5,16,400,60000,500,20400,199,14000,1786683659731
IMPLOG,leaf,ForkJoinPool-105-worker-3,6,36,5,16,2200,68300,500,24300,208,17100,1786683659731
IMPLOG,scan,main,6,36,5,16,620100,1786683659730
IMPLOG,leaf,ForkJoinPool-105-worker-3,6,36,5,17,2100,102400,600,38600,227,21400,1786683659731
IMPLOG,leaf,ForkJoinPool-105-worker-1,6,36,5,17,900,90900,500,31900,218,20500,1786683659731
IMPLOG,leaf,ForkJoinPool-105-worker-5,6,36,5,17,1000,108800,600,39700,269,25500,1786683659731
IMPLOG,leaf,ForkJoinPool-105-worker-2,6,36,5,17,2400,107900,600,39200,258,25700,1786683659731
IMPLOG,leaf,ForkJoinPool-105-worker-4,6,36,5,17,2500,106800,600,38900,256,24000,1786683659731
IMPLOG,leaf,ForkJoinPool-105-worker-6,6,36,5,17,1000,109200,600,39400,256,24100,1786683659731
IMPLOG,leaf,ForkJoinPool-105-worker-1,6,36,5,17,2300,89100,500,33500,209,19400,1786683659731
IMPLOG,leaf,ForkJoinPool-105-worker-3,6,36,5,17,800,105900,600,38600,253,24300,1786683659731
IMPLOG,leaf,ForkJoinPool-105-worker-2,6,36,5,17,800,90100,500,32100,219,20800,1786683659731
IMPLOG,leaf,ForkJoinPool-105-worker-5,6,36,5,17,2300,109500,600,41400,268,25900,1786683659731
IMPLOG,leaf,ForkJoinPool-105-worker-4,6,36,5,17,800,106600,600,38000,253,22400,1786683659731
IMPLOG,leaf,ForkJoinPool-105-worker-6,6,36,5,17,2700,105800,600,40800,229,21700,1786683659731
IMPLOG,leaf,ForkJoinPool-105-worker-1,6,36,5,17,2000,89000,500,33900,210,19500,1786683659731
IMPLOG,leaf,ForkJoinPool-105-worker-3,6,36,5,17,2200,87400,500,32800,200,18400,1786683659731
IMPLOG,leaf,ForkJoinPool-105-worker-2,6,36,5,17,700,89300,500,33700,208,19800,1786683659731
IMPLOG,leaf,ForkJoinPool-105-worker-5,6,36,5,17,2200,90200,500,34100,209,19900,1786683659731
IMPLOG,leaf,ForkJoinPool-105-worker-4,6,36,5,17,2200,89800,500,33000,214,20200,1786683659731
IMPLOG,leaf,ForkJoinPool-105-worker-6,6,36,5,17,800,85200,500,34700,162,15700,1786683659731
IMPLOG,leaf,ForkJoinPool-105-worker-1,6,36,5,17,800,89800,500,33800,208,19600,1786683659731
IMPLOG,leaf,ForkJoinPool-105-worker-3,6,36,5,17,700,88900,500,33000,211,20300,1786683659731
IMPLOG,leaf,ForkJoinPool-105-worker-2,6,36,5,17,1900,87600,500,31400,205,19200,1786683659731
IMPLOG,leaf,ForkJoinPool-105-worker-6,6,36,5,17,800,83600,500,33900,148,14700,1786683659731
IMPLOG,leaf,ForkJoinPool-105-worker-5,6,36,5,17,800,90000,500,32600,223,20700,1786683659731
IMPLOG,leaf,ForkJoinPool-105-worker-4,6,36,5,17,9000,89300,500,32800,207,19500,1786683659731
IMPLOG,leaf,ForkJoinPool-105-worker-2,6,36,5,17,800,70700,500,24700,206,17300,1786683659731
IMPLOG,leaf,ForkJoinPool-105-worker-1,6,36,5,17,2800,90200,500,34100,221,19600,1786683659731
IMPLOG,leaf,ForkJoinPool-105-worker-3,6,36,5,17,2300,88600,500,32900,207,20600,1786683659731
IMPLOG,leaf,ForkJoinPool-105-worker-6,6,36,5,17,1000,85500,500,33300,158,15400,1786683659731
IMPLOG,leaf,ForkJoinPool-105-worker-5,6,36,5,17,1800,89600,500,32100,216,20000,1786683659731
IMPLOG,leaf,ForkJoinPool-105-worker-2,6,36,5,17,1700,85400,500,32300,216,20100,1786683659731
IMPLOG,leaf,ForkJoinPool-105-worker-4,6,36,5,17,900,88600,500,34400,203,20200,1786683659731
IMPLOG,leaf,ForkJoinPool-105-worker-3,6,36,5,17,800,92700,500,33200,217,21100,1786683659731
IMPLOG,leaf,ForkJoinPool-105-worker-1,6,36,5,17,800,106700,600,39800,246,23600,1786683659731
IMPLOG,leaf,ForkJoinPool-105-worker-6,6,36,5,17,800,90600,500,33400,213,20000,1786683659731
IMPLOG,leaf,ForkJoinPool-105-worker-5,6,36,5,17,800,89000,500,32000,220,21900,1786683659731
IMPLOG,leaf,ForkJoinPool-105-worker-2,6,36,5,17,800,76400,500,28500,199,18100,1786683659731
IMPLOG,scan,main,6,36,5,17,681500,1786683659731
IMPLOG,leaf,ForkJoinPool-105-worker-3,6,36,5,18,900,102700,600,37900,227,22200,1786683659731
IMPLOG,leaf,ForkJoinPool-105-worker-4,6,36,5,18,4000,84700,500,34400,148,14700,1786683659731
IMPLOG,leaf,ForkJoinPool-105-worker-2,6,36,5,18,4100,90400,500,32400,206,20400,1786683659731
IMPLOG,leaf,ForkJoinPool-105-worker-5,6,36,5,18,1000,109700,600,40300,270,24300,1786683659731
IMPLOG,leaf,ForkJoinPool-105-worker-1,6,36,5,18,1700,113300,600,42700,256,25000,1786683659731
IMPLOG,leaf,ForkJoinPool-105-worker-6,6,36,5,18,4300,112100,600,41000,256,26100,1786683659731
IMPLOG,leaf,ForkJoinPool-105-worker-4,6,36,5,18,800,85300,500,32500,157,14800,1786683659731
IMPLOG,leaf,ForkJoinPool-105-worker-2,6,36,5,18,1900,90400,500,32600,216,21300,1786683659731
IMPLOG,leaf,ForkJoinPool-105-worker-3,6,36,5,18,800,111000,600,38600,253,23500,1786683659731
IMPLOG,leaf,ForkJoinPool-105-worker-5,6,36,5,18,2200,107700,600,39100,268,23800,1786683659731
IMPLOG,leaf,ForkJoinPool-105-worker-6,6,36,5,18,700,105700,600,39800,229,22600,1786683659732
IMPLOG,leaf,ForkJoinPool-105-worker-1,6,36,5,18,8600,106300,600,40000,253,23600,1786683659732
IMPLOG,leaf,ForkJoinPool-105-worker-4,6,36,5,18,2200,84700,500,34400,162,15700,1786683659732
IMPLOG,leaf,ForkJoinPool-105-worker-2,6,36,5,18,800,90000,500,33300,213,20000,1786683659732
IMPLOG,leaf,ForkJoinPool-105-worker-3,6,36,5,18,7500,88000,500,32600,200,19400,1786683659732
IMPLOG,leaf,ForkJoinPool-105-worker-5,6,36,5,18,800,89800,500,32000,209,19600,1786683659732
IMPLOG,leaf,ForkJoinPool-105-worker-6,6,36,5,18,800,89200,500,32800,200,18400,1786683659732
IMPLOG,leaf,ForkJoinPool-105-worker-1,6,36,5,18,800,90300,500,32300,214,20900,1786683659732
IMPLOG,leaf,ForkJoinPool-105-worker-4,6,36,5,18,800,91100,600,32900,246,20900,1786683659732
IMPLOG,leaf,ForkJoinPool-105-worker-3,6,36,5,18,800,88900,500,31300,211,20000,1786683659732
IMPLOG,leaf,ForkJoinPool-105-worker-5,6,36,5,18,2600,91100,500,32100,223,21100,1786683659732
IMPLOG,leaf,ForkJoinPool-105-worker-1,6,36,5,18,2200,88300,500,32700,209,19700,1786683659732
IMPLOG,leaf,ForkJoinPool-105-worker-6,6,36,5,18,2200,90800,500,33400,217,20800,1786683659732
IMPLOG,leaf,ForkJoinPool-105-worker-2,6,36,5,18,2000,107600,600,38900,258,25200,1786683659732
IMPLOG,leaf,ForkJoinPool-105-worker-4,6,36,5,18,2700,91100,500,33600,220,20800,1786683659732
IMPLOG,leaf,ForkJoinPool-105-worker-3,6,36,5,18,2100,89600,500,33000,207,21100,1786683659732
IMPLOG,leaf,ForkJoinPool-105-worker-5,6,36,5,18,800,92900,500,33400,217,21300,1786683659732
IMPLOG,leaf,ForkJoinPool-105-worker-6,6,36,5,18,800,70800,500,25400,203,16000,1786683659732
IMPLOG,leaf,ForkJoinPool-105-worker-1,6,36,5,18,800,89800,500,32900,222,20700,1786683659732
IMPLOG,leaf,ForkJoinPool-105-worker-2,6,36,5,18,800,90000,500,32600,219,20900,1786683659732
IMPLOG,leaf,ForkJoinPool-105-worker-3,6,36,5,18,800,86900,500,31400,218,18800,1786683659732
IMPLOG,leaf,ForkJoinPool-105-worker-6,6,36,5,18,1700,85400,500,31300,210,19600,1786683659732
IMPLOG,leaf,ForkJoinPool-105-worker-1,6,36,5,18,3000,89100,500,32400,208,19200,1786683659732
IMPLOG,leaf,ForkJoinPool-105-worker-4,6,36,5,18,2300,77300,500,26200,209,17800,1786683659732
IMPLOG,leaf,ForkJoinPool-105-worker-5,6,36,5,18,2500,83400,500,31500,208,19300,1786683659732
IMPLOG,leaf,ForkJoinPool-105-worker-2,6,36,5,18,2300,82900,500,31400,205,18900,1786683659732
IMPLOG,scan,main,6,36,5,18,665500,1786683659731
IMPLOG,leaf,ForkJoinPool-105-worker-3,6,36,5,19,1100,103600,600,37500,227,21900,1786683659732
IMPLOG,leaf,ForkJoinPool-105-worker-5,6,36,5,19,3200,90600,500,33800,210,19300,1786683659732
IMPLOG,leaf,ForkJoinPool-105-worker-4,6,36,5,19,2100,89300,500,33700,195,18800,1786683659732
IMPLOG,leaf,ForkJoinPool-105-worker-2,6,36,5,19,2400,110800,600,38900,270,26600,1786683659732
IMPLOG,leaf,ForkJoinPool-105-worker-6,6,36,5,19,900,107300,600,39200,256,24100,1786683659732
IMPLOG,leaf,ForkJoinPool-105-worker-1,6,36,5,19,2500,110400,600,39200,252,24300,1786683659732
IMPLOG,leaf,ForkJoinPool-105-worker-5,6,36,5,19,900,89700,500,34200,209,20100,1786683659732
IMPLOG,leaf,ForkJoinPool-105-worker-4,6,36,5,19,2200,90000,500,32900,222,20100,1786683659732
IMPLOG,leaf,ForkJoinPool-105-worker-3,6,36,5,19,2300,107100,600,40100,253,25700,1786683659732
IMPLOG,leaf,ForkJoinPool-105-worker-6,6,36,5,19,800,103900,600,39400,219,20600,1786683659732
IMPLOG,leaf,ForkJoinPool-105-worker-2,6,36,5,19,800,108000,600,39700,259,23300,1786683659732
IMPLOG,leaf,ForkJoinPool-105-worker-1,6,36,5,19,800,106000,600,40000,216,22200,1786683659732
IMPLOG,leaf,ForkJoinPool-105-worker-4,6,36,5,19,700,83700,500,34200,154,14100,1786683659732
IMPLOG,leaf,ForkJoinPool-105-worker-5,6,36,5,19,800,88200,500,34400,192,18300,1786683659732
IMPLOG,leaf,ForkJoinPool-105-worker-3,6,36,5,19,700,87400,500,31200,200,18600,1786683659732
IMPLOG,leaf,ForkJoinPool-105-worker-2,6,36,5,19,800,88700,500,32600,209,20400,1786683659732
IMPLOG,leaf,ForkJoinPool-105-worker-6,6,36,5,19,2000,90300,500,33900,208,20800,1786683659732
IMPLOG,leaf,ForkJoinPool-105-worker-1,6,36,5,19,2700,85600,500,34000,162,16200,1786683659732
IMPLOG,leaf,ForkJoinPool-105-worker-4,6,36,5,19,2800,89200,600,33800,185,17400,1786683659732
IMPLOG,leaf,ForkJoinPool-105-worker-3,6,36,5,19,2200,89000,500,31200,211,20300,1786683659732
IMPLOG,leaf,ForkJoinPool-105-worker-1,6,36,5,19,700,82700,500,34500,133,13300,1786683659732
IMPLOG,leaf,ForkJoinPool-105-worker-2,6,36,5,19,7800,89400,500,31900,209,20300,1786683659732
IMPLOG,leaf,ForkJoinPool-105-worker-5,6,36,5,19,800,89500,500,35300,193,19200,1786683659732
IMPLOG,leaf,ForkJoinPool-105-worker-6,6,36,5,19,900,108200,600,39800,258,25200,1786683659732
IMPLOG,leaf,ForkJoinPool-105-worker-4,6,36,5,19,800,87100,500,34000,177,17000,1786683659732
IMPLOG,leaf,ForkJoinPool-105-worker-3,6,36,5,19,800,93400,500,35000,207,20000,1786683659732
IMPLOG,leaf,ForkJoinPool-105-worker-1,6,36,5,19,2300,86600,500,33900,170,16300,1786683659732
IMPLOG,leaf,ForkJoinPool-105-worker-2,6,36,5,19,2200,89800,500,33800,200,20700,1786683659732
IMPLOG,leaf,ForkJoinPool-105-worker-6,6,36,5,19,3200,70200,500,23200,219,18500,1786683659732
IMPLOG,leaf,ForkJoinPool-105-worker-5,6,36,5,19,2100,90000,500,33700,203,20000,1786683659732
IMPLOG,leaf,ForkJoinPool-105-worker-3,6,36,5,19,2300,89500,500,31900,208,20400,1786683659733
IMPLOG,leaf,ForkJoinPool-105-worker-1,6,36,5,19,800,89400,500,32200,206,20000,1786683659733
IMPLOG,leaf,ForkJoinPool-105-worker-2,6,36,5,19,800,85100,500,32400,204,18800,1786683659733
IMPLOG,leaf,ForkJoinPool-105-worker-6,6,36,5,19,500,86000,500,32000,205,19600,1786683659733
IMPLOG,leaf,ForkJoinPool-105-worker-5,6,36,5,19,800,82500,500,31100,194,18300,1786683659733
IMPLOG,leaf,ForkJoinPool-105-worker-4,6,36,5,19,2200,89900,500,33900,216,20300,1786683659733
IMPLOG,scan,main,6,36,5,19,664800,1786683659732
IMPLOG,leaf,ForkJoinPool-105-worker-6,6,36,5,20,1700,60400,500,20100,209,15600,1786683659733
IMPLOG,leaf,ForkJoinPool-105-worker-3,6,36,5,20,2600,103300,600,38000,227,21500,1786683659733
IMPLOG,leaf,ForkJoinPool-105-worker-5,6,36,5,20,1700,73100,600,24800,258,18800,1786683659733
IMPLOG,leaf,ForkJoinPool-105-worker-2,6,36,5,20,900,109900,600,38500,270,25100,1786683659733
IMPLOG,leaf,ForkJoinPool-105-worker-4,6,36,5,20,3900,107300,600,39500,257,24400,1786683659733
IMPLOG,leaf,ForkJoinPool-105-worker-1,6,36,5,20,2200,107700,600,40300,252,24300,1786683659733
IMPLOG,leaf,ForkJoinPool-105-worker-6,6,36,5,20,1500,60500,500,20500,209,16100,1786683659733
IMPLOG,leaf,ForkJoinPool-105-worker-5,6,36,5,20,600,60200,500,19500,219,15500,1786683659733
IMPLOG,leaf,ForkJoinPool-105-worker-3,6,36,5,20,800,106200,600,37900,253,24200,1786683659733
IMPLOG,leaf,ForkJoinPool-105-worker-6,6,36,5,20,400,58700,500,20500,191,13100,1786683659733
IMPLOG,leaf,ForkJoinPool-105-worker-2,6,36,5,20,2300,109300,600,40400,260,25400,1786683659733
IMPLOG,leaf,ForkJoinPool-105-worker-5,6,36,5,20,500,59700,500,19200,208,14100,1786683659733
IMPLOG,leaf,ForkJoinPool-105-worker-4,6,36,5,20,800,104300,600,40400,220,21000,1786683659733
IMPLOG,leaf,ForkJoinPool-105-worker-1,6,36,5,20,2100,106000,600,40300,216,21900,1786683659733
IMPLOG,leaf,ForkJoinPool-105-worker-6,6,36,5,20,1700,60000,500,18300,208,15000,1786683659733
IMPLOG,leaf,ForkJoinPool-105-worker-5,6,36,5,20,2300,60100,500,18800,211,15200,1786683659733
IMPLOG,leaf,ForkJoinPool-105-worker-3,6,36,5,20,2200,89700,500,33800,200,20000,1786683659733
IMPLOG,leaf,ForkJoinPool-105-worker-2,6,36,5,20,800,90100,500,32200,209,19600,1786683659733
IMPLOG,leaf,ForkJoinPool-105-worker-4,6,36,5,20,2100,83800,500,34000,156,14400,1786683659733
IMPLOG,leaf,ForkJoinPool-105-worker-1,6,36,5,20,800,85900,500,35300,162,15400,1786683659733
IMPLOG,leaf,ForkJoinPool-105-worker-6,6,36,5,20,500,58700,500,19700,195,14200,1786683659733
IMPLOG,leaf,ForkJoinPool-105-worker-5,6,36,5,20,500,60100,500,21200,213,15500,1786683659733
IMPLOG,leaf,ForkJoinPool-105-worker-3,6,36,5,20,800,88000,500,31500,202,18700,1786683659733
IMPLOG,leaf,ForkJoinPool-105-worker-2,6,36,5,20,2600,89600,500,33000,210,20300,1786683659733
IMPLOG,leaf,ForkJoinPool-105-worker-5,6,36,5,20,1700,61000,500,21500,206,15700,1786683659733
IMPLOG,leaf,ForkJoinPool-105-worker-4,6,36,5,20,900,89300,500,32100,222,19800,1786683659733
IMPLOG,leaf,ForkJoinPool-105-worker-1,6,36,5,20,2100,83900,500,34100,131,13900,1786683659733
IMPLOG,leaf,ForkJoinPool-105-worker-3,6,36,5,20,2100,88800,500,33600,203,19300,1786683659733
IMPLOG,leaf,ForkJoinPool-105-worker-2,6,36,5,20,1800,89500,500,33300,200,20700,1786683659733
IMPLOG,leaf,ForkJoinPool-105-worker-5,6,36,5,20,500,86700,500,31700,215,18800,1786683659733
IMPLOG,leaf,ForkJoinPool-105-worker-1,6,36,5,20,800,87900,500,34800,170,17400,1786683659733
IMPLOG,leaf,ForkJoinPool-105-worker-6,6,36,5,20,900,86300,500,31700,194,19300,1786683659733
IMPLOG,leaf,ForkJoinPool-105-worker-4,6,36,5,20,800,93900,600,36900,183,16300,1786683659733
IMPLOG,leaf,ForkJoinPool-105-worker-3,6,36,5,20,2000,89700,500,33200,193,19700,1786683659733
IMPLOG,leaf,ForkJoinPool-105-worker-6,6,36,5,20,5900,59700,500,21200,179,13800,1786683659733
IMPLOG,leaf,ForkJoinPool-105-worker-2,6,36,5,20,800,83800,500,30900,203,19100,1786683659733
IMPLOG,scan,main,6,36,5,20,676900,1786683659733
IMPLOG,leaf,ForkJoinPool-105-worker-3,6,36,5,21,1300,104400,600,39600,231,22300,1786683659733
IMPLOG,leaf,ForkJoinPool-105-worker-4,6,36,5,21,7400,62200,500,21300,209,16300,1786683659733
IMPLOG,leaf,ForkJoinPool-105-worker-2,6,36,5,21,3700,109300,600,38500,270,27000,1786683659733
IMPLOG,leaf,ForkJoinPool-105-worker-6,6,36,5,21,7200,69300,500,23200,203,17300,1786683659733
IMPLOG,leaf,ForkJoinPool-105-worker-5,6,36,5,21,2300,103100,600,40100,198,19200,1786683659733
IMPLOG,leaf,ForkJoinPool-105-worker-1,6,36,5,21,2200,108200,600,40200,251,23700,1786683659733
IMPLOG,leaf,ForkJoinPool-105-worker-4,6,36,5,21,500,61700,500,18800,216,16300,1786683659734
IMPLOG,leaf,ForkJoinPool-105-worker-6,6,36,5,21,1300,59900,500,21200,197,15100,1786683659734
IMPLOG,leaf,ForkJoinPool-105-worker-3,6,36,5,21,800,107200,600,38000,255,24100,1786683659734
IMPLOG,leaf,ForkJoinPool-105-worker-2,6,36,5,21,900,106300,600,38400,260,23400,1786683659734
IMPLOG,leaf,ForkJoinPool-105-worker-5,6,36,5,21,2200,88200,500,34500,184,18200,1786683659734
IMPLOG,leaf,ForkJoinPool-105-worker-1,6,36,5,21,900,106200,600,40300,221,22400,1786683659734
IMPLOG,leaf,ForkJoinPool-105-worker-6,6,36,5,21,700,82500,500,35200,137,14200,1786683659734
IMPLOG,leaf,ForkJoinPool-105-worker-4,6,36,5,21,2400,84900,500,33900,168,17200,1786683659734
IMPLOG,leaf,ForkJoinPool-105-worker-3,6,36,5,21,13000,87600,500,31700,203,19700,1786683659734
IMPLOG,leaf,ForkJoinPool-105-worker-5,6,36,5,21,800,87800,500,32500,197,19000,1786683659734
IMPLOG,leaf,ForkJoinPool-105-worker-2,6,36,5,21,2700,89300,500,33500,210,21000,1786683659734
IMPLOG,leaf,ForkJoinPool-105-worker-4,6,36,5,21,500,60600,500,19400,209,15900,1786683659734
IMPLOG,leaf,ForkJoinPool-105-worker-1,6,36,5,21,9900,89000,500,34400,176,17900,1786683659734
IMPLOG,leaf,ForkJoinPool-105-worker-3,6,36,5,21,800,89200,500,33000,216,20700,1786683659734
IMPLOG,leaf,ForkJoinPool-105-worker-5,6,36,5,21,2300,88700,500,33200,207,19300,1786683659734
IMPLOG,leaf,ForkJoinPool-105-worker-2,6,36,5,21,2100,90000,500,32600,206,19600,1786683659734
IMPLOG,leaf,ForkJoinPool-105-worker-6,6,36,5,21,2100,106000,600,38800,257,24400,1786683659734
IMPLOG,leaf,ForkJoinPool-105-worker-1,6,36,5,21,5500,96600,600,35400,260,22800,1786683659734
IMPLOG,leaf,ForkJoinPool-105-worker-3,6,36,5,21,2800,88000,500,32100,204,17900,1786683659734
IMPLOG,leaf,ForkJoinPool-105-worker-5,6,36,5,21,800,88300,500,32200,209,19300,1786683659734
IMPLOG,leaf,ForkJoinPool-105-worker-4,6,36,5,21,2000,89300,500,32400,209,20000,1786683659734
IMPLOG,leaf,ForkJoinPool-105-worker-2,6,36,5,21,900,89300,500,34500,190,17900,1786683659734
IMPLOG,leaf,ForkJoinPool-105-worker-6,6,36,5,21,900,103500,600,38600,220,21300,1786683659734
IMPLOG,leaf,ForkJoinPool-105-worker-1,6,36,5,21,900,88800,500,32200,217,22000,1786683659734
IMPLOG,leaf,ForkJoinPool-105-worker-3,6,36,5,21,800,89100,500,34600,214,20100,1786683659734
IMPLOG,leaf,ForkJoinPool-105-worker-5,6,36,5,21,2100,88900,500,33600,210,19500,1786683659734
IMPLOG,leaf,ForkJoinPool-105-worker-2,6,36,5,21,2100,80600,500,29100,209,18200,1786683659734
IMPLOG,leaf,ForkJoinPool-105-worker-4,6,36,5,21,1000,88500,500,33400,197,19400,1786683659734
IMPLOG,leaf,ForkJoinPool-105-worker-6,6,36,5,21,2500,66200,500,26000,156,13000,1786683659734
IMPLOG,leaf,ForkJoinPool-105-worker-3,6,36,5,21,2600,73900,500,24800,222,17500,1786683659734
IMPLOG,scan,main,6,36,5,21,705400,1786683659733
IMPLOG,leaf,ForkJoinPool-105-worker-3,6,36,5,22,2200,103800,600,38600,231,21600,1786683659734
IMPLOG,leaf,ForkJoinPool-105-worker-1,6,36,5,22,1000,110000,600,39500,270,25500,1786683659734
IMPLOG,leaf,ForkJoinPool-105-worker-2,6,36,5,22,1000,91200,500,33800,209,20200,1786683659734
IMPLOG,leaf,ForkJoinPool-105-worker-5,6,36,5,22,2300,90600,500,32400,209,20500,1786683659734
IMPLOG,leaf,ForkJoinPool-105-worker-6,6,36,5,22,2300,103100,600,40500,198,20300,1786683659734
IMPLOG,leaf,ForkJoinPool-105-worker-4,6,36,5,22,1000,108700,600,40900,251,24100,1786683659734
IMPLOG,leaf,ForkJoinPool-105-worker-3,6,36,5,22,800,106400,600,39600,255,23300,1786683659734
IMPLOG,leaf,ForkJoinPool-105-worker-5,6,36,5,22,800,90400,500,33300,206,20200,1786683659734
IMPLOG,leaf,ForkJoinPool-105-worker-2,6,36,5,22,2100,90100,500,32300,215,20100,1786683659734
IMPLOG,leaf,ForkJoinPool-105-worker-6,6,36,5,22,900,87700,500,33400,184,17600,1786683659734
IMPLOG,leaf,ForkJoinPool-105-worker-1,6,36,5,22,2100,108300,600,39800,260,24400,1786683659734
IMPLOG,leaf,ForkJoinPool-105-worker-4,6,36,5,22,2800,107200,600,42100,222,22800,1786683659734
IMPLOG,leaf,ForkJoinPool-105-worker-3,6,36,5,22,3000,88200,500,32900,203,19600,1786683659734
IMPLOG,leaf,ForkJoinPool-105-worker-2,6,36,5,22,800,88900,500,34100,202,18500,1786683659734
IMPLOG,leaf,ForkJoinPool-105-worker-5,6,36,5,22,800,89400,500,33000,210,20400,1786683659734
IMPLOG,leaf,ForkJoinPool-105-worker-6,6,36,5,22,3100,89000,500,33600,197,18900,1786683659734
IMPLOG,leaf,ForkJoinPool-105-worker-1,6,36,5,22,800,88800,500,33500,197,19700,1786683659734
IMPLOG,leaf,ForkJoinPool-105-worker-4,6,36,5,22,800,86100,500,33700,168,16100,1786683659734
IMPLOG,leaf,ForkJoinPool-105-worker-3,6,36,5,22,800,69100,500,21300,216,17400,1786683659734
IMPLOG,leaf,ForkJoinPool-105-worker-6,6,36,5,22,800,69400,500,23100,207,16300,1786683659734
IMPLOG,leaf,ForkJoinPool-105-worker-5,6,36,5,22,9300,88300,500,34000,176,18100,1786683659734
IMPLOG,leaf,ForkJoinPool-105-worker-2,6,36,5,22,16900,85100,500,36700,137,14000,1786683659734
IMPLOG,leaf,ForkJoinPool-105-worker-3,6,36,5,22,1600,68600,500,24200,204,16400,1786683659734
IMPLOG,leaf,ForkJoinPool-105-worker-6,6,36,5,22,500,95800,600,35200,257,21900,1786683659734
IMPLOG,leaf,ForkJoinPool-105-worker-5,6,36,5,22,2200,89300,500,32300,209,20200,1786683659735
IMPLOG,leaf,ForkJoinPool-105-worker-4,6,36,5,22,2300,88900,500,34300,209,19400,1786683659735
IMPLOG,leaf,ForkJoinPool-105-worker-1,6,36,5,22,2400,90500,500,34500,214,20200,1786683659735
IMPLOG,leaf,ForkJoinPool-105-worker-2,6,36,5,22,2100,107500,600,39700,260,23800,1786683659735
IMPLOG,leaf,ForkJoinPool-105-worker-3,6,36,5,22,800,88200,500,33900,190,18500,1786683659735
IMPLOG,leaf,ForkJoinPool-105-worker-5,6,36,5,22,800,89700,500,31800,210,20100,1786683659735
IMPLOG,leaf,ForkJoinPool-105-worker-6,6,36,5,22,2200,101600,600,37500,220,20000,1786683659735
IMPLOG,leaf,ForkJoinPool-105-worker-4,6,36,5,22,900,78000,500,30900,156,13500,1786683659735
IMPLOG,leaf,ForkJoinPool-105-worker-1,6,36,5,22,800,88600,500,34200,197,19500,1786683659735
IMPLOG,leaf,ForkJoinPool-105-worker-2,6,36,5,22,800,89900,500,31000,217,20800,1786683659735
IMPLOG,leaf,ForkJoinPool-105-worker-3,6,36,5,22,900,89800,500,32700,209,19900,1786683659735
IMPLOG,leaf,ForkJoinPool-105-worker-5,6,36,5,22,2200,71300,500,24000,222,18100,1786683659735
IMPLOG,scan,main,6,36,5,22,711100,1786683659734
IMPLOG,leaf,ForkJoinPool-105-worker-4,6,36,5,23,700,59500,500,22700,188,14300,1786683659735
IMPLOG,leaf,ForkJoinPool-105-worker-2,6,36,5,23,1700,60000,500,20400,200,15000,1786683659735
IMPLOG,leaf,ForkJoinPool-105-worker-3,6,36,5,23,2400,101700,600,37600,211,20000,1786683659735
IMPLOG,leaf,ForkJoinPool-105-worker-6,6,36,5,23,1000,110200,600,40600,270,25100,1786683659735
IMPLOG,leaf,ForkJoinPool-105-worker-5,6,36,5,23,4700,107600,600,40800,257,24800,1786683659735
IMPLOG,leaf,ForkJoinPool-105-worker-1,6,36,5,23,2400,110800,600,40400,255,25000,1786683659735
IMPLOG,leaf,ForkJoinPool-105-worker-2,6,36,5,23,400,60400,500,20600,207,15500,1786683659735
IMPLOG,leaf,ForkJoinPool-105-worker-4,6,36,5,23,2200,61300,500,20800,215,15600,1786683659735
IMPLOG,leaf,ForkJoinPool-105-worker-3,6,36,5,23,800,106000,600,39500,231,22100,1786683659735
IMPLOG,leaf,ForkJoinPool-105-worker-4,6,36,5,23,500,61500,500,21100,213,16600,1786683659735
IMPLOG,leaf,ForkJoinPool-105-worker-2,6,36,5,23,2200,60800,500,19800,205,15300,1786683659735
IMPLOG,leaf,ForkJoinPool-105-worker-6,6,36,5,23,2300,108900,600,39900,252,25600,1786683659735
IMPLOG,leaf,ForkJoinPool-105-worker-5,6,36,5,23,900,106600,600,39100,236,23000,1786683659735
IMPLOG,leaf,ForkJoinPool-105-worker-1,6,36,5,23,2400,105600,600,40500,201,20600,1786683659735
IMPLOG,leaf,ForkJoinPool-105-worker-2,6,36,5,23,2300,58700,500,20100,190,14000,1786683659735
IMPLOG,leaf,ForkJoinPool-105-worker-4,6,36,5,23,2100,60100,500,20600,195,14300,1786683659735
IMPLOG,leaf,ForkJoinPool-105-worker-3,6,36,5,23,2700,86600,500,31800,186,17100,1786683659735
IMPLOG,leaf,ForkJoinPool-105-worker-6,6,36,5,23,2100,89800,500,33000,207,20200,1786683659735
IMPLOG,leaf,ForkJoinPool-105-worker-1,6,36,5,23,700,86800,500,34000,168,15800,1786683659735
IMPLOG,leaf,ForkJoinPool-105-worker-2,6,36,5,23,500,58900,500,19500,192,13500,1786683659735
IMPLOG,leaf,ForkJoinPool-105-worker-4,6,36,5,23,500,58400,500,21100,151,12200,1786683659735
IMPLOG,leaf,ForkJoinPool-105-worker-5,6,36,5,23,2400,90300,500,31800,210,19500,1786683659735
IMPLOG,leaf,ForkJoinPool-105-worker-3,6,36,5,23,2100,89100,500,33500,199,19100,1786683659735
IMPLOG,leaf,ForkJoinPool-105-worker-2,6,36,5,23,1600,61500,500,19800,222,15900,1786683659735
IMPLOG,leaf,ForkJoinPool-105-worker-1,6,36,5,23,2300,63000,500,23300,176,14800,1786683659735
IMPLOG,leaf,ForkJoinPool-105-worker-6,6,36,5,23,800,92500,500,33700,221,21800,1786683659735
IMPLOG,leaf,ForkJoinPool-105-worker-3,6,36,5,23,700,89100,500,32400,202,19100,1786683659735
IMPLOG,leaf,ForkJoinPool-105-worker-4,6,36,5,23,900,89400,500,31700,207,19500,1786683659735
IMPLOG,leaf,ForkJoinPool-105-worker-6,6,36,5,23,800,90500,500,33200,207,20900,1786683659735
IMPLOG,leaf,ForkJoinPool-105-worker-2,6,36,5,23,800,100400,600,39400,179,18200,1786683659735
IMPLOG,leaf,ForkJoinPool-105-worker-1,6,36,5,23,900,88300,500,32100,194,19200,1786683659735
IMPLOG,leaf,ForkJoinPool-105-worker-5,6,36,5,23,900,106600,600,38300,241,23100,1786683659735
IMPLOG,leaf,ForkJoinPool-105-worker-3,6,36,5,23,800,88900,500,32600,201,20300,1786683659735
IMPLOG,leaf,ForkJoinPool-105-worker-2,6,36,5,23,3200,87800,500,35300,171,17700,1786683659735
IMPLOG,leaf,ForkJoinPool-105-worker-6,6,36,5,23,7700,85100,500,31000,178,17600,1786683659735
IMPLOG,leaf,ForkJoinPool-105-worker-1,6,36,5,23,2500,90300,500,35300,201,19800,1786683659735
IMPLOG,scan,main,6,36,5,23,661700,1786683659735
IMPLOG,leaf,ForkJoinPool-105-worker-4,6,36,5,24,800,89100,500,33800,200,19000,1786683659736
IMPLOG,leaf,ForkJoinPool-105-worker-3,6,36,5,24,1900,103600,600,39100,211,19900,1786683659735
IMPLOG,leaf,ForkJoinPool-105-worker-5,6,36,5,24,1000,90100,500,32900,205,20700,1786683659736
IMPLOG,leaf,ForkJoinPool-105-worker-6,6,36,5,24,1000,110500,600,40000,269,25300,1786683659735
IMPLOG,leaf,ForkJoinPool-105-worker-1,6,36,5,24,2700,106700,600,39600,257,23800,1786683659736
IMPLOG,leaf,ForkJoinPool-105-worker-2,6,36,5,24,2500,110100,600,39600,257,24900,1786683659736
IMPLOG,leaf,ForkJoinPool-105-worker-5,6,36,5,24,1900,88300,500,32600,190,18500,1786683659736
IMPLOG,leaf,ForkJoinPool-105-worker-4,6,36,5,24,6900,90600,500,33300,207,20400,1786683659736
IMPLOG,leaf,ForkJoinPool-105-worker-3,6,36,5,24,800,104600,600,39000,231,21900,1786683659736
IMPLOG,leaf,ForkJoinPool-105-worker-6,6,36,5,24,2200,108400,600,39500,252,24600,1786683659736
IMPLOG,leaf,ForkJoinPool-105-worker-1,6,36,5,24,900,105800,600,40300,236,23800,1786683659736
IMPLOG,leaf,ForkJoinPool-105-worker-2,6,36,5,24,800,105100,600,41000,201,20400,1786683659736
IMPLOG,leaf,ForkJoinPool-105-worker-5,6,36,5,24,800,88100,500,32700,188,17800,1786683659736
IMPLOG,leaf,ForkJoinPool-105-worker-4,6,36,5,24,2300,88600,500,32800,192,18700,1786683659736
IMPLOG,leaf,ForkJoinPool-105-worker-3,6,36,5,24,2200,86000,500,32600,186,17700,1786683659736
IMPLOG,leaf,ForkJoinPool-105-worker-2,6,36,5,24,1900,86200,500,34600,168,15700,1786683659736
IMPLOG,leaf,ForkJoinPool-105-worker-6,6,36,5,24,800,89400,500,32600,207,21000,1786683659736
IMPLOG,leaf,ForkJoinPool-105-worker-1,6,36,5,24,2200,89200,500,31600,210,20100,1786683659736
IMPLOG,leaf,ForkJoinPool-105-worker-2,6,36,5,24,800,60800,500,24200,152,11500,1786683659736
IMPLOG,leaf,ForkJoinPool-105-worker-5,6,36,5,24,2200,91000,500,34500,215,20700,1786683659736
IMPLOG,leaf,ForkJoinPool-105-worker-4,6,36,5,24,800,91400,500,32900,220,21000,1786683659736
IMPLOG,leaf,ForkJoinPool-105-worker-3,6,36,5,24,800,88200,500,33500,199,18000,1786683659736
IMPLOG,leaf,ForkJoinPool-105-worker-6,6,36,5,24,2100,90800,500,33300,222,21300,1786683659736
IMPLOG,leaf,ForkJoinPool-105-worker-2,6,36,5,24,1700,84000,500,32500,176,16800,1786683659736
IMPLOG,leaf,ForkJoinPool-105-worker-5,6,36,5,24,800,90900,500,33200,213,20100,1786683659736
IMPLOG,leaf,ForkJoinPool-105-worker-3,6,36,5,24,2800,88700,500,32800,202,19600,1786683659736
IMPLOG,leaf,ForkJoinPool-105-worker-4,6,36,5,24,2200,101300,600,38500,242,22300,1786683659736
IMPLOG,leaf,ForkJoinPool-105-worker-1,6,36,5,24,900,100600,600,39400,179,17200,1786683659736
IMPLOG,leaf,ForkJoinPool-105-worker-6,6,36,5,24,800,89800,500,33400,207,20000,1786683659736
IMPLOG,leaf,ForkJoinPool-105-worker-2,6,36,5,24,800,87800,500,32900,195,18300,1786683659736
IMPLOG,leaf,ForkJoinPool-105-worker-4,6,36,5,24,2300,59500,500,21300,201,14600,1786683659736
IMPLOG,leaf,ForkJoinPool-105-worker-3,6,36,5,24,700,88900,500,32900,206,20300,1786683659736
IMPLOG,leaf,ForkJoinPool-105-worker-1,6,36,5,24,7000,82800,500,31200,171,16500,1786683659736
IMPLOG,leaf,ForkJoinPool-105-worker-6,6,36,5,24,2300,82700,500,32200,178,16600,1786683659736
IMPLOG,leaf,ForkJoinPool-105-worker-4,6,36,5,24,400,85600,500,31900,195,17000,1786683659736
IMPLOG,leaf,ForkJoinPool-105-worker-5,6,36,5,24,2800,89200,500,34800,201,18500,1786683659736
IMPLOG,scan,main,6,36,5,24,716000,1786683659735
IMPLOG,leaf,ForkJoinPool-105-worker-3,6,36,5,25,800,103000,600,39900,211,20900,1786683659736
IMPLOG,leaf,ForkJoinPool-105-worker-2,6,36,5,25,2500,89400,500,33800,200,19900,1786683659736
IMPLOG,leaf,ForkJoinPool-105-worker-4,6,36,5,25,2300,110700,600,39400,269,25100,1786683659736
IMPLOG,leaf,ForkJoinPool-105-worker-5,6,36,5,25,3200,104300,600,44500,179,18300,1786683659736
IMPLOG,leaf,ForkJoinPool-105-worker-6,6,36,5,25,3500,112100,600,41100,257,26600,1786683659736
IMPLOG,leaf,ForkJoinPool-105-worker-1,6,36,5,25,3900,109100,600,39900,257,24700,1786683659736
IMPLOG,leaf,ForkJoinPool-105-worker-2,6,36,5,25,1000,90600,500,34000,207,19700,1786683659736
IMPLOG,leaf,ForkJoinPool-105-worker-3,6,36,5,25,2200,105900,600,38700,231,22700,1786683659736
IMPLOG,leaf,ForkJoinPool-105-worker-5,6,36,5,25,800,86500,500,33500,171,17100,1786683659736
IMPLOG,leaf,ForkJoinPool-105-worker-4,6,36,5,25,800,110500,600,39700,252,26200,1786683659736
IMPLOG,leaf,ForkJoinPool-105-worker-6,6,36,5,25,800,104700,600,41600,203,19600,1786683659736
IMPLOG,leaf,ForkJoinPool-105-worker-1,6,36,5,25,800,105900,600,40200,236,23800,1786683659736
IMPLOG,leaf,ForkJoinPool-105-worker-3,6,36,5,25,800,87400,500,33600,186,18400,1786683659736
IMPLOG,leaf,ForkJoinPool-105-worker-5,6,36,5,25,2000,88100,500,33800,178,18400,1786683659736
IMPLOG,leaf,ForkJoinPool-105-worker-2,6,36,5,25,7100,93300,500,34400,205,22300,1786683659736
IMPLOG,leaf,ForkJoinPool-105-worker-6,6,36,5,25,2200,87500,500,34500,168,17200,1786683659736
IMPLOG,leaf,ForkJoinPool-105-worker-4,6,36,5,25,2200,90300,500,33600,207,19500,1786683659736
IMPLOG,leaf,ForkJoinPool-105-worker-1,6,36,5,25,2000,89500,500,32400,210,19300,1786683659736
IMPLOG,leaf,ForkJoinPool-105-worker-3,6,36,5,25,2200,88900,500,33800,199,18300,1786683659737
IMPLOG,leaf,ForkJoinPool-105-worker-5,6,36,5,25,900,89500,500,34600,201,20200,1786683659737
IMPLOG,leaf,ForkJoinPool-105-worker-2,6,36,5,25,2000,88300,500,35000,190,17900,1786683659737
IMPLOG,leaf,ForkJoinPool-105-worker-6,6,36,5,25,700,86900,500,36700,153,16500,1786683659737
IMPLOG,leaf,ForkJoinPool-105-worker-1,6,36,5,25,700,88000,500,34200,194,19100,1786683659737
IMPLOG,leaf,ForkJoinPool-105-worker-4,6,36,5,25,2600,91800,500,33000,222,22100,1786683659737
IMPLOG,leaf,ForkJoinPool-105-worker-6,6,36,5,25,2600,62100,500,22200,176,14100,1786683659737
IMPLOG,leaf,ForkJoinPool-105-worker-3,6,36,5,25,800,89100,500,32000,202,19800,1786683659737
IMPLOG,leaf,ForkJoinPool-105-worker-2,6,36,5,25,800,91400,500,31600,222,21300,1786683659737
IMPLOG,leaf,ForkJoinPool-105-worker-5,6,36,5,25,7400,91000,500,33100,207,20000,1786683659737
IMPLOG,leaf,ForkJoinPool-105-worker-4,6,36,5,25,800,89100,500,33900,189,18000,1786683659737
IMPLOG,leaf,ForkJoinPool-105-worker-6,6,36,5,25,500,84600,500,30300,213,20300,1786683659737
IMPLOG,leaf,ForkJoinPool-105-worker-3,6,36,5,25,800,83800,600,28600,242,19500,1786683659737
IMPLOG,leaf,ForkJoinPool-105-worker-1,6,36,5,25,900,82300,500,29800,206,18900,1786683659737
IMPLOG,leaf,ForkJoinPool-105-worker-5,6,36,5,25,900,92700,500,33800,215,21700,1786683659737
IMPLOG,leaf,ForkJoinPool-105-worker-2,6,36,5,25,2100,90400,500,32700,195,18400,1786683659737
IMPLOG,leaf,ForkJoinPool-105-worker-3,6,36,5,25,1700,64900,500,22800,201,15100,1786683659737
IMPLOG,leaf,ForkJoinPool-105-worker-1,6,36,5,25,2100,64000,500,23000,195,14900,1786683659737
IMPLOG,scan,main,6,36,5,25,683900,1786683659736
IMPLOG,leaf,ForkJoinPool-105-worker-4,6,36,5,26,1800,59800,500,19500,200,14600,1786683659737
IMPLOG,leaf,ForkJoinPool-105-worker-3,6,36,5,26,2100,102800,600,38600,211,20100,1786683659737
IMPLOG,leaf,ForkJoinPool-105-worker-1,6,36,5,26,1000,110100,600,40400,269,25500,1786683659737
IMPLOG,leaf,ForkJoinPool-105-worker-6,6,36,5,26,6900,79600,600,25000,242,20800,1786683659737
IMPLOG,leaf,ForkJoinPool-105-worker-2,6,36,5,26,3900,109000,600,41300,257,25000,1786683659737
IMPLOG,leaf,ForkJoinPool-105-worker-5,6,36,5,26,2000,110400,600,39800,257,26500,1786683659737
IMPLOG,leaf,ForkJoinPool-105-worker-4,6,36,5,26,400,61000,500,20600,207,14800,1786683659737
IMPLOG,leaf,ForkJoinPool-105-worker-6,6,36,5,26,1700,59800,500,19400,201,15000,1786683659737
IMPLOG,leaf,ForkJoinPool-105-worker-3,6,36,5,26,800,105500,600,39900,231,21300,1786683659737
IMPLOG,leaf,ForkJoinPool-105-worker-4,6,36,5,26,500,60700,500,21600,205,14800,1786683659737
IMPLOG,leaf,ForkJoinPool-105-worker-1,6,36,5,26,2400,108400,600,37900,253,23300,1786683659737
IMPLOG,leaf,ForkJoinPool-105-worker-2,6,36,5,26,900,105900,600,40500,236,22000,1786683659737
IMPLOG,leaf,ForkJoinPool-105-worker-5,6,36,5,26,2100,105400,600,40800,203,21000,1786683659737
IMPLOG,leaf,ForkJoinPool-105-worker-6,6,36,5,26,400,59400,500,20900,206,14600,1786683659737
IMPLOG,leaf,ForkJoinPool-105-worker-4,6,36,5,26,1400,58800,500,19000,191,14700,1786683659737
IMPLOG,leaf,ForkJoinPool-105-worker-3,6,36,5,26,2200,87600,500,33700,186,17900,1786683659737
IMPLOG,leaf,ForkJoinPool-105-worker-1,6,36,5,26,800,90200,500,32800,207,20000,1786683659737
IMPLOG,leaf,ForkJoinPool-105-worker-6,6,36,5,26,1700,58800,500,21400,195,13700,1786683659737
IMPLOG,leaf,ForkJoinPool-105-worker-4,6,36,5,26,500,59200,500,22100,194,14100,1786683659737
IMPLOG,leaf,ForkJoinPool-105-worker-5,6,36,5,26,800,87000,500,34400,168,16900,1786683659737
IMPLOG,leaf,ForkJoinPool-105-worker-2,6,36,5,26,2300,89500,500,34500,210,20000,1786683659737
IMPLOG,leaf,ForkJoinPool-105-worker-6,6,36,5,26,500,59800,500,20000,202,15100,1786683659737
IMPLOG,leaf,ForkJoinPool-105-worker-3,6,36,5,26,800,88100,500,33200,199,18500,1786683659737
IMPLOG,leaf,ForkJoinPool-105-worker-5,6,36,5,26,2300,59800,500,20900,153,11500,1786683659737
IMPLOG,leaf,ForkJoinPool-105-worker-4,6,36,5,26,1700,61000,500,20500,222,16000,1786683659737
IMPLOG,leaf,ForkJoinPool-105-worker-1,6,36,5,26,800,91500,500,32100,222,22500,1786683659737
IMPLOG,leaf,ForkJoinPool-105-worker-6,6,36,5,26,7300,59600,500,19600,189,13800,1786683659737
IMPLOG,leaf,ForkJoinPool-105-worker-4,6,36,5,26,500,67700,600,27700,179,14200,1786683659737
IMPLOG,leaf,ForkJoinPool-105-worker-3,6,36,5,26,8200,89400,500,34300,176,18200,1786683659737
IMPLOG,leaf,ForkJoinPool-105-worker-5,6,36,5,26,500,89400,500,33900,213,20900,1786683659737
IMPLOG,leaf,ForkJoinPool-105-worker-2,6,36,5,26,900,87800,500,32900,193,19200,1786683659737
IMPLOG,leaf,ForkJoinPool-105-worker-1,6,36,5,26,2300,90100,500,33200,207,19200,1786683659737
IMPLOG,leaf,ForkJoinPool-105-worker-6,6,36,5,26,1500,65700,500,23900,218,16000,1786683659737
IMPLOG,leaf,ForkJoinPool-105-worker-4,6,36,5,26,5900,58000,500,21200,171,12500,1786683659737
IMPLOG,leaf,ForkJoinPool-105-worker-3,6,36,5,26,800,73100,500,28200,179,15600,1786683659737
IMPLOG,leaf,ForkJoinPool-105-worker-2,6,36,5,26,1700,61100,500,21000,201,15800,1786683659737
IMPLOG,scan,main,6,36,5,26,607400,1786683659737
IMPLOG,leaf,ForkJoinPool-105-worker-3,6,36,5,27,1000,103400,600,39000,211,20900,1786683659737
IMPLOG,leaf,ForkJoinPool-105-worker-5,6,36,5,27,2200,89700,500,32500,200,19000,1786683659738
IMPLOG,leaf,ForkJoinPool-105-worker-1,6,36,5,27,900,110200,600,38900,268,25100,1786683659738
IMPLOG,leaf,ForkJoinPool-105-worker-2,6,36,5,27,2100,107200,600,39800,258,24300,1786683659738
IMPLOG,leaf,ForkJoinPool-105-worker-6,6,36,5,27,1800,102900,600,41200,179,17900,1786683659738
IMPLOG,leaf,ForkJoinPool-105-worker-4,6,36,5,27,2300,109500,600,38700,257,24100,1786683659738
IMPLOG,leaf,ForkJoinPool-105-worker-5,6,36,5,27,2100,89300,500,33200,207,20100,1786683659738
IMPLOG,leaf,ForkJoinPool-105-worker-3,6,36,5,27,2200,104300,600,39700,231,21000,1786683659738
IMPLOG,leaf,ForkJoinPool-105-worker-6,6,36,5,27,2800,85500,500,32900,165,15600,1786683659738
IMPLOG,leaf,ForkJoinPool-105-worker-1,6,36,5,27,2700,107600,600,39600,245,24300,1786683659738
IMPLOG,leaf,ForkJoinPool-105-worker-2,6,36,5,27,800,105600,600,40600,236,22900,1786683659738
IMPLOG,leaf,ForkJoinPool-105-worker-4,6,36,5,27,700,105400,600,41700,206,20500,1786683659738
IMPLOG,leaf,ForkJoinPool-105-worker-5,6,36,5,27,800,89900,500,33800,207,19300,1786683659738
IMPLOG,leaf,ForkJoinPool-105-worker-3,6,36,5,27,800,87700,500,32000,186,18500,1786683659738
IMPLOG,leaf,ForkJoinPool-105-worker-6,6,36,5,27,700,87600,500,33000,186,17400,1786683659738
IMPLOG,leaf,ForkJoinPool-105-worker-1,6,36,5,27,900,89700,500,34300,206,19800,1786683659738
IMPLOG,leaf,ForkJoinPool-105-worker-2,6,36,5,27,2600,89800,500,33000,211,19800,1786683659738
IMPLOG,leaf,ForkJoinPool-105-worker-4,6,36,5,27,2500,87900,500,34900,168,17200,1786683659738
IMPLOG,leaf,ForkJoinPool-105-worker-3,6,36,5,27,2300,88700,500,33700,199,17700,1786683659738
IMPLOG,leaf,ForkJoinPool-105-worker-5,6,36,5,27,3100,88100,500,32500,191,17800,1786683659738
IMPLOG,leaf,ForkJoinPool-105-worker-6,6,36,5,27,2000,90000,500,34300,201,20200,1786683659738
IMPLOG,leaf,ForkJoinPool-105-worker-2,6,36,5,27,800,88900,500,34500,194,19100,1786683659738
IMPLOG,leaf,ForkJoinPool-105-worker-1,6,36,5,27,800,90600,500,33600,203,20100,1786683659738
IMPLOG,leaf,ForkJoinPool-105-worker-4,6,36,5,27,800,88400,500,36500,162,16400,1786683659738
IMPLOG,leaf,ForkJoinPool-105-worker-4,6,36,5,27,2300,60500,500,22500,166,13500,1786683659738
IMPLOG,leaf,ForkJoinPool-105-worker-3,6,36,5,27,800,88700,500,32800,202,19400,1786683659738
IMPLOG,leaf,ForkJoinPool-105-worker-5,6,36,5,27,800,92100,500,33800,222,22700,1786683659738
IMPLOG,leaf,ForkJoinPool-105-worker-6,6,36,5,27,800,89400,500,33900,199,18600,1786683659738
IMPLOG,leaf,ForkJoinPool-105-worker-1,6,36,5,27,2100,89100,500,33700,189,18500,1786683659738
IMPLOG,leaf,ForkJoinPool-105-worker-4,6,36,5,27,500,88200,500,31200,213,20700,1786683659738
IMPLOG,leaf,ForkJoinPool-105-worker-6,6,36,5,27,900,89300,500,33300,206,20100,1786683659738
IMPLOG,leaf,ForkJoinPool-105-worker-5,6,36,5,27,2000,90800,500,31600,216,20600,1786683659738
IMPLOG,leaf,ForkJoinPool-105-worker-2,6,36,5,27,2100,86200,500,31900,202,18700,1786683659738
IMPLOG,leaf,ForkJoinPool-105-worker-3,6,36,5,27,800,105600,600,40500,235,23100,1786683659738
IMPLOG,leaf,ForkJoinPool-105-worker-1,6,36,5,27,800,87800,500,34000,186,18600,1786683659738
IMPLOG,leaf,ForkJoinPool-105-worker-6,6,36,5,27,2300,74500,500,26800,193,16900,1786683659738
IMPLOG,scan,main,6,36,5,27,683800,1786683659737
IMPLOG,leaf,ForkJoinPool-105-worker-3,6,36,5,28,2100,105300,600,38800,235,21300,1786683659738
IMPLOG,leaf,ForkJoinPool-105-worker-6,6,36,5,28,1100,110300,600,41000,268,26100,1786683659738
IMPLOG,leaf,ForkJoinPool-105-worker-4,6,36,5,28,900,108600,600,40400,259,24900,1786683659738
IMPLOG,leaf,ForkJoinPool-105-worker-1,6,36,5,28,8500,108100,600,38500,258,24100,1786683659738
IMPLOG,leaf,ForkJoinPool-105-worker-5,6,36,5,28,2400,90500,500,33400,204,18800,1786683659738
IMPLOG,leaf,ForkJoinPool-105-worker-2,6,36,5,28,2400,108700,600,38600,252,24200,1786683659738
IMPLOG,leaf,ForkJoinPool-105-worker-3,6,36,5,28,900,105500,600,40100,242,22800,1786683659738
IMPLOG,leaf,ForkJoinPool-105-worker-5,6,36,5,28,800,90000,500,34400,211,19800,1786683659738
IMPLOG,leaf,ForkJoinPool-105-worker-6,6,36,5,28,2400,108400,600,39200,250,24800,1786683659738
IMPLOG,leaf,ForkJoinPool-105-worker-4,6,36,5,28,2400,105800,600,40600,211,21400,1786683659738
IMPLOG,leaf,ForkJoinPool-105-worker-1,6,36,5,28,1900,107400,600,40300,254,23000,1786683659738
IMPLOG,leaf,ForkJoinPool-105-worker-2,6,36,5,28,800,88600,500,32500,208,19200,1786683659738
IMPLOG,leaf,ForkJoinPool-105-worker-3,6,36,5,28,1000,87400,500,31600,192,17700,1786683659738
IMPLOG,leaf,ForkJoinPool-105-worker-5,6,36,5,28,2200,90100,500,35000,207,20300,1786683659738
IMPLOG,leaf,ForkJoinPool-105-worker-6,6,36,5,28,900,88600,500,33300,208,18500,1786683659738
IMPLOG,leaf,ForkJoinPool-105-worker-4,6,36,5,28,800,87000,500,35500,168,16600,1786683659738
IMPLOG,leaf,ForkJoinPool-105-worker-1,6,36,5,28,700,88400,500,32100,211,19500,1786683659738
IMPLOG,leaf,ForkJoinPool-105-worker-2,6,36,5,28,2100,88800,500,32700,209,19400,1786683659738
IMPLOG,leaf,ForkJoinPool-105-worker-5,6,36,5,28,800,94300,500,28600,207,28000,1786683659739
IMPLOG,leaf,ForkJoinPool-105-worker-6,6,36,5,28,700,95300,500,41000,203,19500,1786683659739
IMPLOG,leaf,ForkJoinPool-105-worker-4,6,36,5,28,2200,95000,500,34100,162,15500,1786683659739
IMPLOG,leaf,ForkJoinPool-105-worker-3,6,36,5,28,2100,124000,500,33300,209,19500,1786683659738
IMPLOG,leaf,ForkJoinPool-105-worker-1,6,36,5,28,2000,103000,500,47200,208,19200,1786683659739
IMPLOG,leaf,ForkJoinPool-105-worker-2,6,36,5,28,800,133300,500,32700,208,64900,1786683659739
IMPLOG,leaf,ForkJoinPool-105-worker-4,6,36,5,28,800,63700,500,23100,166,13400,1786683659739
IMPLOG,leaf,ForkJoinPool-105-worker-5,6,36,5,28,2400,90200,500,32000,222,21100,1786683659739
IMPLOG,leaf,ForkJoinPool-105-worker-6,6,36,5,28,2200,88400,500,33000,204,19000,1786683659739
IMPLOG,leaf,ForkJoinPool-105-worker-3,6,36,5,28,900,87400,500,33600,203,18300,1786683659739
IMPLOG,leaf,ForkJoinPool-105-worker-2,6,36,5,28,7400,89000,500,34300,194,19400,1786683659739
IMPLOG,leaf,ForkJoinPool-105-worker-4,6,36,5,28,500,78500,500,27400,213,19500,1786683659739
IMPLOG,leaf,ForkJoinPool-105-worker-1,6,36,5,28,900,77700,500,29200,197,17400,1786683659739
IMPLOG,leaf,ForkJoinPool-105-worker-5,6,36,5,28,800,87500,500,34100,190,18500,1786683659739
IMPLOG,leaf,ForkJoinPool-105-worker-3,6,36,5,28,2200,87300,500,34400,179,17400,1786683659739
IMPLOG,leaf,ForkJoinPool-105-worker-6,6,36,5,28,800,103800,600,41200,207,20900,1786683659739
IMPLOG,leaf,ForkJoinPool-105-worker-2,6,36,5,28,800,76800,500,26200,216,17700,1786683659739
IMPLOG,leaf,ForkJoinPool-105-worker-1,6,36,5,28,2100,65300,500,23500,209,15600,1786683659739
IMPLOG,scan,main,6,36,5,28,691500,1786683659738
IMPLOG,leaf,ForkJoinPool-105-worker-3,6,36,5,29,2100,92400,600,33800,235,20000,1786683659739
IMPLOG,leaf,ForkJoinPool-105-worker-5,6,36,5,29,6100,72500,600,25200,258,18800,1786683659739
IMPLOG,leaf,ForkJoinPool-105-worker-6,6,36,5,29,1700,115600,600,43000,268,26000,1786683659739
IMPLOG,leaf,ForkJoinPool-105-worker-1,6,36,5,29,4100,113000,600,40700,259,25600,1786683659739
IMPLOG,leaf,ForkJoinPool-105-worker-4,6,36,5,29,8200,91300,500,33900,204,20300,1786683659739
IMPLOG,leaf,ForkJoinPool-105-worker-2,6,36,5,29,3700,89200,500,31800,207,20200,1786683659739
IMPLOG,leaf,ForkJoinPool-105-worker-5,6,36,5,29,1600,72800,600,24600,254,19000,1786683659739
IMPLOG,leaf,ForkJoinPool-105-worker-3,6,36,5,29,900,95400,600,34700,242,18900,1786683659739
IMPLOG,leaf,ForkJoinPool-105-worker-4,6,36,5,29,900,89900,500,33700,211,20100,1786683659739
IMPLOG,leaf,ForkJoinPool-105-worker-2,6,36,5,29,900,88900,500,34900,207,20100,1786683659739
IMPLOG,leaf,ForkJoinPool-105-worker-5,6,36,5,29,500,60100,500,19300,211,16000,1786683659739
IMPLOG,leaf,ForkJoinPool-105-worker-6,6,36,5,29,2200,108100,600,41600,251,23400,1786683659739
IMPLOG,leaf,ForkJoinPool-105-worker-1,6,36,5,29,800,105100,600,41400,211,21400,1786683659739
IMPLOG,leaf,ForkJoinPool-105-worker-3,6,36,5,29,2600,74000,500,25300,192,14400,1786683659739
IMPLOG,leaf,ForkJoinPool-105-worker-5,6,36,5,29,1600,60800,500,20000,222,16200,1786683659739
IMPLOG,leaf,ForkJoinPool-105-worker-4,6,36,5,29,2000,88700,500,33600,208,19400,1786683659739
IMPLOG,leaf,ForkJoinPool-105-worker-3,6,36,5,29,500,60700,500,19600,209,15000,1786683659739
IMPLOG,leaf,ForkJoinPool-105-worker-6,6,36,5,29,800,89800,500,34200,208,20900,1786683659739
IMPLOG,leaf,ForkJoinPool-105-worker-1,6,36,5,29,2100,87400,500,36500,168,16900,1786683659739
IMPLOG,leaf,ForkJoinPool-105-worker-2,6,36,5,29,800,106300,600,39200,252,23100,1786683659739
IMPLOG,leaf,ForkJoinPool-105-worker-1,6,36,5,29,800,85700,500,35200,161,15100,1786683659739
IMPLOG,leaf,ForkJoinPool-105-worker-3,6,36,5,29,9300,87700,500,32100,203,20200,1786683659739
IMPLOG,leaf,ForkJoinPool-105-worker-5,6,36,5,29,1100,88700,500,32500,197,18400,1786683659739
IMPLOG,leaf,ForkJoinPool-105-worker-6,6,36,5,29,8500,88400,500,32500,203,18200,1786683659739
IMPLOG,leaf,ForkJoinPool-105-worker-4,6,36,5,29,2200,102900,600,38600,207,19900,1786683659739
IMPLOG,leaf,ForkJoinPool-105-worker-2,6,36,5,29,2400,90600,500,32000,208,19400,1786683659739
IMPLOG,leaf,ForkJoinPool-105-worker-1,6,36,5,29,2700,87500,500,35000,166,15900,1786683659739
IMPLOG,leaf,ForkJoinPool-105-worker-3,6,36,5,29,800,87100,500,33600,179,17700,1786683659739
IMPLOG,leaf,ForkJoinPool-105-worker-5,6,36,5,29,2500,89300,500,33300,209,20100,1786683659739
IMPLOG,leaf,ForkJoinPool-105-worker-6,6,36,5,29,800,88800,500,32500,204,19300,1786683659739
IMPLOG,leaf,ForkJoinPool-105-worker-4,6,36,5,29,800,88300,500,34000,194,19800,1786683659739
IMPLOG,leaf,ForkJoinPool-105-worker-2,6,36,5,29,800,88900,500,32300,210,20000,1786683659739
IMPLOG,leaf,ForkJoinPool-105-worker-1,6,36,5,29,800,65700,500,23500,208,16300,1786683659739
IMPLOG,leaf,ForkJoinPool-105-worker-4,6,36,5,29,9400,58400,500,19700,190,13800,1786683659739
IMPLOG,leaf,ForkJoinPool-105-worker-3,6,36,5,29,2700,89700,500,32400,213,19800,1786683659739
IMPLOG,leaf,ForkJoinPool-105-worker-5,6,36,5,29,800,91000,500,33300,216,20600,1786683659739
IMPLOG,scan,main,6,36,5,29,657200,1786683659739
IMPLOG,leaf,ForkJoinPool-105-worker-6,6,36,5,30,1900,93800,600,32300,268,20700,1786683659740
IMPLOG,leaf,ForkJoinPool-105-worker-3,6,36,5,30,3700,107900,600,37600,255,23100,1786683659740
IMPLOG,leaf,ForkJoinPool-105-worker-5,6,36,5,30,2300,89700,600,34500,224,19000,1786683659740
IMPLOG,leaf,ForkJoinPool-105-worker-2,6,36,5,30,3100,94500,600,34600,253,21700,1786683659740
IMPLOG,leaf,ForkJoinPool-105-worker-4,6,36,5,30,1000,109700,600,39100,259,24800,1786683659740
IMPLOG,leaf,ForkJoinPool-105-worker-5,6,36,5,30,2500,69600,500,25900,179,14200,1786683659740
IMPLOG,leaf,ForkJoinPool-105-worker-1,6,36,5,30,900,176900,600,32900,258,20600,1786683659740
IMPLOG,leaf,ForkJoinPool-105-worker-2,6,36,5,30,1100,78600,500,29500,213,16800,1786683659740
IMPLOG,leaf,ForkJoinPool-105-worker-3,6,36,5,30,1000,106300,600,38100,255,23300,1786683659740
IMPLOG,leaf,ForkJoinPool-105-worker-6,6,36,5,30,3000,108100,600,32600,262,23400,1786683659740
IMPLOG,leaf,ForkJoinPool-105-worker-4,6,36,5,30,2900,106800,600,40400,237,23500,1786683659740
IMPLOG,leaf,ForkJoinPool-105-worker-5,6,36,5,30,500,65100,500,22700,194,15000,1786683659740
IMPLOG,leaf,ForkJoinPool-105-worker-2,6,36,5,30,600,79100,500,28500,217,18600,1786683659740
IMPLOG,leaf,ForkJoinPool-105-worker-6,6,36,5,30,800,89600,500,27700,214,20200,1786683659740
IMPLOG,leaf,ForkJoinPool-105-worker-3,6,36,5,30,2600,89300,500,33800,209,19800,1786683659740
IMPLOG,leaf,ForkJoinPool-105-worker-5,6,36,5,30,2100,66000,500,23000,218,16200,1786683659740
IMPLOG,leaf,ForkJoinPool-105-worker-4,6,36,5,30,2200,89800,500,33100,194,18700,1786683659740
IMPLOG,leaf,ForkJoinPool-105-worker-1,6,36,5,30,3300,129900,600,32700,258,20900,1786683659740
IMPLOG,leaf,ForkJoinPool-105-worker-6,6,36,5,30,2700,69100,500,22500,221,16800,1786683659740
IMPLOG,leaf,ForkJoinPool-105-worker-2,6,36,5,30,2100,108100,500,26600,217,49000,1786683659740
IMPLOG,leaf,ForkJoinPool-105-worker-5,6,36,5,30,400,73900,500,26400,197,17500,1786683659740
IMPLOG,leaf,ForkJoinPool-105-worker-1,6,36,5,30,1200,64400,500,21600,211,16700,1786683659740
IMPLOG,leaf,ForkJoinPool-105-worker-3,6,36,5,30,800,112600,500,32000,226,21100,1786683659740
IMPLOG,leaf,ForkJoinPool-105-worker-4,6,36,5,30,800,113400,500,31900,190,44300,1786683659740
IMPLOG,leaf,ForkJoinPool-105-worker-5,6,36,5,30,2100,60600,500,20000,219,15100,1786683659740
IMPLOG,leaf,ForkJoinPool-105-worker-1,6,36,5,30,2700,62600,500,21100,212,15400,1786683659740
IMPLOG,leaf,ForkJoinPool-105-worker-6,6,36,5,30,800,90300,500,32800,217,18900,1786683659740
IMPLOG,leaf,ForkJoinPool-105-worker-2,6,36,5,30,1200,81400,500,29800,209,18000,1786683659740
IMPLOG,leaf,ForkJoinPool-105-worker-3,6,36,5,30,1100,88900,500,32900,210,18800,1786683659740
IMPLOG,leaf,ForkJoinPool-105-worker-1,6,36,5,30,500,64800,500,22300,222,16000,1786683659740
IMPLOG,leaf,ForkJoinPool-105-worker-4,6,36,5,30,3300,89400,500,34400,196,18700,1786683659740
IMPLOG,leaf,ForkJoinPool-105-worker-5,6,36,5,30,24100,71100,500,22600,198,14900,1786683659740
IMPLOG,leaf,ForkJoinPool-105-worker-2,6,36,5,30,2800,82800,500,29100,227,19600,1786683659740
IMPLOG,leaf,ForkJoinPool-105-worker-3,6,36,5,30,2100,73100,500,24600,220,17200,1786683659740
IMPLOG,leaf,ForkJoinPool-105-worker-6,6,36,5,30,2300,122300,500,63600,216,20800,1786683659740
IMPLOG,leaf,ForkJoinPool-105-worker-1,6,36,5,30,1700,85600,500,32000,212,19000,1786683659740
IMPLOG,scan,main,6,36,5,30,693100,1786683659740
IMPLOG,leaf,ForkJoinPool-105-worker-3,6,36,5,31,1200,104300,600,37300,255,22600,1786683659740
IMPLOG,leaf,ForkJoinPool-105-worker-4,6,36,5,31,900,90500,500,31500,221,20400,1786683659740
IMPLOG,leaf,ForkJoinPool-105-worker-5,6,36,5,31,900,105300,600,40400,224,20700,1786683659740
IMPLOG,leaf,ForkJoinPool-105-worker-2,6,36,5,31,2600,108000,600,39200,259,24800,1786683659740
IMPLOG,leaf,ForkJoinPool-105-worker-6,6,36,5,31,2300,105500,600,37800,257,24200,1786683659740
IMPLOG,leaf,ForkJoinPool-105-worker-1,6,36,5,31,12600,109200,600,39600,268,25300,1786683659740
IMPLOG,leaf,ForkJoinPool-105-worker-4,6,36,5,31,3100,87900,500,31900,197,18800,1786683659740
IMPLOG,leaf,ForkJoinPool-105-worker-3,6,36,5,31,800,106400,600,39000,255,22800,1786683659740
IMPLOG,leaf,ForkJoinPool-105-worker-5,6,36,5,31,2200,86600,500,33100,179,17100,1786683659740
IMPLOG,leaf,ForkJoinPool-105-worker-2,6,36,5,31,800,106200,600,40600,237,23300,1786683659740
IMPLOG,leaf,ForkJoinPool-105-worker-6,6,36,5,31,800,107700,600,40400,258,24300,1786683659740
IMPLOG,leaf,ForkJoinPool-105-worker-1,6,36,5,31,800,108500,600,38900,261,25100,1786683659740
IMPLOG,leaf,ForkJoinPool-105-worker-4,6,36,5,31,800,89000,500,31400,214,19700,1786683659740
IMPLOG,leaf,ForkJoinPool-105-worker-3,6,36,5,31,2200,89300,500,33200,209,20600,1786683659740
IMPLOG,leaf,ForkJoinPool-105-worker-5,6,36,5,31,800,87400,500,33600,194,17400,1786683659740
IMPLOG,leaf,ForkJoinPool-105-worker-2,6,36,5,31,3100,88800,500,32400,194,19700,1786683659741
IMPLOG,leaf,ForkJoinPool-105-worker-6,6,36,5,31,2300,88700,500,32400,211,19400,1786683659741
IMPLOG,leaf,ForkJoinPool-105-worker-1,6,36,5,31,2400,91700,500,33500,217,22200,1786683659741
IMPLOG,leaf,ForkJoinPool-105-worker-4,6,36,5,31,2300,90800,500,33800,219,21100,1786683659741
IMPLOG,leaf,ForkJoinPool-105-worker-3,6,36,5,31,800,91200,500,32300,226,20600,1786683659741
IMPLOG,leaf,ForkJoinPool-105-worker-5,6,36,5,31,2200,89900,500,32600,218,20600,1786683659741
IMPLOG,leaf,ForkJoinPool-105-worker-2,6,36,5,31,800,85500,500,32500,190,18000,1786683659741
IMPLOG,leaf,ForkJoinPool-105-worker-6,6,36,5,31,800,89700,500,31700,212,19800,1786683659741
IMPLOG,leaf,ForkJoinPool-105-worker-1,6,36,5,31,800,90100,500,33500,216,20400,1786683659741
IMPLOG,leaf,ForkJoinPool-105-worker-3,6,36,5,31,2200,71700,500,26400,209,17500,1786683659741
IMPLOG,leaf,ForkJoinPool-105-worker-4,6,36,5,31,2200,87800,500,33300,198,19100,1786683659741
IMPLOG,leaf,ForkJoinPool-105-worker-2,6,36,5,31,2500,88500,500,33300,196,17700,1786683659741
IMPLOG,leaf,ForkJoinPool-105-worker-6,6,36,5,31,2600,89400,500,31900,222,20000,1786683659741
IMPLOG,leaf,ForkJoinPool-105-worker-5,6,36,5,31,10900,105800,600,38200,254,23400,1786683659741
IMPLOG,leaf,ForkJoinPool-105-worker-3,6,36,5,31,500,78800,500,28300,217,19400,1786683659741
IMPLOG,leaf,ForkJoinPool-105-worker-4,6,36,5,31,900,89700,500,31600,217,20600,1786683659741
IMPLOG,leaf,ForkJoinPool-105-worker-6,6,36,5,31,2800,83100,500,30200,210,18500,1786683659741
IMPLOG,leaf,ForkJoinPool-105-worker-2,6,36,5,31,800,90800,500,31700,213,20500,1786683659741
IMPLOG,leaf,ForkJoinPool-105-worker-1,6,36,5,31,1000,94500,500,33700,226,21000,1786683659741
IMPLOG,leaf,ForkJoinPool-105-worker-5,6,36,5,31,2200,94000,500,33600,220,22300,1786683659741
IMPLOG,leaf,ForkJoinPool-105-worker-3,6,36,5,31,2400,85400,500,29700,212,19200,1786683659741
IMPLOG,scan,main,6,36,5,31,680100,1786683659740
IMPLOG,leaf,ForkJoinPool-105-worker-3,6,36,5,32,1000,105900,600,39800,255,23300,1786683659741
IMPLOG,leaf,ForkJoinPool-105-worker-5,6,36,5,32,2500,110000,600,38300,269,26200,1786683659741
IMPLOG,leaf,ForkJoinPool-105-worker-6,6,36,5,32,900,106800,600,40200,259,24500,1786683659741
IMPLOG,leaf,ForkJoinPool-105-worker-2,6,36,5,32,2700,105800,600,37600,257,24100,1786683659741
IMPLOG,leaf,ForkJoinPool-105-worker-1,6,36,5,32,3900,107800,600,37700,255,22300,1786683659741
IMPLOG,leaf,ForkJoinPool-105-worker-4,6,36,5,32,4500,105800,600,40200,224,21600,1786683659741
IMPLOG,leaf,ForkJoinPool-105-worker-4,6,36,5,32,900,85900,500,32900,179,17300,1786683659741
IMPLOG,leaf,ForkJoinPool-105-worker-1,6,36,5,32,800,88100,500,32200,213,18900,1786683659741
IMPLOG,leaf,ForkJoinPool-105-worker-3,6,36,5,32,900,106600,600,38500,255,23200,1786683659741
IMPLOG,leaf,ForkJoinPool-105-worker-5,6,36,5,32,800,105800,600,36700,261,23500,1786683659741
IMPLOG,leaf,ForkJoinPool-105-worker-6,6,36,5,32,2300,106400,600,39300,238,22300,1786683659741
IMPLOG,leaf,ForkJoinPool-105-worker-2,6,36,5,32,1800,108300,600,40300,258,24600,1786683659741
IMPLOG,leaf,ForkJoinPool-105-worker-4,6,36,5,32,2300,88000,500,34100,194,18300,1786683659741
IMPLOG,leaf,ForkJoinPool-105-worker-1,6,36,5,32,2100,89300,500,32200,217,19800,1786683659741
IMPLOG,leaf,ForkJoinPool-105-worker-3,6,36,5,32,2400,88400,500,32200,209,20300,1786683659741
IMPLOG,leaf,ForkJoinPool-105-worker-5,6,36,5,32,2600,90100,500,31400,214,21600,1786683659741
IMPLOG,leaf,ForkJoinPool-105-worker-6,6,36,5,32,800,90100,500,35200,194,18900,1786683659741
IMPLOG,leaf,ForkJoinPool-105-worker-2,6,36,5,32,900,88300,500,31600,211,19100,1786683659741
IMPLOG,leaf,ForkJoinPool-105-worker-4,6,36,5,32,800,90300,500,33000,218,21400,1786683659741
IMPLOG,leaf,ForkJoinPool-105-worker-1,6,36,5,32,800,89600,500,31800,217,20800,1786683659741
IMPLOG,leaf,ForkJoinPool-105-worker-3,6,36,5,32,800,90700,500,32400,226,21600,1786683659741
IMPLOG,leaf,ForkJoinPool-105-worker-5,6,36,5,32,800,89800,500,32100,220,20300,1786683659741
IMPLOG,leaf,ForkJoinPool-105-worker-6,6,36,5,32,800,88200,500,34400,190,17400,1786683659741
IMPLOG,leaf,ForkJoinPool-105-worker-2,6,36,5,32,2900,88600,500,34200,212,19900,1786683659741
IMPLOG,leaf,ForkJoinPool-105-worker-4,6,36,5,32,2300,87800,500,32500,197,19000,1786683659741
IMPLOG,leaf,ForkJoinPool-105-worker-1,6,36,5,32,2000,90100,500,34100,209,19100,1786683659741
IMPLOG,leaf,ForkJoinPool-105-worker-3,6,36,5,32,800,91000,500,34200,217,20800,1786683659741
IMPLOG,leaf,ForkJoinPool-105-worker-5,6,36,5,32,2000,89600,500,33500,196,19400,1786683659741
IMPLOG,leaf,ForkJoinPool-105-worker-2,6,36,5,32,800,90000,500,32000,222,21400,1786683659741
IMPLOG,leaf,ForkJoinPool-105-worker-6,6,36,5,32,15500,88900,500,32900,211,19700,1786683659741
IMPLOG,leaf,ForkJoinPool-105-worker-3,6,36,5,32,2200,63300,500,21200,216,16500,1786683659741
IMPLOG,leaf,ForkJoinPool-105-worker-4,6,36,5,32,800,89700,500,30900,226,20400,1786683659741
IMPLOG,leaf,ForkJoinPool-105-worker-1,6,36,5,32,2100,90300,500,33000,219,20800,1786683659741
IMPLOG,leaf,ForkJoinPool-105-worker-2,6,36,5,32,2400,89600,500,33600,212,20500,1786683659741
IMPLOG,leaf,ForkJoinPool-105-worker-6,6,36,5,32,800,90300,500,32900,220,20500,1786683659741
IMPLOG,leaf,ForkJoinPool-105-worker-3,6,36,5,32,500,65700,500,23000,198,14500,1786683659742
IMPLOG,scan,main,6,36,5,32,688800,1786683659741
IMPLOG,leaf,ForkJoinPool-105-worker-3,6,36,5,33,900,107100,600,39700,255,23500,1786683659742
IMPLOG,leaf,ForkJoinPool-105-worker-2,6,36,5,33,700,90600,500,32900,226,21700,1786683659742
IMPLOG,leaf,ForkJoinPool-105-worker-4,6,36,5,33,1000,90100,500,32300,218,21000,1786683659742
IMPLOG,leaf,ForkJoinPool-105-worker-5,6,36,5,33,2300,108500,600,36600,269,25700,1786683659742
IMPLOG,leaf,ForkJoinPool-105-worker-6,6,36,5,33,3100,106700,600,38300,257,23400,1786683659742
IMPLOG,leaf,ForkJoinPool-105-worker-1,6,36,5,33,900,108100,600,38300,255,24400,1786683659742
IMPLOG,leaf,ForkJoinPool-105-worker-2,6,36,5,33,2300,89700,500,33000,209,20300,1786683659742
IMPLOG,leaf,ForkJoinPool-105-worker-4,6,36,5,33,7900,90800,500,33400,217,20500,1786683659742
IMPLOG,leaf,ForkJoinPool-105-worker-1,6,36,5,33,2300,88100,500,30600,213,19100,1786683659742
IMPLOG,leaf,ForkJoinPool-105-worker-3,6,36,5,33,2200,106800,600,39900,255,24000,1786683659742
IMPLOG,leaf,ForkJoinPool-105-worker-5,6,36,5,33,800,107400,600,39600,261,24000,1786683659742
IMPLOG,leaf,ForkJoinPool-105-worker-6,6,36,5,33,700,107800,600,38800,258,24600,1786683659742
IMPLOG,leaf,ForkJoinPool-105-worker-2,6,36,5,33,800,89600,500,32500,209,20500,1786683659742
IMPLOG,leaf,ForkJoinPool-105-worker-4,6,36,5,33,800,88700,500,32500,211,19600,1786683659742
IMPLOG,leaf,ForkJoinPool-105-worker-1,6,36,5,33,800,89500,500,32900,212,19200,1786683659742
IMPLOG,leaf,ForkJoinPool-105-worker-3,6,36,5,33,800,90500,500,32200,226,21900,1786683659742
IMPLOG,leaf,ForkJoinPool-105-worker-5,6,36,5,33,2200,88900,500,31700,214,20500,1786683659742
IMPLOG,leaf,ForkJoinPool-105-worker-6,6,36,5,33,800,88300,500,31600,211,19400,1786683659742
IMPLOG,leaf,ForkJoinPool-105-worker-1,6,36,5,33,2900,66900,500,22500,222,17400,1786683659742
IMPLOG,leaf,ForkJoinPool-105-worker-2,6,36,5,33,900,89500,500,32100,212,19700,1786683659742
IMPLOG,leaf,ForkJoinPool-105-worker-4,6,36,5,33,1900,89500,500,32700,220,20500,1786683659742
IMPLOG,leaf,ForkJoinPool-105-worker-5,6,36,5,33,800,89800,500,32700,220,20900,1786683659742
IMPLOG,leaf,ForkJoinPool-105-worker-3,6,36,5,33,3400,106900,600,38200,259,23600,1786683659742
IMPLOG,leaf,ForkJoinPool-105-worker-1,6,36,5,33,2000,63400,500,21800,217,15300,1786683659742
IMPLOG,leaf,ForkJoinPool-105-worker-2,6,36,5,33,2200,62300,500,22500,190,15700,1786683659742
IMPLOG,leaf,ForkJoinPool-105-worker-5,6,36,5,33,800,87800,500,33200,197,19200,1786683659742
IMPLOG,leaf,ForkJoinPool-105-worker-1,6,36,5,33,600,60300,500,19100,216,16600,1786683659742
IMPLOG,leaf,ForkJoinPool-105-worker-2,6,36,5,33,800,59800,500,19000,196,13700,1786683659742
IMPLOG,leaf,ForkJoinPool-105-worker-3,6,36,5,33,800,107200,600,40500,238,22600,1786683659742
IMPLOG,leaf,ForkJoinPool-105-worker-1,6,36,5,33,800,60000,500,19600,219,15500,1786683659742
IMPLOG,leaf,ForkJoinPool-105-worker-2,6,36,5,33,2300,59700,500,21800,194,14300,1786683659742
IMPLOG,leaf,ForkJoinPool-105-worker-5,6,36,5,33,2000,105600,600,42200,224,21000,1786683659742
IMPLOG,leaf,ForkJoinPool-105-worker-3,6,36,5,33,800,87100,500,32800,192,17800,1786683659742
IMPLOG,leaf,ForkJoinPool-105-worker-2,6,36,5,33,400,60300,500,20100,218,15100,1786683659742
IMPLOG,leaf,ForkJoinPool-105-worker-1,6,36,5,33,10400,58400,500,20700,198,14000,1786683659742
IMPLOG,leaf,ForkJoinPool-105-worker-5,6,36,5,33,800,77000,500,28300,179,16000,1786683659742
IMPLOG,scan,main,6,36,5,33,712000,1786683659742
IMPLOG,leaf,ForkJoinPool-105-worker-3,6,36,5,34,2400,105200,600,40100,244,22700,1786683659742
IMPLOG,leaf,ForkJoinPool-105-worker-1,6,36,5,34,2800,89000,500,32200,218,19900,1786683659742
IMPLOG,leaf,ForkJoinPool-105-worker-5,6,36,5,34,2800,106700,600,39800,268,24300,1786683659742
IMPLOG,leaf,ForkJoinPool-105-worker-6,6,36,5,34,2500,106100,600,39200,251,23500,1786683659742
IMPLOG,leaf,ForkJoinPool-105-worker-4,6,36,5,34,2200,105800,600,39400,257,23100,1786683659742
IMPLOG,leaf,ForkJoinPool-105-worker-2,6,36,5,34,2700,107300,600,40400,252,23400,1786683659742
IMPLOG,leaf,ForkJoinPool-105-worker-1,6,36,5,34,800,89100,500,32400,207,18300,1786683659742
IMPLOG,leaf,ForkJoinPool-105-worker-3,6,36,5,34,900,104400,600,38800,242,22300,1786683659742
IMPLOG,leaf,ForkJoinPool-105-worker-2,6,36,5,34,900,89500,500,33500,208,18900,1786683659742
IMPLOG,leaf,ForkJoinPool-105-worker-5,6,36,5,34,2200,106500,600,39300,261,23100,1786683659742
IMPLOG,leaf,ForkJoinPool-105-worker-6,6,36,5,34,800,105200,600,41400,227,21700,1786683659742
IMPLOG,leaf,ForkJoinPool-105-worker-4,6,36,5,34,800,107200,600,39200,256,23700,1786683659742
IMPLOG,leaf,ForkJoinPool-105-worker-1,6,36,5,34,700,90200,500,32800,210,21000,1786683659743
IMPLOG,leaf,ForkJoinPool-105-worker-3,6,36,5,34,2800,87600,500,32400,205,20200,1786683659743
IMPLOG,leaf,ForkJoinPool-105-worker-2,6,36,5,34,800,90000,500,32500,226,22300,1786683659743
IMPLOG,leaf,ForkJoinPool-105-worker-5,6,36,5,34,800,88700,500,32600,214,21300,1786683659743
IMPLOG,leaf,ForkJoinPool-105-worker-4,6,36,5,34,2500,85800,500,29900,211,19100,1786683659743
IMPLOG,leaf,ForkJoinPool-105-worker-6,6,36,5,34,2200,116100,500,63000,182,17900,1786683659743
IMPLOG,leaf,ForkJoinPool-105-worker-1,6,36,5,34,2200,89800,500,33500,216,20000,1786683659743
IMPLOG,leaf,ForkJoinPool-105-worker-3,6,36,5,34,2400,88900,500,34500,211,21100,1786683659743
IMPLOG,leaf,ForkJoinPool-105-worker-2,6,36,5,34,800,89000,500,32800,203,19300,1786683659743
IMPLOG,leaf,ForkJoinPool-105-worker-5,6,36,5,34,800,89500,500,31100,217,20800,1786683659743
IMPLOG,leaf,ForkJoinPool-105-worker-4,6,36,5,34,600,85900,500,31700,209,18900,1786683659743
IMPLOG,leaf,ForkJoinPool-105-worker-6,6,36,5,34,800,86800,500,32700,179,17300,1786683659743
IMPLOG,leaf,ForkJoinPool-105-worker-1,6,36,5,34,800,89200,500,31900,222,20900,1786683659743
IMPLOG,leaf,ForkJoinPool-105-worker-3,6,36,5,34,800,89000,500,30700,220,20200,1786683659743
IMPLOG,leaf,ForkJoinPool-105-worker-4,6,36,5,34,2400,89000,500,31100,222,20700,1786683659743
IMPLOG,leaf,ForkJoinPool-105-worker-2,6,36,5,34,7500,90000,500,33300,226,20800,1786683659743
IMPLOG,leaf,ForkJoinPool-105-worker-5,6,36,5,34,9100,87700,500,33400,193,19300,1786683659743
IMPLOG,leaf,ForkJoinPool-105-worker-6,6,36,5,34,800,82300,500,30700,189,17200,1786683659743
IMPLOG,leaf,ForkJoinPool-105-worker-1,6,36,5,34,2200,86200,500,32300,190,17400,1786683659743
IMPLOG,leaf,ForkJoinPool-105-worker-3,6,36,5,34,900,102700,600,40300,192,19700,1786683659743
IMPLOG,leaf,ForkJoinPool-105-worker-2,6,36,5,34,2000,89400,500,32400,209,19300,1786683659743
IMPLOG,leaf,ForkJoinPool-105-worker-5,6,36,5,34,2400,86300,500,33400,176,17500,1786683659743
IMPLOG,leaf,ForkJoinPool-105-worker-6,6,36,5,34,2200,57000,500,22200,162,11600,1786683659743
IMPLOG,leaf,ForkJoinPool-105-worker-1,6,36,5,34,800,71600,500,24500,214,17300,1786683659743
IMPLOG,scan,main,6,36,5,34,732200,1786683659742
IMPLOG,leaf,ForkJoinPool-105-worker-2,6,36,5,35,900,87100,500,33400,176,17700,1786683659743
IMPLOG,leaf,ForkJoinPool-105-worker-3,6,36,5,35,2400,106500,600,40900,244,22500,1786683659743
IMPLOG,leaf,ForkJoinPool-105-worker-4,6,36,5,35,3300,107000,600,37400,268,24300,1786683659743
IMPLOG,leaf,ForkJoinPool-105-worker-1,6,36,5,35,2200,102600,600,40600,191,19300,1786683659743
IMPLOG,leaf,ForkJoinPool-105-worker-6,6,36,5,35,1900,106000,600,39000,251,22400,1786683659743
IMPLOG,leaf,ForkJoinPool-105-worker-5,6,36,5,35,4500,105600,600,37700,258,22700,1786683659743
IMPLOG,leaf,ForkJoinPool-105-worker-2,6,36,5,35,2100,88200,500,32400,214,19700,1786683659743
IMPLOG,leaf,ForkJoinPool-105-worker-1,6,36,5,35,800,84100,500,32500,162,15600,1786683659743
IMPLOG,leaf,ForkJoinPool-105-worker-3,6,36,5,35,800,106500,600,41200,242,22800,1786683659743
IMPLOG,leaf,ForkJoinPool-105-worker-4,6,36,5,35,900,108200,600,40000,261,24600,1786683659743
IMPLOG,leaf,ForkJoinPool-105-worker-5,6,36,5,35,700,106600,600,39000,256,22600,1786683659743
IMPLOG,leaf,ForkJoinPool-105-worker-6,6,36,5,35,2600,105800,600,39300,227,21800,1786683659743
IMPLOG,leaf,ForkJoinPool-105-worker-1,6,36,5,35,800,89900,500,32500,217,20700,1786683659743
IMPLOG,leaf,ForkJoinPool-105-worker-2,6,36,5,35,2200,106600,600,39200,252,22900,1786683659743
IMPLOG,leaf,ForkJoinPool-105-worker-3,6,36,5,35,2300,88100,500,32200,205,19100,1786683659743
IMPLOG,leaf,ForkJoinPool-105-worker-4,6,36,5,35,2000,89300,500,32000,214,20200,1786683659743
IMPLOG,leaf,ForkJoinPool-105-worker-6,6,36,5,35,700,87500,500,33200,182,17100,1786683659743
IMPLOG,leaf,ForkJoinPool-105-worker-5,6,36,5,35,2200,87700,500,31600,211,17600,1786683659743
IMPLOG,leaf,ForkJoinPool-105-worker-1,6,36,5,35,2300,87300,500,32200,193,19400,1786683659743
IMPLOG,leaf,ForkJoinPool-105-worker-2,6,36,5,35,800,88100,500,33300,208,18000,1786683659743
IMPLOG,leaf,ForkJoinPool-105-worker-3,6,36,5,35,800,89600,500,32200,226,20100,1786683659743
IMPLOG,leaf,ForkJoinPool-105-worker-4,6,36,5,35,900,89000,500,33900,209,18500,1786683659743
IMPLOG,leaf,ForkJoinPool-105-worker-5,6,36,5,35,800,89200,500,32400,209,18900,1786683659743
IMPLOG,leaf,ForkJoinPool-105-worker-6,6,36,5,35,800,89700,500,33900,178,17100,1786683659743
IMPLOG,leaf,ForkJoinPool-105-worker-1,6,36,5,35,800,90600,500,33600,222,21300,1786683659743
IMPLOG,leaf,ForkJoinPool-105-worker-2,6,36,5,35,2600,88800,500,30000,218,20600,1786683659744
IMPLOG,leaf,ForkJoinPool-105-worker-3,6,36,5,35,2300,88600,500,33100,203,18600,1786683659744
IMPLOG,leaf,ForkJoinPool-105-worker-4,6,36,5,35,2400,89800,500,32100,216,20700,1786683659744
IMPLOG,leaf,ForkJoinPool-105-worker-6,6,36,5,35,2000,88200,500,34700,189,17600,1786683659744
IMPLOG,leaf,ForkJoinPool-105-worker-5,6,36,5,35,2200,89400,500,31100,222,20000,1786683659744
IMPLOG,leaf,ForkJoinPool-105-worker-3,6,36,5,35,2200,63300,500,21200,210,14900,1786683659744
IMPLOG,leaf,ForkJoinPool-105-worker-5,6,36,5,35,800,62600,500,21400,227,16400,1786683659744
IMPLOG,leaf,ForkJoinPool-105-worker-1,6,36,5,35,2200,87000,500,33700,190,18100,1786683659744
IMPLOG,leaf,ForkJoinPool-105-worker-2,6,36,5,35,800,88300,500,33300,207,19300,1786683659744
IMPLOG,leaf,ForkJoinPool-105-worker-3,6,36,5,35,500,69500,500,21900,220,16800,1786683659744
IMPLOG,leaf,ForkJoinPool-105-worker-5,6,36,5,35,1800,64400,500,21200,209,15400,1786683659744
IMPLOG,scan,main,6,36,5,35,665500,1786683659743
IMPLOG,leaf,ForkJoinPool-105-worker-3,6,36,5,36,3500,104700,600,38900,244,21000,1786683659744
IMPLOG,leaf,ForkJoinPool-105-worker-1,6,36,5,36,600,60100,500,19300,219,15900,1786683659744
IMPLOG,leaf,ForkJoinPool-105-worker-4,6,36,5,36,2900,107400,600,39300,269,23700,1786683659744
IMPLOG,leaf,ForkJoinPool-105-worker-5,6,36,5,36,1900,72200,600,23700,258,19400,1786683659744
IMPLOG,leaf,ForkJoinPool-105-worker-6,6,36,5,36,1900,105400,600,41900,191,19500,1786683659744
IMPLOG,leaf,ForkJoinPool-105-worker-2,6,36,5,36,2200,108200,600,39900,250,24600,1786683659744
IMPLOG,leaf,ForkJoinPool-105-worker-1,6,36,5,36,2200,57700,500,20400,193,13900,1786683659744
IMPLOG,leaf,ForkJoinPool-105-worker-5,6,36,5,36,500,72600,600,25500,256,19200,1786683659744
IMPLOG,leaf,ForkJoinPool-105-worker-3,6,36,5,36,2200,105400,600,39700,242,22100,1786683659744
IMPLOG,leaf,ForkJoinPool-105-worker-4,6,36,5,36,800,107000,600,39000,261,23800,1786683659744
IMPLOG,leaf,ForkJoinPool-105-worker-1,6,36,5,36,400,59600,500,19700,214,14500,1786683659744
IMPLOG,leaf,ForkJoinPool-105-worker-6,6,36,5,36,1100,84300,500,33300,163,16000,1786683659744
IMPLOG,leaf,ForkJoinPool-105-worker-5,6,36,5,36,1800,60000,500,21500,212,15700,1786683659744
IMPLOG,leaf,ForkJoinPool-105-worker-2,6,36,5,36,2800,105100,600,40200,221,21700,1786683659744
IMPLOG,leaf,ForkJoinPool-105-worker-1,6,36,5,36,400,59300,500,21200,211,15300,1786683659744
IMPLOG,leaf,ForkJoinPool-105-worker-3,6,36,5,36,700,88200,500,31100,205,18700,1786683659744
IMPLOG,leaf,ForkJoinPool-105-worker-4,6,36,5,36,2800,86700,500,33600,176,17400,1786683659744
IMPLOG,leaf,ForkJoinPool-105-worker-5,6,36,5,36,500,60100,500,19000,209,15700,1786683659744
IMPLOG,leaf,ForkJoinPool-105-worker-6,6,36,5,36,8400,90900,500,33400,210,20600,1786683659744
IMPLOG,leaf,ForkJoinPool-105-worker-1,6,36,5,36,600,59900,500,20300,222,15500,1786683659744
IMPLOG,leaf,ForkJoinPool-105-worker-2,6,36,5,36,800,87500,500,34100,182,18000,1786683659744
IMPLOG,leaf,ForkJoinPool-105-worker-5,6,36,5,36,1600,60900,500,20600,223,16500,1786683659744
IMPLOG,leaf,ForkJoinPool-105-worker-3,6,36,5,36,2100,90200,500,33300,226,21100,1786683659744
IMPLOG,leaf,ForkJoinPool-105-worker-4,6,36,5,36,800,90000,500,31700,215,20800,1786683659744
IMPLOG,leaf,ForkJoinPool-105-worker-1,6,36,5,36,7300,58000,500,20800,177,14100,1786683659744
IMPLOG,leaf,ForkJoinPool-105-worker-6,6,36,5,36,800,86300,500,33600,191,17800,1786683659744
IMPLOG,leaf,ForkJoinPool-105-worker-2,6,36,5,36,2400,85600,500,33100,189,18000,1786683659744
IMPLOG,leaf,ForkJoinPool-105-worker-5,6,36,5,36,1600,59700,500,21200,210,15500,1786683659744
IMPLOG,leaf,ForkJoinPool-105-worker-3,6,36,5,36,700,72900,500,25200,203,16900,1786683659744
IMPLOG,leaf,ForkJoinPool-105-worker-5,6,36,5,36,400,79200,500,27900,220,18800,1786683659744
IMPLOG,leaf,ForkJoinPool-105-worker-1,6,36,5,36,2300,88600,500,32500,224,19300,1786683659744
IMPLOG,leaf,ForkJoinPool-105-worker-6,6,36,5,36,2300,87600,500,33100,209,19400,1786683659744
IMPLOG,leaf,ForkJoinPool-105-worker-4,6,36,5,36,10300,77500,500,27100,208,17400,1786683659744
IMPLOG,leaf,ForkJoinPool-105-worker-3,6,36,5,36,2700,89500,500,33200,218,20800,1786683659744
IMPLOG,leaf,ForkJoinPool-105-worker-2,6,36,5,36,900,106500,600,40700,254,23400,1786683659744
IMPLOG,leaf,ForkJoinPool-105-worker-6,6,36,5,36,900,63500,500,22900,205,14800,1786683659744
IMPLOG,scan,main,6,36,5,36,661700,1786683659744
IMPLOG,leaf,ForkJoinPool-105-worker-5,6,36,5,37,1800,62100,500,21800,210,15600,1786683659744
IMPLOG,leaf,ForkJoinPool-105-worker-3,6,36,5,37,2900,105300,600,38100,244,22200,1786683659744
IMPLOG,leaf,ForkJoinPool-105-worker-2,6,36,5,37,900,107400,600,38200,269,24800,1786683659744
IMPLOG,leaf,ForkJoinPool-105-worker-1,6,36,5,37,2700,74600,500,25600,209,18500,1786683659744
IMPLOG,leaf,ForkJoinPool-105-worker-4,6,36,5,37,5100,109600,600,41900,250,24400,1786683659744
IMPLOG,leaf,ForkJoinPool-105-worker-6,6,36,5,37,4200,110900,600,40300,257,23800,1786683659744
IMPLOG,leaf,ForkJoinPool-105-worker-5,6,36,5,37,500,60300,500,18900,220,15000,1786683659745
IMPLOG,leaf,ForkJoinPool-105-worker-1,6,36,5,37,500,60200,500,20800,223,16400,1786683659745
IMPLOG,leaf,ForkJoinPool-105-worker-3,6,36,5,37,800,104900,600,39900,242,22100,1786683659745
IMPLOG,leaf,ForkJoinPool-105-worker-2,6,36,5,37,2400,106500,600,39100,261,23900,1786683659745
IMPLOG,leaf,ForkJoinPool-105-worker-5,6,36,5,37,900,61000,500,20200,224,16000,1786683659745
IMPLOG,leaf,ForkJoinPool-105-worker-1,6,36,5,37,1400,59400,500,19700,212,15400,1786683659745
IMPLOG,leaf,ForkJoinPool-105-worker-4,6,36,5,37,800,105600,600,41200,221,20800,1786683659745
IMPLOG,leaf,ForkJoinPool-105-worker-6,6,36,5,37,800,106700,600,38100,256,23600,1786683659745
IMPLOG,leaf,ForkJoinPool-105-worker-5,6,36,5,37,1400,60000,500,20000,209,14100,1786683659745
IMPLOG,leaf,ForkJoinPool-105-worker-3,6,36,5,37,2200,88500,500,31800,205,19500,1786683659745
IMPLOG,leaf,ForkJoinPool-105-worker-1,6,36,5,37,500,67100,600,24900,191,14600,1786683659745
IMPLOG,leaf,ForkJoinPool-105-worker-2,6,36,5,37,800,89800,500,32500,214,20600,1786683659745
IMPLOG,leaf,ForkJoinPool-105-worker-4,6,36,5,37,2100,71100,500,26600,182,14600,1786683659745
IMPLOG,leaf,ForkJoinPool-105-worker-5,6,36,5,37,500,58200,500,20000,175,13100,1786683659745
IMPLOG,leaf,ForkJoinPool-105-worker-1,6,36,5,37,1600,56200,500,20400,163,12300,1786683659745
IMPLOG,leaf,ForkJoinPool-105-worker-3,6,36,5,37,800,89900,500,30900,226,21000,1786683659745
IMPLOG,leaf,ForkJoinPool-105-worker-6,6,36,5,37,900,105800,600,38500,254,22500,1786683659745
IMPLOG,leaf,ForkJoinPool-105-worker-2,6,36,5,37,2300,89900,500,32700,220,20500,1786683659745
IMPLOG,leaf,ForkJoinPool-105-worker-5,6,36,5,37,1600,59500,500,19900,211,14400,1786683659745
IMPLOG,leaf,ForkJoinPool-105-worker-4,6,36,5,37,2200,86200,500,32600,177,16800,1786683659745
IMPLOG,leaf,ForkJoinPool-105-worker-3,6,36,5,37,1200,88100,500,32300,203,18700,1786683659745
IMPLOG,leaf,ForkJoinPool-105-worker-2,6,36,5,37,800,85300,500,32700,193,16900,1786683659745
IMPLOG,leaf,ForkJoinPool-105-worker-6,6,36,5,37,2400,87800,500,33100,205,18800,1786683659745
IMPLOG,leaf,ForkJoinPool-105-worker-4,6,36,5,37,800,88600,500,35700,189,18300,1786683659745
IMPLOG,leaf,ForkJoinPool-105-worker-5,6,36,5,37,700,90100,500,32000,218,21200,1786683659745
IMPLOG,leaf,ForkJoinPool-105-worker-1,6,36,5,37,1000,88600,500,33000,208,19500,1786683659745
IMPLOG,leaf,ForkJoinPool-105-worker-4,6,36,5,37,1700,60000,500,20800,191,14500,1786683659745
IMPLOG,leaf,ForkJoinPool-105-worker-1,6,36,5,37,2400,64500,500,20900,215,15900,1786683659745
IMPLOG,leaf,ForkJoinPool-105-worker-3,6,36,5,37,1800,89500,500,32200,210,19900,1786683659745
IMPLOG,leaf,ForkJoinPool-105-worker-2,6,36,5,37,1000,90200,500,33400,222,21100,1786683659745
IMPLOG,scan,main,6,36,5,37,643900,1786683659744
IMPLOG,leaf,ForkJoinPool-105-worker-3,6,36,5,38,1000,106800,600,39800,249,23500,1786683659745
IMPLOG,leaf,ForkJoinPool-105-worker-2,6,36,5,38,2400,108400,600,37600,269,25700,1786683659745
IMPLOG,leaf,ForkJoinPool-105-worker-5,6,36,5,38,2400,86800,500,32800,181,18700,1786683659745
IMPLOG,leaf,ForkJoinPool-105-worker-6,6,36,5,38,800,103100,600,40600,202,20200,1786683659745
IMPLOG,leaf,ForkJoinPool-105-worker-1,6,36,5,38,4000,111900,600,41800,257,23900,1786683659745
IMPLOG,leaf,ForkJoinPool-105-worker-4,6,36,5,38,1900,115400,600,42100,253,25700,1786683659745
IMPLOG,leaf,ForkJoinPool-105-worker-3,6,36,5,38,2300,106400,600,40100,246,21700,1786683659745
IMPLOG,leaf,ForkJoinPool-105-worker-5,6,36,5,38,800,87800,500,32900,213,19700,1786683659745
IMPLOG,leaf,ForkJoinPool-105-worker-2,6,36,5,38,800,107000,600,38600,261,23300,1786683659745
IMPLOG,leaf,ForkJoinPool-105-worker-6,6,36,5,38,2800,84900,500,32500,166,16000,1786683659745
IMPLOG,leaf,ForkJoinPool-105-worker-4,6,36,5,38,2400,105700,600,40700,224,21500,1786683659745
IMPLOG,leaf,ForkJoinPool-105-worker-1,6,36,5,38,700,107500,600,41100,257,23600,1786683659745
IMPLOG,leaf,ForkJoinPool-105-worker-3,6,36,5,38,2200,88100,500,33300,206,18700,1786683659745
IMPLOG,leaf,ForkJoinPool-105-worker-5,6,36,5,38,800,89400,500,32900,218,19200,1786683659745
IMPLOG,leaf,ForkJoinPool-105-worker-2,6,36,5,38,2800,89500,500,33100,214,20000,1786683659745
IMPLOG,leaf,ForkJoinPool-105-worker-6,6,36,5,38,800,90600,500,32100,220,20700,1786683659745
IMPLOG,leaf,ForkJoinPool-105-worker-4,6,36,5,38,700,89000,500,33600,186,17900,1786683659745
IMPLOG,leaf,ForkJoinPool-105-worker-1,6,36,5,38,2200,88900,500,32700,212,19000,1786683659745
IMPLOG,leaf,ForkJoinPool-105-worker-3,6,36,5,38,800,89700,500,31900,226,20100,1786683659745
IMPLOG,leaf,ForkJoinPool-105-worker-5,6,36,5,38,2700,89900,500,32000,220,20500,1786683659745
IMPLOG,leaf,ForkJoinPool-105-worker-2,6,36,5,38,800,89900,500,31900,212,20000,1786683659745
IMPLOG,leaf,ForkJoinPool-105-worker-6,6,36,5,38,1900,87300,500,32200,194,18100,1786683659745
IMPLOG,leaf,ForkJoinPool-105-worker-4,6,36,5,38,800,87500,500,34000,185,17200,1786683659745
IMPLOG,leaf,ForkJoinPool-105-worker-1,6,36,5,38,800,88600,500,32500,211,19000,1786683659745
IMPLOG,leaf,ForkJoinPool-105-worker-3,6,36,5,38,2200,87600,500,31500,206,18600,1786683659745
IMPLOG,leaf,ForkJoinPool-105-worker-5,6,36,5,38,800,90000,500,33600,224,20800,1786683659745
IMPLOG,leaf,ForkJoinPool-105-worker-2,6,36,5,38,900,89200,500,32500,215,20000,1786683659745
IMPLOG,leaf,ForkJoinPool-105-worker-6,6,36,5,38,2100,90600,500,32200,222,21400,1786683659745
IMPLOG,leaf,ForkJoinPool-105-worker-4,6,36,5,38,2200,89200,500,33600,193,18200,1786683659746
IMPLOG,leaf,ForkJoinPool-105-worker-1,6,36,5,38,2300,89300,500,32800,223,19300,1786683659746
IMPLOG,leaf,ForkJoinPool-105-worker-5,6,36,5,38,2200,65200,500,23800,209,16500,1786683659746
IMPLOG,leaf,ForkJoinPool-105-worker-3,6,36,5,38,700,105400,600,40000,255,23000,1786683659746
IMPLOG,leaf,ForkJoinPool-105-worker-2,6,36,5,38,2300,87100,500,33800,195,17600,1786683659746
IMPLOG,leaf,ForkJoinPool-105-worker-5,6,36,5,38,700,89400,500,31600,218,20600,1786683659746
IMPLOG,leaf,ForkJoinPool-105-worker-1,6,36,5,38,900,89400,500,33700,208,20000,1786683659746
IMPLOG,leaf,ForkJoinPool-105-worker-3,6,36,5,38,2100,71000,500,24500,209,15900,1786683659746
IMPLOG,scan,main,6,36,5,38,708700,1786683659745
IMPLOG,leaf,ForkJoinPool-105-worker-3,6,36,5,39,2300,106300,600,39700,249,22700,1786683659746
IMPLOG,leaf,ForkJoinPool-105-worker-6,6,36,5,39,800,90000,500,33000,222,20700,1786683659746
IMPLOG,leaf,ForkJoinPool-105-worker-1,6,36,5,39,2400,91100,500,34400,212,20700,1786683659746
IMPLOG,leaf,ForkJoinPool-105-worker-4,6,36,5,39,1000,88400,500,35000,185,18900,1786683659746
IMPLOG,leaf,ForkJoinPool-105-worker-5,6,36,5,39,1000,107500,600,40000,269,24200,1786683659746
IMPLOG,leaf,ForkJoinPool-105-worker-2,6,36,5,39,2300,108300,600,39800,253,25200,1786683659746
IMPLOG,leaf,ForkJoinPool-105-worker-6,6,36,5,39,2200,86700,500,32500,195,18300,1786683659746
IMPLOG,leaf,ForkJoinPool-105-worker-1,6,36,5,39,2500,88900,500,33000,215,19800,1786683659746
IMPLOG,leaf,ForkJoinPool-105-worker-4,6,36,5,39,3800,88800,500,33900,193,17900,1786683659746
IMPLOG,leaf,ForkJoinPool-105-worker-3,6,36,5,39,800,105800,600,39400,246,22700,1786683659746
IMPLOG,leaf,ForkJoinPool-105-worker-5,6,36,5,39,2300,107400,600,40300,261,22800,1786683659746
IMPLOG,leaf,ForkJoinPool-105-worker-2,6,36,5,39,2200,105800,600,39200,224,21600,1786683659746
IMPLOG,leaf,ForkJoinPool-105-worker-1,6,36,5,39,800,72900,500,27000,186,15200,1786683659746
IMPLOG,leaf,ForkJoinPool-105-worker-4,6,36,5,39,800,89600,500,32400,220,20200,1786683659746
IMPLOG,leaf,ForkJoinPool-105-worker-6,6,36,5,39,800,102700,600,39800,202,19400,1786683659746
IMPLOG,leaf,ForkJoinPool-105-worker-3,6,36,5,39,2800,87900,500,33700,206,19200,1786683659746
IMPLOG,leaf,ForkJoinPool-105-worker-5,6,36,5,39,800,89100,500,32000,214,20100,1786683659746
IMPLOG,leaf,ForkJoinPool-105-worker-2,6,36,5,39,1000,87600,500,33500,181,18600,1786683659746
IMPLOG,leaf,ForkJoinPool-105-worker-4,6,36,5,39,2100,86700,500,32800,194,18300,1786683659746
IMPLOG,leaf,ForkJoinPool-105-worker-1,6,36,5,39,2100,102000,600,36400,257,22200,1786683659746
IMPLOG,leaf,ForkJoinPool-105-worker-6,6,36,5,39,2500,84800,500,32700,166,14700,1786683659746
IMPLOG,leaf,ForkJoinPool-105-worker-3,6,36,5,39,800,89500,500,31400,226,21200,1786683659746
IMPLOG,leaf,ForkJoinPool-105-worker-5,6,36,5,39,2300,89300,500,32000,213,20200,1786683659746
IMPLOG,leaf,ForkJoinPool-105-worker-4,6,36,5,39,2200,77800,500,26200,218,17900,1786683659746
IMPLOG,leaf,ForkJoinPool-105-worker-3,6,36,5,39,2300,87800,500,30900,206,19200,1786683659746
IMPLOG,leaf,ForkJoinPool-105-worker-1,6,36,5,39,500,93400,600,34300,256,20800,1786683659746
IMPLOG,leaf,ForkJoinPool-105-worker-2,6,36,5,39,900,88500,500,31100,211,19300,1786683659746
IMPLOG,leaf,ForkJoinPool-105-worker-6,6,36,5,39,1100,90100,500,32700,224,20500,1786683659746
IMPLOG,leaf,ForkJoinPool-105-worker-5,6,36,5,39,900,105400,600,39200,255,23300,1786683659746
IMPLOG,leaf,ForkJoinPool-105-worker-4,6,36,5,39,800,89000,500,30800,220,19700,1786683659746
IMPLOG,leaf,ForkJoinPool-105-worker-1,6,36,5,39,900,87500,500,31100,212,19200,1786683659746
IMPLOG,leaf,ForkJoinPool-105-worker-3,6,36,5,39,2300,89000,500,32700,218,20900,1786683659746
IMPLOG,leaf,ForkJoinPool-105-worker-6,6,36,5,39,8100,70400,500,25000,209,16900,1786683659746
IMPLOG,leaf,ForkJoinPool-105-worker-2,6,36,5,39,2600,90600,500,31400,223,20900,1786683659746
IMPLOG,leaf,ForkJoinPool-105-worker-5,6,36,5,39,800,74000,500,26500,208,16800,1786683659746
IMPLOG,leaf,ForkJoinPool-105-worker-3,6,36,5,39,800,71600,500,24800,209,17300,1786683659746
IMPLOG,scan,main,6,36,5,39,690200,1786683659746
IMPLOG,leaf,ForkJoinPool-105-worker-3,6,36,5,40,2300,105000,600,40200,249,22700,1786683659746
IMPLOG,leaf,ForkJoinPool-105-worker-5,6,36,5,40,1000,107300,600,39500,269,25200,1786683659746
IMPLOG,leaf,ForkJoinPool-105-worker-1,6,36,5,40,3200,109700,600,40400,258,24400,1786683659746
IMPLOG,leaf,ForkJoinPool-105-worker-2,6,36,5,40,2400,108300,600,40600,257,24500,1786683659746
IMPLOG,leaf,ForkJoinPool-105-worker-4,6,36,5,40,1800,91200,500,31700,225,20300,1786683659747
IMPLOG,leaf,ForkJoinPool-105-worker-6,6,36,5,40,4100,89400,500,33300,218,20000,1786683659747
IMPLOG,leaf,ForkJoinPool-105-worker-3,6,36,5,40,800,103900,600,38100,246,23100,1786683659747
IMPLOG,leaf,ForkJoinPool-105-worker-2,6,36,5,40,2400,88100,500,32300,208,19700,1786683659747
IMPLOG,leaf,ForkJoinPool-105-worker-6,6,36,5,40,700,89300,500,30900,218,21800,1786683659747
IMPLOG,leaf,ForkJoinPool-105-worker-4,6,36,5,40,7200,87800,500,33100,205,19000,1786683659747
IMPLOG,leaf,ForkJoinPool-105-worker-5,6,36,5,40,800,106900,600,39800,261,24600,1786683659747
IMPLOG,leaf,ForkJoinPool-105-worker-1,6,36,5,40,800,106600,600,39600,254,23900,1786683659747
IMPLOG,leaf,ForkJoinPool-105-worker-3,6,36,5,40,8300,88400,500,32500,208,20100,1786683659747
IMPLOG,leaf,ForkJoinPool-105-worker-2,6,36,5,40,800,88100,500,32000,217,19600,1786683659747
IMPLOG,leaf,ForkJoinPool-105-worker-6,6,36,5,40,2200,90200,500,33300,224,20600,1786683659747
IMPLOG,leaf,ForkJoinPool-105-worker-4,6,36,5,40,1900,89200,500,33500,208,19400,1786683659747
IMPLOG,leaf,ForkJoinPool-105-worker-1,6,36,5,40,2800,88200,500,32000,212,19600,1786683659747
IMPLOG,leaf,ForkJoinPool-105-worker-5,6,36,5,40,2400,89900,500,33300,215,20800,1786683659747
IMPLOG,leaf,ForkJoinPool-105-worker-2,6,36,5,40,2000,88900,500,33700,209,19500,1786683659747
IMPLOG,leaf,ForkJoinPool-105-worker-4,6,36,5,40,800,90100,500,33600,213,20500,1786683659747
IMPLOG,leaf,ForkJoinPool-105-worker-1,6,36,5,40,800,89100,500,32600,212,20000,1786683659747
IMPLOG,leaf,ForkJoinPool-105-worker-5,6,36,5,40,2000,90600,500,33500,220,21000,1786683659747
IMPLOG,leaf,ForkJoinPool-105-worker-3,6,36,5,40,2600,108300,600,39800,259,25500,1786683659747
IMPLOG,leaf,ForkJoinPool-105-worker-6,6,36,5,40,900,90200,500,33800,223,20600,1786683659747
IMPLOG,leaf,ForkJoinPool-105-worker-2,6,36,5,40,2100,86500,500,34100,185,17500,1786683659747
IMPLOG,leaf,ForkJoinPool-105-worker-4,6,36,5,40,3300,89300,500,33900,215,20300,1786683659747
IMPLOG,leaf,ForkJoinPool-105-worker-5,6,36,5,40,800,87500,500,33200,194,18600,1786683659747
IMPLOG,leaf,ForkJoinPool-105-worker-1,6,36,5,40,900,80800,500,31200,189,17000,1786683659747
IMPLOG,leaf,ForkJoinPool-105-worker-6,6,36,5,40,2300,89200,500,33400,193,18700,1786683659747
IMPLOG,leaf,ForkJoinPool-105-worker-3,6,36,5,40,900,105800,600,40200,231,21400,1786683659747
IMPLOG,leaf,ForkJoinPool-105-worker-1,6,36,5,40,1700,84400,500,31000,195,17500,1786683659747
IMPLOG,leaf,ForkJoinPool-105-worker-4,6,36,5,40,2100,89600,500,31400,222,19200,1786683659747
IMPLOG,leaf,ForkJoinPool-105-worker-6,6,36,5,40,2200,86700,500,33600,188,19000,1786683659747
IMPLOG,leaf,ForkJoinPool-105-worker-2,6,36,5,40,1000,83400,500,33000,166,15400,1786683659747
IMPLOG,leaf,ForkJoinPool-105-worker-5,6,36,5,40,2600,101700,600,41300,199,18000,1786683659747
IMPLOG,leaf,ForkJoinPool-105-worker-3,6,36,5,40,2200,90300,500,32800,218,21400,1786683659747
IMPLOG,scan,main,6,36,5,40,660500,1786683659746
IMPLOG,leaf,ForkJoinPool-105-worker-3,6,36,5,41,2500,104100,600,39200,247,23200,1786683659747
IMPLOG,leaf,ForkJoinPool-105-worker-1,6,36,5,41,500,60900,500,20200,225,15200,1786683659747
IMPLOG,leaf,ForkJoinPool-105-worker-4,6,36,5,41,500,72200,600,24600,259,18500,1786683659747
IMPLOG,leaf,ForkJoinPool-105-worker-5,6,36,5,41,2800,106700,600,37700,269,25100,1786683659747
IMPLOG,leaf,ForkJoinPool-105-worker-6,6,36,5,41,2500,109900,600,39400,256,24100,1786683659747
IMPLOG,leaf,ForkJoinPool-105-worker-2,6,36,5,41,8800,109000,600,39500,258,24600,1786683659747
IMPLOG,leaf,ForkJoinPool-105-worker-1,6,36,5,41,1600,59000,500,19300,204,15600,1786683659747
IMPLOG,leaf,ForkJoinPool-105-worker-4,6,36,5,41,2000,70600,600,24200,231,16400,1786683659747
IMPLOG,leaf,ForkJoinPool-105-worker-3,6,36,5,41,800,104700,600,39800,244,22000,1786683659747
IMPLOG,leaf,ForkJoinPool-105-worker-1,6,36,5,41,400,59300,500,19600,206,15700,1786683659747
IMPLOG,leaf,ForkJoinPool-105-worker-5,6,36,5,41,800,107400,600,40000,261,23600,1786683659747
IMPLOG,leaf,ForkJoinPool-105-worker-6,6,36,5,41,2200,88300,500,31700,209,20200,1786683659747
IMPLOG,leaf,ForkJoinPool-105-worker-4,6,36,5,41,500,59400,500,20100,188,13500,1786683659747
IMPLOG,leaf,ForkJoinPool-105-worker-2,6,36,5,41,800,106000,600,38500,253,22800,1786683659747
IMPLOG,leaf,ForkJoinPool-105-worker-1,6,36,5,41,2100,60400,500,20700,222,15300,1786683659747
IMPLOG,leaf,ForkJoinPool-105-worker-3,6,36,5,41,2100,90300,500,34200,213,20500,1786683659747
IMPLOG,leaf,ForkJoinPool-105-worker-4,6,36,5,41,1600,58000,500,21400,185,13100,1786683659747
IMPLOG,leaf,ForkJoinPool-105-worker-5,6,36,5,41,2400,89300,500,32400,215,20000,1786683659747
IMPLOG,leaf,ForkJoinPool-105-worker-6,6,36,5,41,800,88600,500,32700,217,20000,1786683659747
IMPLOG,leaf,ForkJoinPool-105-worker-1,6,36,5,41,400,57200,500,19300,194,13600,1786683659747
IMPLOG,leaf,ForkJoinPool-105-worker-2,6,36,5,41,2200,88000,500,31600,213,19600,1786683659747
IMPLOG,leaf,ForkJoinPool-105-worker-4,6,36,5,41,1400,59800,500,22100,193,14200,1786683659747
IMPLOG,leaf,ForkJoinPool-105-worker-3,6,36,5,41,800,92900,500,35200,216,21000,1786683659747
IMPLOG,leaf,ForkJoinPool-105-worker-1,6,36,5,41,400,60100,500,20500,217,14800,1786683659748
IMPLOG,leaf,ForkJoinPool-105-worker-5,6,36,5,41,700,89100,500,31600,220,20300,1786683659747
IMPLOG,leaf,ForkJoinPool-105-worker-6,6,36,5,41,2300,89300,500,34400,208,18700,1786683659747
IMPLOG,leaf,ForkJoinPool-105-worker-4,6,36,5,41,600,68000,600,25900,198,14000,1786683659748
IMPLOG,leaf,ForkJoinPool-105-worker-2,6,36,5,41,2200,89100,500,33200,211,19200,1786683659748
IMPLOG,leaf,ForkJoinPool-105-worker-1,6,36,5,41,1500,59900,500,19200,218,16000,1786683659748
IMPLOG,leaf,ForkJoinPool-105-worker-3,6,36,5,41,900,87300,500,33200,188,18200,1786683659748
IMPLOG,leaf,ForkJoinPool-105-worker-5,6,36,5,41,2200,86700,500,32600,194,17800,1786683659748
IMPLOG,leaf,ForkJoinPool-105-worker-4,6,36,5,41,2100,56900,500,20600,166,12100,1786683659748
IMPLOG,leaf,ForkJoinPool-105-worker-6,6,36,5,41,800,89100,500,32200,217,19400,1786683659748
IMPLOG,leaf,ForkJoinPool-105-worker-1,6,36,5,41,400,59800,500,19400,224,15000,1786683659748
IMPLOG,leaf,ForkJoinPool-105-worker-2,6,36,5,41,700,84500,500,30600,223,20100,1786683659748
IMPLOG,leaf,ForkJoinPool-105-worker-3,6,36,5,41,2100,66100,500,23200,208,17000,1786683659748
IMPLOG,scan,main,6,36,5,41,599200,1786683659747
IMPLOG,leaf,ForkJoinPool-105-worker-3,6,36,5,42,800,105900,600,38700,247,23300,1786683659748
IMPLOG,leaf,ForkJoinPool-105-worker-4,6,36,5,42,800,89000,500,30900,225,20400,1786683659748
IMPLOG,leaf,ForkJoinPool-105-worker-1,6,36,5,42,2300,90000,500,31900,217,20600,1786683659748
IMPLOG,leaf,ForkJoinPool-105-worker-5,6,36,5,42,2800,107300,600,38200,270,24400,1786683659748
IMPLOG,leaf,ForkJoinPool-105-worker-6,6,36,5,42,900,105600,600,39500,258,23300,1786683659748
IMPLOG,leaf,ForkJoinPool-105-worker-2,6,36,5,42,2500,106100,600,39300,256,23400,1786683659748
IMPLOG,leaf,ForkJoinPool-105-worker-4,6,36,5,42,2500,89100,500,34100,204,19800,1786683659748
IMPLOG,leaf,ForkJoinPool-105-worker-1,6,36,5,42,800,89200,500,33300,208,19600,1786683659748
IMPLOG,leaf,ForkJoinPool-105-worker-2,6,36,5,42,700,87800,500,32800,209,19600,1786683659748
IMPLOG,leaf,ForkJoinPool-105-worker-3,6,36,5,42,2400,106500,600,40200,244,24200,1786683659748
IMPLOG,leaf,ForkJoinPool-105-worker-5,6,36,5,42,900,107700,600,37900,261,25400,1786683659748
IMPLOG,leaf,ForkJoinPool-105-worker-6,6,36,5,42,2400,106500,600,39800,253,24000,1786683659748
IMPLOG,leaf,ForkJoinPool-105-worker-4,6,36,5,42,800,87600,500,32100,206,18900,1786683659748
IMPLOG,leaf,ForkJoinPool-105-worker-2,6,36,5,42,2200,89600,500,32600,217,20000,1786683659748
IMPLOG,leaf,ForkJoinPool-105-worker-3,6,36,5,42,2200,102400,600,40200,198,19100,1786683659748
IMPLOG,leaf,ForkJoinPool-105-worker-5,6,36,5,42,2200,89400,500,31700,215,19600,1786683659748
IMPLOG,leaf,ForkJoinPool-105-worker-1,6,36,5,42,7200,107400,600,39300,259,24500,1786683659748
IMPLOG,leaf,ForkJoinPool-105-worker-6,6,36,5,42,800,88800,500,32400,213,19900,1786683659748
IMPLOG,leaf,ForkJoinPool-105-worker-4,6,36,5,42,900,87400,500,33500,188,18300,1786683659748
IMPLOG,leaf,ForkJoinPool-105-worker-2,6,36,5,42,800,89200,500,32400,218,20200,1786683659748
IMPLOG,leaf,ForkJoinPool-105-worker-3,6,36,5,42,800,84900,500,34300,166,15800,1786683659748
IMPLOG,leaf,ForkJoinPool-105-worker-5,6,36,5,42,900,89800,500,32900,220,21500,1786683659748
IMPLOG,leaf,ForkJoinPool-105-worker-6,6,36,5,42,2100,89500,500,33800,211,19500,1786683659748
IMPLOG,leaf,ForkJoinPool-105-worker-1,6,36,5,42,2100,106900,600,41100,232,23000,1786683659748
IMPLOG,leaf,ForkJoinPool-105-worker-4,6,36,5,42,2600,89900,500,32800,217,19900,1786683659748
IMPLOG,leaf,ForkJoinPool-105-worker-2,6,36,5,42,800,90200,500,32000,224,21000,1786683659748
IMPLOG,leaf,ForkJoinPool-105-worker-3,6,36,5,42,2800,87200,500,33000,194,18400,1786683659748
IMPLOG,leaf,ForkJoinPool-105-worker-5,6,36,5,42,2000,89600,500,31300,223,20800,1786683659748
IMPLOG,leaf,ForkJoinPool-105-worker-6,6,36,5,42,2100,89900,500,33000,213,19600,1786683659748
IMPLOG,leaf,ForkJoinPool-105-worker-1,6,36,5,42,900,89600,500,34300,188,19300,1786683659748
IMPLOG,leaf,ForkJoinPool-105-worker-4,6,36,5,42,700,86600,500,33900,185,16900,1786683659748
IMPLOG,leaf,ForkJoinPool-105-worker-5,6,36,5,42,900,60400,500,19700,222,15700,1786683659748
IMPLOG,leaf,ForkJoinPool-105-worker-2,6,36,5,42,1900,89600,500,32200,208,19800,1786683659748
IMPLOG,leaf,ForkJoinPool-105-worker-6,6,36,5,42,800,86500,500,32100,216,19900,1786683659748
IMPLOG,leaf,ForkJoinPool-105-worker-1,6,36,5,42,2900,87700,500,34600,193,18100,1786683659748
IMPLOG,leaf,ForkJoinPool-105-worker-4,6,36,5,42,6600,78100,500,27900,194,16600,1786683659748
IMPLOG,scan,main,6,36,5,42,708200,1786683659748
IMPLOG,leaf,ForkJoinPool-105-worker-3,6,36,5,43,2600,105100,600,39700,247,22700,1786683659748
IMPLOG,leaf,ForkJoinPool-105-worker-4,6,36,5,43,800,88400,500,32900,211,19600,1786683659748
IMPLOG,leaf,ForkJoinPool-105-worker-6,6,36,5,43,7700,88100,500,31400,217,19700,1786683659748
IMPLOG,leaf,ForkJoinPool-105-worker-5,6,36,5,43,900,107900,600,38800,270,24400,1786683659748
IMPLOG,leaf,ForkJoinPool-105-worker-2,6,36,5,43,2100,105600,600,36700,258,23400,1786683659748
IMPLOG,leaf,ForkJoinPool-105-worker-1,6,36,5,43,1900,107800,600,38500,259,24500,1786683659748
IMPLOG,leaf,ForkJoinPool-105-worker-4,6,36,5,43,2600,89100,500,32200,223,20900,1786683659749
IMPLOG,leaf,ForkJoinPool-105-worker-6,6,36,5,43,800,88800,500,32700,218,19800,1786683659749
IMPLOG,leaf,ForkJoinPool-105-worker-3,6,36,5,43,800,104500,600,38900,244,22300,1786683659749
IMPLOG,leaf,ForkJoinPool-105-worker-1,6,36,5,43,800,105700,600,40300,234,22900,1786683659749
IMPLOG,leaf,ForkJoinPool-105-worker-5,6,36,5,43,8700,106700,600,40600,262,24200,1786683659749
IMPLOG,leaf,ForkJoinPool-105-worker-2,6,36,5,43,2400,106600,600,40800,253,22800,1786683659749
IMPLOG,leaf,ForkJoinPool-105-worker-4,6,36,5,43,800,87900,500,31700,213,19500,1786683659749
IMPLOG,leaf,ForkJoinPool-105-worker-6,6,36,5,43,2700,90000,500,31700,224,21100,1786683659749
IMPLOG,leaf,ForkJoinPool-105-worker-3,6,36,5,43,7300,88500,500,32700,206,19700,1786683659749
IMPLOG,leaf,ForkJoinPool-105-worker-1,6,36,5,43,2200,87600,500,32100,191,17700,1786683659749
IMPLOG,leaf,ForkJoinPool-105-worker-5,6,36,5,43,800,89700,500,33600,215,20300,1786683659749
IMPLOG,leaf,ForkJoinPool-105-worker-2,6,36,5,43,700,88900,500,33700,209,19900,1786683659749
IMPLOG,leaf,ForkJoinPool-105-worker-4,6,36,5,43,800,88300,600,34400,198,16500,1786683659749
IMPLOG,leaf,ForkJoinPool-105-worker-3,6,36,5,43,800,89600,500,31100,225,20500,1786683659749
IMPLOG,leaf,ForkJoinPool-105-worker-1,6,36,5,43,800,87000,500,34600,186,18000,1786683659749
IMPLOG,leaf,ForkJoinPool-105-worker-5,6,36,5,43,2300,90000,500,32900,220,20600,1786683659749
IMPLOG,leaf,ForkJoinPool-105-worker-6,6,36,5,43,800,90100,500,35300,213,20200,1786683659749
IMPLOG,leaf,ForkJoinPool-105-worker-2,6,36,5,43,900,105600,600,38400,256,22400,1786683659749
IMPLOG,leaf,ForkJoinPool-105-worker-4,6,36,5,43,2400,85400,500,35000,166,15700,1786683659749
IMPLOG,leaf,ForkJoinPool-105-worker-3,6,36,5,43,2200,87900,500,31900,204,19700,1786683659749
IMPLOG,leaf,ForkJoinPool-105-worker-1,6,36,5,43,2300,88900,500,34000,193,18500,1786683659749
IMPLOG,leaf,ForkJoinPool-105-worker-5,6,36,5,43,700,87300,500,33600,193,18100,1786683659749
IMPLOG,leaf,ForkJoinPool-105-worker-6,6,36,5,43,2500,89500,500,32500,216,20900,1786683659749
IMPLOG,leaf,ForkJoinPool-105-worker-2,6,36,5,43,2800,88500,500,32800,210,19400,1786683659749
IMPLOG,leaf,ForkJoinPool-105-worker-4,6,36,5,43,700,86900,500,32200,187,16500,1786683659749
IMPLOG,leaf,ForkJoinPool-105-worker-3,6,36,5,43,800,89100,500,33300,217,19600,1786683659749
IMPLOG,leaf,ForkJoinPool-105-worker-1,6,36,5,43,800,89600,500,32600,222,20700,1786683659749
IMPLOG,leaf,ForkJoinPool-105-worker-5,6,36,5,43,2200,87700,500,32500,217,20000,1786683659749
IMPLOG,leaf,ForkJoinPool-105-worker-6,6,36,5,43,2200,85700,500,33100,195,19100,1786683659749
IMPLOG,leaf,ForkJoinPool-105-worker-2,6,36,5,43,700,73500,500,27000,208,17800,1786683659749
IMPLOG,scan,main,6,36,5,43,681300,1786683659748
IMPLOG,leaf,ForkJoinPool-105-worker-3,6,36,5,44,1800,107000,600,40500,245,22200,1786683659749
IMPLOG,leaf,ForkJoinPool-105-worker-2,6,36,5,44,2600,88900,500,33200,188,18100,1786683659749
IMPLOG,leaf,ForkJoinPool-105-worker-6,6,36,5,44,800,91600,500,34000,217,19400,1786683659749
IMPLOG,leaf,ForkJoinPool-105-worker-4,6,36,5,44,1000,107800,600,38000,270,26100,1786683659749
IMPLOG,leaf,ForkJoinPool-105-worker-1,6,36,5,44,3900,101900,600,40800,198,18400,1786683659749
IMPLOG,leaf,ForkJoinPool-105-worker-5,6,36,5,44,3500,107800,600,40400,259,23500,1786683659749
IMPLOG,leaf,ForkJoinPool-105-worker-5,6,36,5,44,900,71200,600,24300,234,17400,1786683659749
IMPLOG,leaf,ForkJoinPool-105-worker-2,6,36,5,44,900,85300,500,35000,166,15900,1786683659749
IMPLOG,leaf,ForkJoinPool-105-worker-3,6,36,5,44,2300,107000,600,39500,244,22500,1786683659749
IMPLOG,leaf,ForkJoinPool-105-worker-6,6,36,5,44,2300,105000,600,37700,258,23600,1786683659749
IMPLOG,leaf,ForkJoinPool-105-worker-4,6,36,5,44,2300,108200,600,38800,262,24500,1786683659749
IMPLOG,leaf,ForkJoinPool-105-worker-5,6,36,5,44,2200,81700,500,29300,191,18000,1786683659749
IMPLOG,leaf,ForkJoinPool-105-worker-1,6,36,5,44,2400,88700,500,32400,215,20400,1786683659749
IMPLOG,leaf,ForkJoinPool-105-worker-3,6,36,5,44,900,88700,500,32700,207,18500,1786683659749
IMPLOG,leaf,ForkJoinPool-105-worker-2,6,36,5,44,7600,89800,500,32600,220,19900,1786683659749
IMPLOG,leaf,ForkJoinPool-105-worker-4,6,36,5,44,800,89900,500,33400,213,19700,1786683659749
IMPLOG,leaf,ForkJoinPool-105-worker-6,6,36,5,44,900,106500,600,39100,254,23500,1786683659749
IMPLOG,leaf,ForkJoinPool-105-worker-5,6,36,5,44,800,87500,500,34200,186,18000,1786683659749
IMPLOG,leaf,ForkJoinPool-105-worker-3,6,36,5,44,2200,89200,500,30900,225,20200,1786683659749
IMPLOG,leaf,ForkJoinPool-105-worker-2,6,36,5,44,2200,87500,500,32900,193,19700,1786683659749
IMPLOG,leaf,ForkJoinPool-105-worker-1,6,36,5,44,800,92300,500,33000,222,20400,1786683659749
IMPLOG,leaf,ForkJoinPool-105-worker-4,6,36,5,44,2200,88900,500,31600,216,20200,1786683659749
IMPLOG,leaf,ForkJoinPool-105-worker-6,6,36,5,44,2500,88800,500,31700,212,18700,1786683659749
IMPLOG,leaf,ForkJoinPool-105-worker-5,6,36,5,44,2600,88400,500,32800,193,19000,1786683659750
IMPLOG,leaf,ForkJoinPool-105-worker-3,6,36,5,44,800,66100,500,21600,204,15900,1786683659750
IMPLOG,leaf,ForkJoinPool-105-worker-1,6,36,5,44,2100,80600,500,31100,195,17600,1786683659750
IMPLOG,leaf,ForkJoinPool-105-worker-2,6,36,5,44,800,88700,500,32700,217,18700,1786683659750
IMPLOG,leaf,ForkJoinPool-105-worker-6,6,36,5,44,2200,89200,500,33300,211,19000,1786683659750
IMPLOG,leaf,ForkJoinPool-105-worker-3,6,36,5,44,500,95500,600,34400,256,22400,1786683659750
IMPLOG,leaf,ForkJoinPool-105-worker-1,6,36,5,44,400,85000,500,29900,223,19500,1786683659750
IMPLOG,leaf,ForkJoinPool-105-worker-2,6,36,5,44,2200,89900,500,31900,218,19500,1786683659750
IMPLOG,leaf,ForkJoinPool-105-worker-5,6,36,5,44,2300,89900,500,31700,224,20200,1786683659750
IMPLOG,leaf,ForkJoinPool-105-worker-4,6,36,5,44,1000,89700,500,32800,217,21300,1786683659750
IMPLOG,leaf,ForkJoinPool-105-worker-6,6,36,5,44,800,84100,500,31200,209,18800,1786683659750
IMPLOG,leaf,ForkJoinPool-105-worker-3,6,36,5,44,2100,76300,500,26700,210,16800,1786683659750
IMPLOG,leaf,ForkJoinPool-105-worker-1,6,36,5,44,2200,73800,500,25800,208,16700,1786683659750
IMPLOG,scan,main,6,36,5,44,690700,1786683659749
IMPLOG,leaf,ForkJoinPool-105-worker-3,6,36,5,45,800,106600,600,40300,245,23900,1786683659750
IMPLOG,leaf,ForkJoinPool-105-worker-5,6,36,5,45,900,87400,500,33500,188,17800,1786683659750
IMPLOG,leaf,ForkJoinPool-105-worker-4,6,36,5,45,1000,109300,600,39900,270,26300,1786683659750
IMPLOG,leaf,ForkJoinPool-105-worker-2,6,36,5,45,900,102600,600,39600,198,19300,1786683659750
IMPLOG,leaf,ForkJoinPool-105-worker-1,6,36,5,45,3700,109900,600,40400,259,24700,1786683659750
IMPLOG,leaf,ForkJoinPool-105-worker-6,6,36,5,45,4200,107400,600,38900,258,24600,1786683659750
IMPLOG,leaf,ForkJoinPool-105-worker-5,6,36,5,45,3000,88800,500,32700,216,19500,1786683659750
IMPLOG,leaf,ForkJoinPool-105-worker-2,6,36,5,45,2200,84400,500,34300,166,14600,1786683659750
IMPLOG,leaf,ForkJoinPool-105-worker-3,6,36,5,45,800,105800,600,38900,244,22600,1786683659750
IMPLOG,leaf,ForkJoinPool-105-worker-4,6,36,5,45,2800,107500,600,38100,262,24700,1786683659750
IMPLOG,leaf,ForkJoinPool-105-worker-1,6,36,5,45,800,106800,600,40900,235,23100,1786683659750
IMPLOG,leaf,ForkJoinPool-105-worker-6,6,36,5,45,700,106200,600,39400,254,22600,1786683659750
IMPLOG,leaf,ForkJoinPool-105-worker-5,6,36,5,45,800,90400,500,32000,220,21600,1786683659750
IMPLOG,leaf,ForkJoinPool-105-worker-2,6,36,5,45,900,89800,500,31700,215,21200,1786683659750
IMPLOG,leaf,ForkJoinPool-105-worker-3,6,36,5,45,2700,88600,500,33000,207,18600,1786683659750
IMPLOG,leaf,ForkJoinPool-105-worker-4,6,36,5,45,800,86800,500,32800,192,17900,1786683659750
IMPLOG,leaf,ForkJoinPool-105-worker-6,6,36,5,45,2100,88100,500,32000,212,18800,1786683659750
IMPLOG,leaf,ForkJoinPool-105-worker-1,6,36,5,45,8500,89600,500,33600,191,19200,1786683659750
IMPLOG,leaf,ForkJoinPool-105-worker-5,6,36,5,45,2400,89400,500,34600,213,20000,1786683659750
IMPLOG,leaf,ForkJoinPool-105-worker-2,6,36,5,45,800,88500,500,34900,186,18100,1786683659750
IMPLOG,leaf,ForkJoinPool-105-worker-3,6,36,5,45,800,90300,500,31800,225,21100,1786683659750
IMPLOG,leaf,ForkJoinPool-105-worker-4,6,36,5,45,2100,91000,500,33200,222,20900,1786683659750
IMPLOG,leaf,ForkJoinPool-105-worker-6,6,36,5,45,2100,89400,500,32300,211,19100,1786683659750
IMPLOG,leaf,ForkJoinPool-105-worker-1,6,36,5,45,800,89500,500,33500,194,19100,1786683659750
IMPLOG,leaf,ForkJoinPool-105-worker-3,6,36,5,45,2200,65700,500,23500,204,16200,1786683659750
IMPLOG,leaf,ForkJoinPool-105-worker-5,6,36,5,45,2200,89200,500,31500,216,19200,1786683659750
IMPLOG,leaf,ForkJoinPool-105-worker-2,6,36,5,45,2600,87600,500,33600,196,17900,1786683659750
IMPLOG,leaf,ForkJoinPool-105-worker-6,6,36,5,45,800,64300,500,21800,223,16200,1786683659750
IMPLOG,leaf,ForkJoinPool-105-worker-3,6,36,5,45,500,94900,600,34000,256,21200,1786683659750
IMPLOG,leaf,ForkJoinPool-105-worker-2,6,36,5,45,500,87000,500,30200,224,20800,1786683659750
IMPLOG,leaf,ForkJoinPool-105-worker-6,6,36,5,45,2200,89100,500,32900,215,20200,1786683659750
IMPLOG,leaf,ForkJoinPool-105-worker-5,6,36,5,45,800,86000,500,31300,218,19100,1786683659750
IMPLOG,leaf,ForkJoinPool-105-worker-1,6,36,5,45,2200,84400,500,31900,209,19100,1786683659750
IMPLOG,leaf,ForkJoinPool-105-worker-4,6,36,5,45,900,90200,500,31800,217,21500,1786683659750
IMPLOG,leaf,ForkJoinPool-105-worker-3,6,36,5,45,3200,75000,500,25300,210,18200,1786683659750
IMPLOG,leaf,ForkJoinPool-105-worker-5,6,36,5,45,2200,67400,500,23000,208,14600,1786683659750
IMPLOG,scan,main,6,36,5,45,695700,1786683659750
   [N=200 스레드 6 분할 36 워커별 CPU 장부] 활동 워커 6개, CPU 합 1390625000ns
      ForkJoinPool-106-worker-1        265625000 ns  (19.1%)
      ForkJoinPool-106-worker-3        250000000 ns  (18.0%)
      ForkJoinPool-106-worker-2        218750000 ns  (15.7%)
      ForkJoinPool-106-worker-4        218750000 ns  (15.7%)
      ForkJoinPool-106-worker-5        218750000 ns  (15.7%)
      ForkJoinPool-106-worker-6        218750000 ns  (15.7%)
      최대/최소 = 1.21배 (1.0에 가까울수록 고르게 분배, 클수록 쏠림)


[구간 시각 · 임시] 14:01:00.170246700 끝 · 병렬도 6 분할 36


[기타 자바 스레드 목록] main도 ForkJoinPool 워커도 아닌 Java 스레드. 이번 실행의 모든 측정을 합쳤다.
      id |                                   이름 |    누적 CPU(ns) |  잡힌 횟수
---------+-　　-----------------------------------+-　　------------+-　　　　--
      15 | 　　                JFR Periodic Tasks | 　　   15625000 | 　　　　 1
  스레드 1개, 누적 CPU 합 15625000ns

BUILD SUCCESSFUL in 12s
4 actionable tasks: 1 executed, 3 up-to-date
오후 2:01:00: Execution finished ':com.exercisemanagement.challenge.service.ImproveCpuUtilizationProbe.main()'.
